"","X2017_CPH12_S57","X2017_CPH15_S59","X2017_CPH17_S61","X2017_CPH24_S64","X2017_CPH3_S66","X2017_CPH31_S68","X2017_CPH32_S69","X2017_CPH33_S70","X2017_CPH34_S71","X2017_CPH36_S72","X2017_CPH37_S73","X2017_CPH40_S75","X2017_CPH41_S76","X2017_CPH44_S78","X2017_CPH48_S79","X2017_CPH50_S81","X2017_CPH61_S84","X2017_CPH67_S85","X2017_CPH68_S86","X2017_CPH77_S89","X2017_CPH79_S90","X2017_CPH82_S92","X2017_CPH86_S93","X2017_CPH87_S94","X2017_CPH88_S95","X2017_CPH9_S96","X2017_CPH90_S97","X2020_t0_CPH19_S107","X2020_t0_CPH28_S115","X2020_t0_CPH29_S116","X2020_t0_CPH32_S120","X2020_t0_CPH39_S127","X2020_t0_CPH42_S131","X2020_t0_CPH67_S158","X2020_t0_CPH69_S160","X2020_t0_CPH72_S164","X2020_t0_CPH73_S165","X2020_t0_CPH78_S170","X2020_t0_CPH91_S185","X17_18_001WR_S4","X17_18_003TB_S5","X17_18_005JB_S6","X17_18_011AS_S7","X17_18_016AB_S10","X17_18_017AF_S11","X17_18_018SD_S12","X17_18_020DH_S13","X17_18_021KD_S14","X17_18_022MB_S15","X17_18_026SM_S17","X17_18_027PL_S18","X17_18_028LB_S19","X17_18_029AS_S20","X17_18_034MJC_S25","X17_18_037SD_S27","X17_18_039DK_S29","X17_18_041JW_S31","X17_18_044JC_S33","X17_18_046IC_S34","X17_18_047AJ_S35","X17_18_050JMC_S38","X17_18_054RT_S42","X17_18_055GP_S43","X17_19_059OC_S45","X17_19_061LC_S46","X17_18_032AM_S23","X17_18_049CS_S37","X17_20_072CS_S53","X17_18_025MA_S16","X17_18_040RO_S30","X17_19_064WC_S47"
"hsa-let-7a-5p",488053,647843,437587,309342,406761,691043,312991,305599,943800,610896,204533,564385,392521,392544,742980,734995,374763,584093,101520,254820,304733,471350,328942,226219,361833,388172,156252,287471,156020,259231,156054,175082,109997,182423,132691,195904,233171,330898,331567,81396,214081,208753,95234,55898,133388,381040,69639,106021,72609,309434,343615,369167,257512,70086,560031,74399,377777,341143,149604,96231,110221,57541,68421,143894,122421,151252,80694,105750,168556,454409,50175
"hsa-let-7b-5p",201137,210782,156177,130775,163118,229646,124081,129499,268134,232363,84738,222169,165744,160987,263259,230279,174786,235110,56250,93438,128197,168376,153863,117555,152071,126978,103709,135676,91014,110641,88025,109214,67048,117895,77525,117270,121612,201405,231604,34574,80963,75131,46542,22200,62271,272657,37852,45151,32778,203021,169961,198725,131897,21940,283695,33400,188062,202336,46260,33400,45014,30887,25183,60495,43054,85107,33347,39775,55458,247162,23590
"hsa-let-7c-5p",10088,8568,8864,6007,7727,9346,7821,5427,8429,12486,3129,9434,7752,7090,10720,9873,6531,7930,5338,6353,5350,5730,7324,6515,5884,6980,5519,6204,3791,4184,6338,5582,3279,4741,4028,5432,6717,11748,11375,1917,3726,4519,2207,1320,2799,6576,1873,2697,2717,6586,5375,6483,4454,1398,8844,2145,6100,6133,2859,1930,2681,2011,1665,2930,2348,3084,1646,1863,2356,8186,1798
"hsa-let-7d-3p",11,27,6,22,9,28,21,0,11,58,0,14,6,34,14,117,18,9,0,12,33,25,62,16,14,0,0,48,10,52,0,40,18,42,17,14,35,47,44,0,18,33,13,0,12,30,0,0,12,41,47,51,58,0,103,0,69,53,14,0,13,0,0,0,27,23,0,0,0,73,0
"hsa-let-7d-5p",38862,72783,25805,22094,47376,93085,22127,31520,80351,72514,16795,34272,26862,38192,82372,98842,39391,53203,8964,15914,32691,67207,29450,17319,37846,35031,7328,27327,10116,43099,11228,11718,6184,18508,13554,12825,18033,29998,31827,8468,20439,23530,8607,4666,8557,52364,3332,8957,4782,33752,32866,38643,28149,5318,56481,3011,54115,41161,13909,7080,9795,3692,4982,12380,11684,18049,4019,9109,22104,70669,2656
"hsa-let-7e-5p",10231,15851,11762,9876,19149,24254,14515,7180,14684,27032,8001,17286,12547,13465,40992,29717,10210,20760,1683,10638,5306,24005,16013,13629,11892,13549,5738,11226,5098,9351,6499,7342,4024,6290,5727,7884,7561,12675,18643,2972,9740,4091,3221,2832,4489,12149,2908,4322,2458,16906,14593,20744,6836,2238,28300,2397,17942,14113,4188,2900,4601,2296,2293,4919,4317,7542,1892,1567,3466,15019,1474
"hsa-let-7f-5p",276618,460025,222073,195461,315970,513201,179294,178304,520877,426507,127530,336873,221137,224754,486254,556295,226923,348589,96662,132270,191185,358738,208895,138881,216133,276903,62117,193459,85098,193116,88968,84663,59105,105025,77573,93716,123297,175455,174451,40694,123813,126633,48987,29887,69500,210759,28347,51987,39116,205476,250905,272279,184274,50231,411406,37174,283871,231248,101896,61313,72679,26724,42950,88965,89782,94353,44289,65745,110809,278836,32781
"hsa-let-7g-5p",95133,176768,76109,70703,96959,221683,68687,81327,166878,177197,58630,98189,79516,118238,208970,199993,106400,127292,48412,37155,73468,152115,82120,53862,84267,84679,22204,98464,53556,117205,66326,50463,41013,75950,49595,54506,76298,132643,104900,21539,44252,88221,29222,15914,30134,117894,13023,33019,16683,105912,159218,78699,99671,16460,135719,13690,134558,92509,40483,22339,28750,14377,21855,47818,29373,47298,15091,33091,49371,146508,7570
"hsa-let-7i-5p",68440,170403,67350,61657,157952,246988,59035,71404,231979,166016,41846,94868,67848,104230,223674,239080,115912,129204,51309,46984,58400,150099,64322,44144,81065,85893,14931,84220,31583,107584,27114,19941,21375,32778,24453,31589,50978,59235,63051,14417,37518,56269,17719,10686,20849,120039,10181,17634,11899,120400,187140,139623,152604,14451,174826,8790,149944,109390,29017,14976,17678,6736,11065,29107,20345,59143,11532,20589,37896,146114,6332
"hsa-miR-1-3p",657,9122,860,940,678,3695,855,229,3879,2026,1218,473,227,646,2482,1621,1382,286,464,270,440,674,6081,205,1122,591,179,778,115,405,295,95,196,597,175,188,90,326,887,293,49,615,66,112,305,407,34,50,174,1488,4318,1347,1188,573,1884,66,279,424,259,588,304,13,274,167,295,453,38,142,1363,533,280
"hsa-miR-100-5p",35,172,163,201,37,146,113,305,466,660,288,246,157,207,361,282,250,207,67,107,253,500,776,993,227,96,190,617,459,392,178,321,414,411,358,158,151,512,2114,399,992,606,68,67,475,186,49,148,74,323,260,266,158,29,134,67,200,282,67,35,73,51,38,92,76,91,66,35,25,239,82
"hsa-miR-101-3p",0,7,0,10,0,13,0,0,5,13,0,0,0,13,5,23,6,6,0,0,9,22,7,0,9,0,0,30,18,48,11,15,0,54,37,7,7,54,57,0,0,94,0,0,0,38,0,16,14,40,61,0,23,0,29,0,36,21,0,0,0,0,0,0,0,0,0,0,0,57,0
"hsa-miR-103a-3p",4382,10918,2428,3359,10972,16203,2347,3894,6932,13510,2884,4498,3468,4044,9013,16298,6059,6401,2526,1409,5879,12080,4545,2594,5098,5223,741,9478,2821,16447,2608,3862,1526,6302,4587,3021,4152,7359,11092,1451,2962,10267,1676,765,1073,9683,390,1796,1069,7022,13728,6506,7970,818,10842,308,11071,6815,2258,893,1641,363,757,1841,2314,3098,493,1694,4729,12020,425
"hsa-miR-103b",152,256,69,108,498,438,83,113,121,447,39,120,99,101,209,387,141,127,165,70,149,337,125,80,135,159,32,195,45,213,86,46,22,81,98,84,183,214,137,24,96,204,35,25,31,160,0,36,68,112,317,203,164,25,289,13,252,170,76,26,55,19,25,40,46,91,21,56,107,298,0
"hsa-miR-106b-3p",33,39,0,21,0,62,0,28,27,33,0,21,0,15,17,45,42,43,0,0,33,30,66,0,18,14,0,14,0,42,0,13,0,41,35,0,0,22,42,0,0,45,8,0,0,53,0,0,0,65,102,74,77,0,91,0,83,50,0,0,0,0,0,0,12,26,0,0,10,89,0
"hsa-miR-106b-5p",69,83,28,29,34,84,21,59,54,48,26,30,48,55,113,117,63,65,9,31,47,90,47,24,52,37,13,216,63,198,60,61,51,127,116,74,160,118,137,28,47,135,28,13,22,120,0,41,0,50,132,52,64,0,132,21,91,60,45,16,23,0,0,37,32,41,26,42,38,104,13
"hsa-miR-107",1024,2543,697,895,2594,4105,677,1192,1792,3117,734,1448,891,1184,2147,3813,1611,1892,521,450,1498,3094,1374,780,1456,1284,206,2642,784,4235,673,994,461,1418,1323,875,1277,1834,2757,384,953,2614,471,213,330,1897,102,515,242,1627,3403,1576,1911,291,2949,76,2608,1867,732,228,433,93,177,489,699,890,132,390,1068,2942,169
"hsa-miR-10a-5p",2988,4611,1914,1967,1905,3833,1690,1683,1782,5505,1376,3989,3363,2726,5638,4557,3473,2699,891,839,2896,3070,3390,2395,2668,1764,1430,4664,2787,4339,3015,4943,2175,5094,4058,4090,3234,7999,10793,1611,1578,1495,1532,890,2013,1663,1350,1986,1594,2688,3985,1167,1959,505,1826,557,2392,3179,1771,828,1806,605,746,2168,952,2247,425,342,778,3903,624
"hsa-miR-10b-5p",857,1352,402,659,582,902,376,422,372,1779,487,1036,786,903,1018,1440,843,671,223,165,1125,954,1050,675,727,538,357,1680,1122,1742,1034,2151,669,2530,1924,1322,1124,3595,5109,610,371,543,637,284,578,345,378,1036,664,612,953,136,331,184,255,130,767,1155,697,216,931,171,195,555,372,1252,100,141,193,1981,280
"hsa-miR-1180-3p",172,95,138,139,59,184,81,227,110,248,124,99,95,326,132,113,228,250,63,70,186,222,163,105,140,50,118,189,176,165,63,122,75,213,175,74,177,316,261,21,40,76,40,19,37,367,21,39,24,307,328,418,189,11,307,25,395,271,22,25,34,24,15,53,31,199,59,92,40,344,13
"hsa-miR-1185-1-3p",7,140,9,17,26,101,8,30,80,11,26,11,6,6,45,131,25,41,0,64,39,80,6,0,35,52,16,8,0,145,12,0,0,0,18,0,0,6,29,19,19,27,0,0,0,19,0,18,18,38,39,44,31,0,50,0,34,50,38,0,0,0,16,15,0,0,0,0,47,21,0
"hsa-miR-122-5p",6267,5726,6951,9026,3440,6938,7767,45715,2521,26117,3894,3691,6800,6981,14368,2791,6996,5888,60636,45667,6060,17200,3157,178653,4574,16442,18488,16799,9270,16970,13611,7838,3046,29727,7026,3536,7668,35956,71241,5440,3756,67673,6902,9333,1716,4083,3129,24098,16084,17662,3633,3039,2649,328,9608,798,3754,6596,2203,4790,1301,14385,1954,21664,6023,2380,964,2516,1268,10016,19793
"hsa-miR-1246",40,134,101,51,37,45,61,69,84,40,68,54,106,40,0,71,34,30,0,40,42,85,35,0,26,76,20,70,30,63,93,22,32,81,58,253,32,94,361,39,18,20,7,18,39,6,23,30,35,87,49,3,61,31,10,7,52,13,27,31,17,43,13,37,44,29,10,8,39,9,14
"hsa-miR-1255a",2,0,4,7,6,5,19,2,54,34,7,20,25,0,59,27,19,9,0,16,17,16,17,3,6,0,7,7,0,21,0,0,0,8,0,0,4,3,0,0,31,0,0,0,0,57,0,0,0,72,43,0,30,0,67,0,56,40,0,0,0,0,0,0,0,0,0,0,0,43,0
"hsa-miR-125a-3p",92,78,47,54,122,102,52,43,74,110,54,103,60,80,172,119,73,101,24,44,56,105,97,74,70,68,55,74,63,58,76,67,57,79,35,68,71,122,205,21,46,20,26,13,53,91,21,26,28,88,76,89,92,16,137,14,108,96,38,17,33,17,13,41,28,73,0,23,15,108,14
"hsa-miR-125a-5p",225,485,235,206,283,695,217,234,174,703,181,312,357,417,751,798,302,383,34,131,275,609,676,284,359,233,139,364,205,536,219,418,161,518,493,171,223,645,1064,181,266,295,132,120,195,227,118,312,64,275,499,319,183,31,485,38,465,362,138,59,166,31,39,124,168,263,29,49,124,649,47
"hsa-miR-125b-5p",29,54,25,22,19,45,0,24,15,56,0,34,18,41,33,77,28,23,18,0,39,28,80,37,32,27,13,27,25,36,34,68,17,68,54,0,0,63,103,14,14,39,14,18,16,27,0,40,11,55,47,32,36,0,27,0,42,35,14,0,24,0,0,13,20,26,9,0,10,65,10
"hsa-miR-126-3p",62294,118184,39689,46455,33433,135319,38003,52059,85721,140426,35399,74763,51851,76533,143442,159261,78700,73071,9700,21319,57507,119734,74073,45375,67884,48750,22414,125053,60692,119557,71839,108821,50867,118604,85366,95746,86348,178660,235834,48508,41060,75053,37853,22379,32461,49305,27794,64426,26867,54141,169429,32475,67097,17279,65371,10314,60438,61388,52240,14546,36694,10696,11573,41365,19124,46598,5797,8812,31332,114597,5945
"hsa-miR-126-5p",6448,12472,3465,5426,4575,13087,3524,4949,6770,14899,3543,8956,6616,7142,12506,19062,8137,7845,1330,2201,7363,15198,9491,5584,7796,5449,2585,16713,8244,14040,7646,14064,5104,14451,12792,11054,9121,21788,30347,4705,6177,7341,5338,2744,3797,4332,3001,7169,3103,4470,13072,3367,4400,2667,6877,1000,5432,7114,8489,1891,5627,1173,1212,3146,3851,4854,835,831,2698,10941,1512
"hsa-miR-1268b",34,43,87,93,15,21,51,77,72,43,29,57,82,101,79,30,162,41,0,89,57,111,36,202,65,43,133,93,71,20,34,32,41,43,24,33,71,35,108,12,19,0,11,12,17,66,9,22,16,30,21,95,45,17,127,34,70,87,15,25,26,23,21,28,20,67,69,12,0,76,12
"hsa-miR-127-3p",94,916,207,239,247,898,114,303,433,63,94,179,93,280,535,1166,225,538,51,456,636,419,370,31,378,241,130,48,20,540,45,49,31,110,106,39,39,71,212,69,86,322,50,17,9,176,9,98,19,889,388,598,329,47,826,11,681,733,123,24,45,13,26,21,41,108,13,30,166,444,12
"hsa-miR-1270",4,35,0,5,23,21,18,12,25,11,0,29,14,30,32,36,23,16,0,0,13,29,11,0,12,42,9,10,0,5,7,0,0,0,0,0,9,6,3,0,20,0,0,0,0,23,0,0,0,56,51,46,17,0,73,0,73,47,0,0,0,0,0,0,0,20,0,0,0,69,0
"hsa-miR-1273h-5p",15,69,64,44,17,58,100,38,219,42,14,56,26,20,232,172,63,89,0,64,8,97,53,64,89,131,14,34,0,30,3,5,0,3,4,3,4,6,12,14,45,21,0,0,0,82,0,19,0,135,78,212,97,0,175,0,121,101,25,0,21,0,0,16,21,38,0,0,21,111,0
"hsa-miR-1275",22,11,14,16,102,26,20,11,48,42,115,45,11,27,96,125,41,94,0,59,21,45,347,7,41,79,119,11,8,7,11,9,0,0,0,7,0,8,8,12,19,0,33,0,14,222,0,0,0,91,39,167,83,0,66,0,293,57,19,0,18,0,18,0,23,31,0,0,15,201,0
"hsa-miR-128-3p",48,184,58,57,52,237,47,87,135,212,47,78,83,102,169,450,96,160,0,29,112,254,142,55,110,102,0,178,40,217,45,78,34,100,79,23,61,100,155,23,51,125,25,16,34,98,9,47,8,81,181,174,144,11,220,9,156,128,50,0,26,10,0,32,62,73,8,14,58,214,22
"hsa-miR-1285-3p",24,37,14,0,0,30,0,34,20,27,0,8,16,21,33,26,21,11,0,0,30,30,12,0,0,0,0,16,0,19,0,0,0,0,15,0,18,12,17,0,0,19,0,0,0,49,0,0,0,36,28,41,34,0,62,0,47,20,0,0,0,0,0,0,0,15,0,12,0,43,0
"hsa-miR-1287-5p",69,192,54,45,11,55,5,60,92,107,11,22,18,43,90,128,27,17,13,27,88,168,27,21,50,22,0,13,0,71,25,20,0,10,19,0,0,24,44,0,18,27,12,0,9,58,0,0,9,179,194,96,188,9,80,0,69,57,19,0,0,0,0,16,10,29,0,19,25,78,0
"hsa-miR-1292-5p",10,25,19,12,34,28,10,9,20,20,0,0,7,0,27,23,20,20,0,12,11,28,27,9,15,0,0,0,0,7,0,0,0,27,0,0,0,16,6,0,0,0,0,0,0,47,0,0,0,49,36,56,51,0,52,0,49,29,0,0,0,0,0,0,0,23,0,9,0,61,0
"hsa-miR-1294",7,3,9,8,114,7,13,202,3,22,55,2,35,17,3,3,32,29,87,15,4,1,229,9,1,1,21,28,44,14,1,12,10,14,3,2,15,32,2,0,19,29,0,0,21,96,0,0,0,81,87,69,80,0,122,0,84,80,0,0,0,0,0,0,0,48,23,25,17,106,0
"hsa-miR-1301-3p",262,481,221,172,445,733,148,250,558,617,78,277,218,285,649,970,255,485,26,159,239,504,341,211,310,251,42,343,45,525,88,105,49,127,101,115,98,124,275,68,127,136,57,25,64,382,18,74,27,408,304,483,429,44,710,17,490,425,121,44,92,22,31,82,81,157,23,43,160,485,16
"hsa-miR-1306-3p",34,24,19,8,5,63,16,16,42,61,0,22,17,32,52,92,9,49,0,17,23,50,21,21,55,40,0,0,0,35,0,0,0,10,11,7,0,6,23,0,19,27,0,0,0,50,0,13,0,65,83,81,85,0,47,0,70,41,14,0,0,0,0,0,0,25,0,0,14,56,0
"hsa-miR-1307-3p",1488,3353,1489,901,2261,4924,1278,1814,3824,3739,485,2512,875,1756,4209,5276,2248,3451,380,1677,1319,4394,2497,1387,3287,2377,130,1959,297,2773,372,413,290,474,354,516,642,299,1040,246,609,1028,269,150,239,2130,137,379,162,4066,3973,5105,4131,239,4480,138,2792,2749,553,212,375,99,172,490,497,1237,111,271,771,3326,147
"hsa-miR-130a-3p",603,1507,333,346,1044,3054,381,1192,1763,1570,532,432,387,730,1765,3148,1095,696,653,203,602,2596,576,421,769,1035,227,659,253,1726,218,326,216,519,542,320,372,857,1291,235,339,1332,179,135,176,1218,70,225,174,1132,3150,1045,1559,124,1210,67,1120,706,333,111,205,44,114,312,238,377,55,157,557,1439,50
"hsa-miR-130b-3p",1051,2062,689,545,1430,3000,627,768,1562,2231,551,768,472,641,2389,2966,1331,1223,494,380,800,2127,578,657,880,1262,176,746,229,1216,276,240,125,283,227,298,397,607,709,167,386,1079,201,102,138,963,75,188,165,1331,2497,1092,1698,203,1569,69,1388,969,322,172,166,48,141,459,251,454,79,197,453,1200,56
"hsa-miR-134-5p",13,101,20,75,23,76,18,9,56,3,61,16,3,9,48,499,20,36,0,41,78,47,17,0,120,86,11,13,0,180,0,0,6,11,29,11,3,3,31,0,21,30,0,0,0,57,0,0,0,173,58,115,83,0,151,0,140,142,30,21,0,0,0,0,18,34,0,0,55,103,0
"hsa-miR-139-3p",703,625,321,364,488,512,306,441,827,606,239,801,395,616,1069,817,684,669,90,328,263,677,581,516,543,502,319,397,477,296,255,334,221,522,231,385,342,715,957,125,366,112,155,52,149,500,116,143,116,458,586,829,746,134,648,75,797,668,232,110,151,75,97,172,71,491,104,132,159,800,72
"hsa-miR-139-5p",3151,4359,1574,1916,1785,4459,1669,2665,2848,5427,1185,3940,2537,3923,5075,5560,3188,3090,509,1272,2779,4173,3599,1927,2909,2090,1369,4066,3685,4628,2875,4750,2131,5877,3806,3763,3603,6662,11642,1803,2261,1766,1723,599,1397,2253,1329,2439,1097,1649,4009,1302,1646,1060,1677,748,2851,3005,2050,686,1981,581,496,1459,626,2826,488,945,999,4338,490
"hsa-miR-140-3p",61,182,105,92,148,196,47,86,74,224,118,29,68,146,209,103,241,109,156,32,100,163,150,70,128,45,34,36,34,282,32,85,43,170,110,4,47,191,304,29,46,238,29,16,21,135,13,38,29,196,328,214,238,0,301,0,262,171,26,17,24,0,18,56,37,95,14,41,49,185,15
"hsa-miR-140-5p",8,37,9,18,5,58,0,12,25,47,0,11,19,27,21,85,16,15,7,40,21,45,34,10,26,22,0,44,6,54,32,36,11,42,32,31,20,25,79,0,14,43,14,0,0,57,0,14,0,34,50,25,32,0,66,0,63,41,23,0,16,0,0,17,17,25,0,15,17,74,0
"hsa-miR-142-3p",2117,5884,1626,2836,2032,7644,1988,3478,3545,7168,1439,3452,2870,4608,5058,12541,2933,4123,334,1654,4901,6680,5167,2190,4151,3570,732,5547,2036,8095,2734,3186,1265,6814,4322,1794,2584,5388,6784,830,1108,8006,1132,953,925,3376,437,2315,574,2330,4849,2408,2782,1250,3785,334,7842,3647,2539,801,2135,351,530,763,1451,3083,506,955,1598,7962,292
"hsa-miR-142-5p",869,1967,535,901,1211,1705,597,997,768,2090,824,861,1014,1341,1838,2615,1243,1159,674,422,1347,2497,1284,812,1014,1071,288,2120,1169,2618,1358,1077,663,2570,1406,743,1086,3485,1921,274,339,3386,708,355,275,1058,114,994,355,1049,2588,834,1200,188,1544,68,2305,1344,705,265,677,125,351,533,503,784,181,424,382,1852,148
"hsa-miR-143-3p",1734,13263,1769,2238,6196,11390,2887,3643,11414,9526,3676,2454,1909,4778,5848,15140,3237,2468,3806,1969,5770,6786,7916,3444,6689,3039,593,5926,1564,4622,1912,2631,1709,1879,1976,1488,1257,6442,3789,774,787,8016,1005,903,710,2216,741,1535,1625,4012,8444,2129,5062,1243,10870,227,7399,3011,2211,1269,1022,500,735,1329,1251,1413,659,2117,2642,4221,318
"hsa-miR-144-3p",348,379,129,408,131,585,164,385,132,876,278,275,350,523,238,1053,410,385,32,59,816,910,438,218,340,266,129,1548,1219,1647,396,696,214,2419,1771,485,826,1862,2965,34,43,2504,458,73,78,938,25,343,84,452,620,630,180,85,670,42,2431,1084,241,72,267,24,38,42,168,1754,168,222,102,4928,26
"hsa-miR-146a-5p",165,631,47,166,643,924,102,114,374,767,213,281,128,173,263,1610,228,317,45,24,304,815,325,95,345,378,8,360,53,1233,95,135,11,323,306,57,126,163,515,57,114,334,71,43,33,342,20,81,35,629,786,385,690,41,525,0,775,357,121,41,102,0,28,70,183,165,0,42,206,720,23
"hsa-miR-146b-5p",120,328,108,136,164,360,76,136,154,477,205,74,56,188,250,467,211,200,23,48,255,345,266,75,176,197,27,175,86,609,106,226,43,255,237,51,118,408,300,39,52,368,52,33,39,195,0,131,27,387,387,187,255,20,238,9,421,252,65,23,88,26,30,82,90,97,13,29,99,467,26
"hsa-miR-150-3p",2,3,5,12,0,1,8,2,0,3,4,2,8,6,2,5,2,5,0,0,5,1,29,15,3,5,0,15,13,16,57,35,26,69,16,18,19,87,11,0,0,0,15,0,0,63,0,0,0,49,0,35,35,0,31,0,82,72,0,0,25,14,0,0,0,37,0,0,0,82,0
"hsa-miR-150-5p",600,1394,1169,1329,218,700,822,693,489,1267,1166,805,1850,1751,1058,1600,670,1609,143,588,1473,820,3085,986,1182,562,650,1170,840,1665,1875,1635,938,3186,1096,508,838,3281,1643,339,476,541,659,702,878,1357,326,1478,62,919,668,564,584,111,914,170,2331,1719,556,171,740,180,206,321,594,749,176,96,174,1921,462
"hsa-miR-151a-3p",1150,2669,668,800,2871,3698,696,963,1957,2900,603,1373,933,1341,2745,4316,1246,1435,471,518,1431,3333,1317,661,1353,1593,267,1810,370,2865,478,745,274,789,769,564,590,1130,1990,301,640,925,304,158,272,1359,123,412,259,1462,2138,1594,1804,304,2571,89,2444,1614,703,227,557,91,163,623,759,754,90,252,734,2329,161
"hsa-miR-151b/151a-5p",25472,61200,26533,19489,37906,89642,25174,30291,81085,56656,11541,47025,27852,39496,87416,87479,28413,48228,8161,25858,27396,60072,33200,17306,36415,32164,10546,36069,8667,42095,12992,14642,8976,13006,12821,15089,16709,19907,30805,7009,18658,15668,5754,4350,8449,39771,4632,6649,4431,29258,56479,49048,48126,7624,53461,4965,44624,33493,17804,6873,10839,3012,4190,13241,11490,19131,3878,6289,14982,45083,3477
"hsa-miR-154-5p",10,140,39,72,10,150,24,31,63,0,103,42,25,40,87,281,37,146,0,160,116,96,65,0,154,53,43,8,0,149,16,0,0,0,15,9,8,0,31,0,34,29,11,0,0,66,0,16,0,169,72,238,105,10,343,0,185,261,44,10,14,0,0,0,18,47,0,0,20,109,0
"hsa-miR-155-5p",4646,5974,3678,4118,2250,5988,3638,2694,5465,5676,2939,5330,3901,4244,7705,7275,5198,5508,553,2017,2954,4252,4811,3043,3815,4173,1279,4444,3061,4004,4725,3141,2527,5436,2764,2863,3344,7917,5146,817,2333,1810,1123,950,2134,3203,1067,1760,1329,4327,3880,2838,3161,857,3232,747,3663,4169,2034,1255,1714,977,1341,2183,1248,1814,690,941,1496,4776,849
"hsa-miR-15a-5p",254,348,87,185,185,558,78,193,151,580,140,181,172,234,291,820,271,252,72,55,439,565,331,142,216,221,56,451,186,904,159,219,70,623,460,145,327,548,907,48,96,1168,120,46,42,590,16,107,61,292,714,214,261,40,394,12,730,319,105,32,94,22,32,63,170,196,23,83,145,798,27
"hsa-miR-15b-5p",2443,4272,1729,1852,2747,5106,928,2010,2605,6083,1459,1962,2131,2090,3034,7459,2467,3440,828,624,4669,5614,4964,1517,2525,2244,418,1969,912,5054,708,1272,324,2523,2135,551,958,2341,3842,474,1041,4036,637,363,434,3742,196,864,401,1922,2471,2816,1557,252,5019,139,5350,3534,892,304,867,180,289,591,1509,2373,321,659,1098,5914,354
"hsa-miR-16-5p",51267,73125,32477,36089,53910,103396,27445,52356,51571,85777,32427,40479,46162,70100,78954,112595,60003,61838,19379,15954,62140,95251,46765,27673,46335,36250,13724,87567,42947,102062,35290,38790,25717,72836,55568,40394,70100,109374,100541,14038,26026,130960,26983,12605,17447,96341,8271,26655,10071,45349,103580,31497,39396,8106,81388,5398,71712,44428,21598,9856,15442,5408,9782,17790,18374,30215,12646,25219,30451,92781,4319
"hsa-miR-17-3p",156,743,28,116,280,843,91,257,314,226,178,85,96,135,322,231,441,197,168,111,148,509,187,279,280,123,49,161,90,799,27,114,62,265,120,47,164,236,332,42,104,322,35,19,30,290,0,56,34,430,967,512,508,30,603,16,397,232,106,27,40,18,36,69,84,124,29,57,68,401,14
"hsa-miR-17-5p",102,234,72,80,87,381,82,204,197,225,43,123,97,262,307,487,121,237,7,65,222,193,214,55,189,86,24,172,75,290,86,85,45,154,120,72,89,151,264,33,78,212,26,16,42,262,15,45,0,125,208,171,130,34,279,14,243,164,58,28,48,16,0,50,71,106,29,60,73,305,23
"hsa-miR-181a-2-3p",88,172,74,57,83,213,71,90,161,172,30,85,84,114,181,216,132,147,21,42,79,168,126,76,107,108,25,59,25,126,103,49,44,98,85,52,66,126,131,21,40,68,33,14,33,125,12,36,16,77,174,111,145,19,123,20,145,150,52,29,36,12,14,48,29,43,18,15,40,188,0
"hsa-miR-181a-3p",12,86,0,10,0,48,12,12,20,23,0,7,35,13,11,108,6,43,0,0,14,39,112,27,14,32,0,13,15,21,0,12,14,39,10,0,22,42,36,0,13,22,11,0,0,49,0,14,0,36,99,85,44,0,44,0,84,46,14,0,0,0,0,0,16,26,0,0,17,67,0
"hsa-miR-181a-5p",3134,8472,3386,2452,734,6257,2151,2932,5963,5174,1969,2676,3535,2899,5704,9223,3102,5827,260,1216,3475,6684,5793,3739,2592,2713,1147,3663,2177,4483,2694,2495,1720,4049,2112,2430,2791,6535,6774,589,1402,4113,1049,534,817,3434,434,1478,496,4490,15173,9413,5840,482,6402,298,7628,4058,1388,455,719,383,576,1041,1445,2282,430,549,1711,5682,366
"hsa-miR-181b-5p",858,1557,703,577,270,1366,623,823,1229,1310,435,672,698,902,1687,2189,908,1257,111,337,756,1316,1087,796,782,634,321,890,651,1167,797,865,550,1238,729,737,903,1871,1832,207,213,623,319,184,269,767,207,433,212,1354,3720,1453,1813,103,708,81,1013,1093,279,131,189,176,175,500,315,652,134,166,480,1608,64
"hsa-miR-181c-3p",17,56,18,31,0,86,10,21,91,50,21,12,30,33,52,53,50,41,0,27,40,65,67,0,81,18,0,32,0,28,18,9,0,11,0,17,13,9,62,0,25,15,0,0,0,54,0,12,0,46,112,110,86,0,88,0,89,55,11,0,9,0,0,12,28,24,0,9,14,73,0
"hsa-miR-181c-5p",23,20,20,17,0,92,32,13,23,43,18,17,15,8,26,58,75,53,0,22,9,39,50,16,29,6,37,110,14,71,6,13,0,52,0,11,26,68,76,0,27,32,12,0,14,51,0,17,0,67,164,119,108,0,102,0,109,55,20,0,13,0,0,0,16,39,0,0,14,92,0
"hsa-miR-181d-5p",24,77,12,42,0,165,22,40,128,172,15,26,29,51,164,220,86,38,0,49,29,97,57,11,83,25,25,82,0,166,31,84,19,31,35,16,57,55,105,14,34,53,16,0,17,87,12,19,13,110,356,137,207,0,87,0,99,68,26,0,13,0,0,21,17,48,0,0,43,127,0
"hsa-miR-182-5p",299,207,111,188,360,468,126,410,182,272,159,162,315,463,219,575,213,293,213,117,534,443,205,115,217,77,160,374,402,328,156,257,131,364,312,178,279,460,743,46,92,338,62,39,46,582,58,88,38,523,266,458,140,61,495,31,963,309,74,80,69,19,29,49,68,315,152,172,91,951,20
"hsa-miR-183-5p",34,21,14,32,40,56,8,40,9,27,29,15,68,84,22,53,28,39,0,17,81,68,18,14,16,0,23,43,86,56,23,48,22,78,52,22,45,132,188,0,16,73,12,0,20,80,0,22,13,84,40,74,21,11,76,0,105,48,15,19,21,0,0,0,15,57,15,38,16,139,0
"hsa-miR-185-5p",31941,66646,13791,13337,37066,104740,14507,36227,55281,58993,17960,18006,14753,29176,74426,44049,44013,30337,9096,8248,24320,65850,14568,11090,24876,27260,2888,10589,4313,45955,2757,3494,1852,7431,7888,3085,7323,22967,11865,4131,9178,15402,4010,1622,2947,41250,1129,2832,3105,57845,50708,45344,71193,1838,32957,1059,49113,27027,7459,4121,3790,1679,3095,9971,5761,13363,2790,10271,11137,40545,1010
"hsa-miR-186-5p",31,47,9,36,7,55,14,24,36,125,17,15,23,75,133,204,45,30,0,17,81,113,93,50,55,32,18,98,49,231,54,89,34,178,116,25,73,143,245,14,23,85,17,15,16,101,11,27,0,104,201,170,153,14,223,0,238,132,28,0,20,0,0,12,28,80,14,11,25,225,0
"hsa-miR-18a-5p",8,32,3,15,4,74,12,80,28,47,5,23,22,87,86,125,34,37,0,14,50,132,25,9,40,7,16,133,26,166,14,24,27,79,89,14,36,62,126,20,30,97,0,0,0,75,0,35,0,38,75,46,50,23,84,0,71,57,31,0,19,0,0,18,21,26,19,17,46,82,0
"hsa-miR-1908-5p",242,520,418,215,338,301,396,231,1283,245,83,605,194,185,859,655,182,302,51,396,210,847,158,252,604,440,166,229,35,84,44,36,49,43,67,87,179,70,208,43,104,55,34,31,59,451,23,58,24,299,248,1353,292,104,755,48,401,547,128,51,54,12,32,58,37,304,25,22,102,573,23
"hsa-miR-191-3p",11,62,51,18,23,64,28,25,71,60,16,43,35,34,107,166,23,69,0,22,27,50,34,34,48,31,0,31,0,30,0,0,0,8,10,9,10,12,19,12,16,24,10,0,0,49,0,0,0,50,111,74,87,10,89,0,77,50,26,0,11,0,0,0,15,28,0,0,17,69,0
"hsa-miR-191-5p",47901,109834,32814,27800,71657,120177,28789,36372,93711,84935,25562,45020,36185,40837,124034,93205,54227,63859,43717,22572,35875,88733,42283,26799,46784,46862,10127,21282,7797,44402,10849,11331,6259,15650,11547,8553,12691,37080,25961,8304,23782,50250,9816,7539,10041,44134,3930,9121,7693,54117,86952,64582,69026,3917,102792,1312,78097,51096,13290,7349,6379,2265,6884,20123,15103,22907,3091,11950,27062,56817,2917
"hsa-miR-193a-5p",241,293,138,173,157,255,116,144,185,386,113,221,201,237,351,293,246,205,116,58,182,214,215,203,183,105,81,211,153,243,168,263,105,303,245,228,210,476,663,65,53,237,77,80,70,174,73,81,57,313,185,88,292,20,304,18,637,243,49,47,75,54,51,123,60,239,24,60,65,324,25
"hsa-miR-193b-5p",8,7,13,15,20,8,16,14,6,3,23,4,0,0,4,5,9,9,28,13,11,0,24,63,7,28,27,9,12,8,42,68,23,22,36,45,34,34,80,0,0,16,10,0,0,30,0,12,15,29,0,19,0,0,25,0,33,36,12,11,14,0,14,19,62,19,0,10,0,37,28
"hsa-miR-195-5p",41,67,18,34,11,54,16,26,21,104,28,35,24,35,33,46,38,27,0,0,61,60,40,30,26,45,15,80,50,84,36,93,20,116,93,62,49,149,234,31,28,47,27,11,17,34,0,35,40,45,54,16,44,0,23,13,49,49,19,15,28,14,0,44,26,38,0,0,28,49,13
"hsa-miR-196a-5p",9,11,7,4,2,2,0,3,2,13,7,26,15,2,11,3,3,5,6,4,5,0,61,12,10,4,0,14,0,9,26,45,0,176,71,4,4,18,49,0,0,20,0,14,19,0,0,16,0,28,0,0,38,19,0,0,48,32,0,0,19,0,0,0,0,26,0,17,25,41,0
"hsa-miR-197-3p",76,171,90,77,5,285,57,121,197,143,68,159,138,131,163,338,53,129,0,115,150,168,266,108,104,115,29,141,19,110,50,78,26,66,54,20,43,87,113,29,72,145,33,42,41,82,25,49,25,103,127,143,125,16,301,0,205,86,38,12,27,0,0,21,54,66,15,18,53,141,18
"hsa-miR-199a-3p",373,1472,256,400,680,2221,242,450,1006,1668,301,508,301,557,1212,3121,562,818,60,203,876,1612,790,240,985,596,106,817,203,1966,245,434,147,796,566,289,261,408,1260,163,257,976,162,113,110,557,53,280,75,962,1631,660,1373,109,1254,33,1215,863,339,71,237,26,60,169,419,331,42,96,351,1851,56
"hsa-miR-199b-3p",12,272,34,25,80,421,21,51,69,326,23,29,25,49,186,511,65,42,21,11,131,285,97,25,96,94,4,109,6,365,11,33,14,88,74,5,20,34,122,26,33,132,22,15,16,67,0,33,0,133,220,116,177,15,200,0,138,125,51,0,28,0,0,28,48,45,0,16,53,195,12
"hsa-miR-200c-3p",103,183,69,106,209,257,131,95,242,196,52,116,101,94,172,415,128,158,44,79,684,161,155,130,134,122,23,129,35,166,78,169,38,140,255,56,63,101,288,30,72,182,30,48,19,101,34,57,92,96,135,93,88,64,227,19,239,95,99,45,57,0,31,49,64,102,14,28,57,119,20
"hsa-miR-203a-3p",106,174,40,661,31,143,79,170,103,125,144,74,221,114,39,174,153,0,34,196,116,113,80,162,250,205,0,209,165,426,503,219,104,626,667,962,44,257,520,180,27,156,66,76,97,5,149,471,113,51,67,14,68,52,27,18,137,22,78,18,67,39,79,26,83,137,22,8,658,108,37
"hsa-miR-204-3p",14,4,0,17,0,12,0,16,39,38,19,57,5,24,21,11,16,6,0,21,30,12,46,11,19,0,0,39,19,6,11,24,26,18,26,0,15,27,27,0,16,0,0,0,11,33,0,15,0,47,0,32,27,0,30,0,31,46,12,13,0,13,11,0,0,18,15,0,0,57,0
"hsa-miR-20a-5p",556,1330,359,375,641,2029,368,699,873,1333,390,474,554,753,1257,1714,815,780,100,192,688,1216,615,344,560,443,118,1531,655,2407,597,628,342,1095,875,593,938,1519,1657,226,449,2892,256,153,165,931,61,325,192,596,2460,411,757,115,795,68,734,401,396,139,241,58,124,383,315,273,126,345,561,988,67
"hsa-miR-20b-5p",354,329,161,139,387,758,121,453,264,512,282,178,346,344,426,363,501,338,249,51,366,582,221,204,192,113,67,281,297,690,124,161,129,394,314,118,323,815,631,62,178,1633,99,32,68,483,40,81,49,352,895,243,316,23,469,38,482,202,86,50,48,29,55,159,83,158,73,172,156,680,28
"hsa-miR-21-5p",730,1748,462,819,585,1964,510,706,1010,2475,441,1067,799,1220,1312,4093,1036,1140,120,301,1503,2171,1250,741,1053,1113,185,2530,750,3329,1097,1412,531,2184,1430,775,1016,1735,2792,325,585,3550,447,316,285,693,105,825,195,792,1925,810,877,297,2087,67,2367,1100,726,148,645,51,139,249,772,742,122,174,663,2373,213
"hsa-miR-210-3p",9,14,2,2,162,40,0,60,46,9,24,17,4,122,113,104,183,51,61,5,26,226,114,13,228,5,14,40,5,73,9,39,0,74,5,10,47,20,206,0,31,81,10,0,0,74,0,18,11,220,416,209,168,0,206,0,121,126,17,0,10,0,0,12,15,56,0,12,21,103,0
"hsa-miR-2110",462,759,541,556,830,1269,459,497,1785,768,197,828,344,648,1638,2135,662,1076,72,392,336,1131,615,335,572,536,217,393,173,247,140,107,113,223,179,193,288,395,378,70,202,187,111,50,105,891,56,115,93,998,856,1222,984,86,1173,48,1075,799,161,97,115,61,69,131,132,407,80,95,198,902,71
"hsa-miR-22-3p",169,312,57,129,91,370,67,172,116,444,67,153,105,220,183,574,180,192,14,33,275,338,209,152,206,153,31,405,132,582,83,221,60,381,243,84,146,379,565,45,43,375,49,33,27,364,23,73,28,332,765,301,424,19,350,14,413,217,73,25,65,10,22,54,110,167,0,34,88,576,24
"hsa-miR-221-3p",417,1121,205,432,863,1921,184,330,613,2277,240,462,230,506,1024,3615,550,807,77,107,927,2578,1001,230,478,1151,83,853,151,2089,111,202,49,692,340,88,120,461,1097,99,247,668,151,69,84,656,41,194,76,1344,2334,1135,2202,85,1153,18,1468,754,226,49,145,22,37,105,232,448,21,59,239,1605,55
"hsa-miR-222-3p",46,100,37,41,43,118,24,37,38,123,22,24,38,52,61,167,35,63,0,0,96,56,68,34,71,41,0,26,19,79,16,63,0,67,37,0,0,47,85,18,27,94,0,12,12,52,0,19,9,42,95,33,69,0,83,0,62,30,13,0,9,0,0,13,48,18,12,17,29,102,14
"hsa-miR-222-5p",25,25,0,17,18,20,0,11,0,30,0,16,15,0,21,34,12,12,0,0,11,23,12,0,11,0,0,15,14,25,15,31,0,41,28,0,13,31,53,0,13,51,0,10,10,13,0,12,0,23,59,17,44,0,22,0,16,23,0,0,0,0,0,0,0,10,0,10,11,41,0
"hsa-miR-223-3p",898,3019,745,1036,530,3991,599,1685,1558,3159,889,1651,1717,2677,2589,7741,1229,1919,417,813,2966,3837,4348,1013,2090,1793,150,2709,501,4186,674,1171,311,1539,2146,583,501,2573,3335,374,725,3989,460,618,448,1339,233,1008,222,1924,3345,2060,2884,241,2891,57,5767,1523,639,170,417,111,142,254,1014,1161,161,315,632,3431,239
"hsa-miR-223-5p",747,1415,408,577,978,1805,416,374,1394,1420,524,725,388,553,1573,2326,767,866,441,348,588,1422,726,524,610,980,72,723,157,789,168,185,116,231,247,225,145,648,477,102,262,876,126,131,113,481,70,157,132,875,1523,900,1335,120,1292,36,1561,574,198,135,121,49,125,191,152,395,58,203,351,825,56
"hsa-miR-224-5p",60,413,45,76,55,147,17,67,248,210,44,65,121,331,113,747,23,127,16,32,249,391,139,23,88,51,13,206,15,120,21,112,9,90,43,24,72,125,258,42,61,206,21,21,19,141,16,43,15,127,243,279,93,25,190,0,138,120,27,13,32,0,24,28,80,49,0,0,78,274,11
"hsa-miR-23a-3p",330,1254,203,437,320,1307,167,325,551,1396,282,495,481,605,718,1914,411,530,104,146,786,1028,907,317,735,494,94,645,212,1399,312,718,129,847,608,294,235,860,1627,174,281,689,166,103,178,494,66,308,81,694,1227,690,1062,56,1281,26,1304,674,179,58,142,26,48,135,503,358,39,75,227,1322,146
"hsa-miR-23b-3p",131,748,108,218,236,519,93,119,377,569,97,202,156,211,414,779,181,332,99,103,284,310,503,160,317,281,33,229,63,397,150,252,76,269,261,105,121,336,665,95,143,294,81,41,90,177,45,163,30,301,450,360,360,24,526,16,531,291,92,20,63,26,27,67,125,127,13,36,107,472,63
"hsa-miR-24-3p",2412,5934,1424,2199,4579,8095,1338,1894,4228,8954,1790,2744,1619,2456,4707,8151,3617,2653,1204,837,3200,6653,2795,1602,2436,3396,524,4982,1556,7647,1913,2715,899,3620,2737,2126,2243,5676,8285,1006,1670,6862,1242,575,736,2269,346,1800,966,3768,6800,2091,3582,560,4558,204,5109,2302,1387,506,1108,324,468,1623,1302,1625,205,760,2490,4163,344
"hsa-miR-25-3p",208,391,145,183,163,461,145,275,201,316,159,198,261,433,344,432,252,337,68,36,304,290,331,155,251,101,76,336,154,457,137,225,77,363,299,104,294,495,467,57,101,415,60,53,71,451,35,86,24,290,507,399,401,18,604,13,571,323,72,24,56,21,25,53,110,230,70,65,77,621,38
"hsa-miR-25-5p",11,10,8,13,9,42,8,60,9,8,2,5,71,40,92,19,107,8,18,11,26,4,28,15,54,21,7,81,6,7,71,28,40,113,35,31,23,63,33,14,24,29,0,10,15,76,0,20,0,75,75,79,83,0,69,10,88,81,15,0,15,0,0,0,0,29,0,15,20,121,0
"hsa-miR-26a-5p",136279,355471,76605,76554,53127,381812,78194,99401,255386,303059,81054,124060,90803,114126,380253,319720,160527,155753,14376,52230,107071,289191,110379,71029,124272,147697,23766,127964,40197,198558,52109,56906,33670,79042,61649,54354,59673,162787,142663,35544,73103,112142,38699,23012,34283,83272,16868,44546,36569,118588,219883,80544,137188,21769,135987,8450,126067,88085,63269,26972,35578,11877,26584,82619,53725,39276,10836,31424,80612,122603,14547
"hsa-miR-26b-5p",30000,74867,12749,21411,60758,73223,15099,22211,48281,64375,17884,28355,19947,30226,59616,86968,31050,34152,17352,9719,29629,63917,26513,14119,25960,31384,4012,36413,15318,64550,16741,20860,9705,33034,23794,16533,21027,50755,49304,7787,11846,35979,8530,4919,5856,32797,3022,10885,8411,48613,70753,31233,52708,5026,33620,1832,61247,31243,14173,6122,9901,3066,5373,14584,12822,21144,2698,9900,16571,71168,2905
"hsa-miR-27a-3p",95,248,55,74,106,272,65,124,117,269,31,111,110,150,179,337,116,157,54,44,171,157,207,94,173,81,42,212,88,295,140,195,61,287,161,98,140,254,453,71,70,226,55,45,31,95,28,137,19,126,210,104,118,19,355,13,268,142,91,21,63,14,13,30,129,60,12,17,66,256,32
"hsa-miR-27b-3p",31,125,38,55,27,111,26,66,77,117,39,58,45,75,100,158,49,46,21,63,78,64,106,45,87,47,0,79,55,115,116,121,60,146,135,189,59,164,196,51,24,79,16,14,35,33,38,93,20,61,125,54,78,16,115,0,118,59,39,13,31,7,34,15,17,29,8,6,137,108,23
"hsa-miR-27b-5p",22,101,10,35,33,67,13,45,110,67,4,58,26,21,43,85,63,24,0,34,37,12,26,19,59,40,17,9,11,38,9,67,29,66,47,74,15,9,113,14,20,32,0,0,13,59,0,19,0,55,99,76,81,15,66,13,60,60,26,0,0,12,12,24,0,34,0,18,22,66,0
"hsa-miR-28-3p",1472,5781,870,1004,4213,6273,732,1144,3218,4185,1053,1762,1207,1328,5099,5678,2257,1690,1722,506,1320,3911,1524,963,1546,1994,169,2966,692,3883,974,808,460,1194,872,671,847,2531,2336,369,699,1374,381,283,352,1699,185,482,396,3783,6362,2892,5372,305,3118,105,3378,2251,797,285,473,119,291,941,512,1080,154,394,800,3124,170
"hsa-miR-28-5p",118,510,178,106,160,729,106,270,381,495,74,206,166,437,558,924,237,293,50,152,228,396,295,112,355,246,46,325,97,607,197,164,71,182,138,159,208,233,373,66,99,239,55,46,55,318,30,83,45,333,543,326,382,73,418,23,418,312,165,39,102,0,32,98,90,166,25,56,91,497,22
"hsa-miR-29a-3p",478,767,534,563,77,648,376,428,440,852,490,565,578,563,775,800,637,855,105,252,533,664,1164,685,563,376,290,540,428,780,602,623,260,1048,472,279,392,1087,1104,116,217,681,176,113,149,687,93,395,143,626,968,663,522,25,1016,45,1863,963,280,90,251,83,91,147,319,544,56,59,78,1073,191
"hsa-miR-29b-3p",95,159,63,117,39,182,63,88,82,243,88,82,105,152,164,286,95,139,28,42,154,236,150,97,114,115,41,214,163,285,174,175,121,361,205,118,158,346,309,29,45,275,117,65,34,92,40,147,45,65,208,62,106,25,67,8,281,126,64,37,94,18,27,48,58,134,19,14,37,285,26
"hsa-miR-29c-3p",56,106,43,54,0,120,29,66,57,116,45,81,93,72,128,127,74,100,0,28,73,104,109,62,78,57,21,93,70,148,99,109,49,210,117,61,76,188,189,34,31,167,40,34,32,101,12,70,29,64,166,89,49,14,99,0,143,64,47,10,37,0,9,24,42,36,7,27,23,147,17
"hsa-miR-30a-3p",1109,1420,625,675,419,1153,472,520,633,1902,518,990,863,879,1552,1257,1022,768,298,188,753,845,935,730,705,530,360,1159,810,911,786,1326,556,1139,860,1123,952,2334,2778,475,480,361,405,211,497,613,392,510,438,733,1352,476,607,104,600,149,595,983,398,240,384,199,198,623,229,696,133,142,191,1144,149
"hsa-miR-30a-5p",1503,2285,990,1022,288,1935,665,833,947,2842,761,1462,1249,1432,2187,1935,1477,1231,133,487,1230,1435,1535,1233,1153,837,716,2318,1410,1864,1310,2211,890,2222,1599,1907,1751,4377,4998,982,774,1399,772,383,637,706,448,1117,992,1167,3482,448,880,143,973,181,672,986,836,333,711,297,308,1146,367,627,153,269,379,1345,251
"hsa-miR-30b-3p",100,201,130,52,137,276,64,88,205,140,51,77,53,73,304,260,74,163,13,52,86,174,53,60,112,106,16,51,12,105,46,19,12,29,20,35,67,69,58,13,45,36,20,14,19,95,11,25,11,127,157,170,163,12,138,12,149,108,44,16,25,0,0,29,34,49,13,14,38,177,15
"hsa-miR-30b-5p",29,53,0,0,27,50,26,0,52,72,0,47,55,42,59,97,0,48,0,0,55,48,78,0,41,0,0,0,0,40,0,0,0,32,27,0,0,53,57,8,19,27,10,6,13,14,9,27,0,12,21,24,10,0,47,0,55,17,4,0,7,0,0,0,21,13,0,0,7,72,9
"hsa-miR-30c-1-3p",100,202,109,64,95,258,65,82,325,242,63,117,64,101,253,316,119,136,90,104,102,199,93,84,100,193,51,136,32,97,36,30,22,40,18,44,33,115,104,15,46,51,25,16,26,118,11,25,18,180,152,196,195,11,219,0,223,143,55,32,34,15,13,43,41,71,15,26,43,190,11
"hsa-miR-30c-2-3p",53,11,36,17,1,16,26,27,5,87,16,19,49,15,50,7,57,15,0,5,18,15,29,27,15,18,27,53,30,9,30,56,18,17,19,38,14,116,58,18,19,17,18,0,17,29,0,18,20,36,36,33,35,0,41,15,47,36,24,14,18,0,0,29,0,23,0,0,0,58,0
"hsa-miR-30c-5p",42,181,60,47,10,163,34,71,124,146,39,90,136,202,122,346,71,109,0,24,139,160,393,60,135,75,0,62,18,112,43,82,24,139,111,32,28,191,180,29,72,116,37,31,52,64,16,78,0,68,105,98,63,9,290,7,231,113,32,0,29,0,10,11,84,38,11,12,51,211,26
"hsa-miR-30d-5p",14972,31442,13065,9074,7521,35567,8147,10919,29543,25787,7408,15881,11492,13517,38073,39207,16804,24667,1953,8901,12169,29404,15562,9242,16220,13869,4126,12556,3789,14895,4335,5067,2918,6508,5190,4722,5396,11658,12600,2787,9353,10656,3360,2304,3600,9745,1481,4252,2393,10837,22308,16706,16189,2756,25840,935,18087,13154,8213,2447,4649,819,1876,6201,5331,5940,1464,2232,9228,15990,1575
"hsa-miR-30e-3p",1191,2876,857,1036,618,3265,746,975,2280,2868,914,1296,1035,1380,3254,3750,1502,1656,505,590,1392,2725,1600,982,1206,1409,286,1630,633,2462,762,802,510,1351,816,789,826,2553,2017,301,705,1972,489,305,414,1126,215,522,323,1300,3087,1326,1527,222,2185,80,2380,1441,620,252,337,139,236,591,589,750,172,369,644,1936,205
"hsa-miR-30e-5p",2893,6432,1945,2496,1367,7949,1999,2934,4236,7413,1645,3746,2599,4451,6101,11937,4183,4052,385,1483,3677,7824,3768,2425,3967,3609,766,8481,2842,9036,2773,3113,1855,4796,4083,2808,3997,7716,8023,1231,2056,11313,1344,958,869,2938,393,2133,915,2547,11556,2811,4101,914,5688,235,5193,2959,2579,691,1488,290,521,1390,1300,2135,592,1163,2553,4865,346
"hsa-miR-31-5p",129,187,113,145,127,213,85,135,125,270,180,49,76,135,196,162,157,91,91,63,190,169,227,130,87,73,51,147,87,447,105,154,159,197,159,91,181,511,155,26,25,123,75,48,30,229,11,116,47,387,226,92,221,22,60,20,368,204,53,56,56,41,62,142,23,52,9,52,49,180,17
"hsa-miR-3120-3p",49,272,42,28,97,318,28,56,180,160,39,53,36,32,250,128,128,95,64,17,25,164,55,27,34,79,0,27,0,111,6,8,0,5,8,10,0,9,12,22,37,86,0,12,15,67,0,0,21,99,159,78,149,21,149,0,86,61,35,0,0,0,0,44,29,30,0,0,60,82,0
"hsa-miR-3135b",48,28,11,17,51,18,0,9,22,19,0,25,25,14,30,68,11,49,0,0,0,10,11,0,19,24,0,15,12,24,12,0,0,16,0,0,0,10,11,0,0,17,0,0,0,31,0,0,0,24,22,28,40,0,23,0,26,49,26,0,10,0,0,11,18,14,0,0,0,34,0
"hsa-miR-3138",19,87,41,21,16,32,35,23,163,35,7,64,35,76,142,153,29,123,0,50,17,48,56,33,32,76,8,19,7,22,7,4,0,6,0,7,0,4,14,0,26,20,0,0,17,58,0,0,0,56,42,78,58,12,166,0,76,82,20,0,0,0,0,17,28,30,0,0,17,66,12
"hsa-miR-3196",53,6,82,43,0,8,6,31,7,6,58,8,13,21,21,30,30,162,0,21,16,20,47,17,16,48,10,17,51,34,26,44,63,52,24,13,47,94,41,0,15,0,0,0,0,25,0,17,0,67,17,42,35,13,40,9,60,72,41,22,28,22,15,19,18,32,10,16,0,86,0
"hsa-miR-32-3p",41,100,14,29,22,84,15,38,43,92,22,68,34,81,83,217,28,68,0,32,57,92,77,37,24,79,18,112,74,122,57,36,18,84,39,27,51,60,109,15,42,59,20,0,24,61,0,22,0,53,101,65,69,21,107,0,114,73,39,21,35,0,0,30,28,42,14,15,21,109,0
"hsa-miR-3200-5p",21,24,54,28,0,12,20,31,4,22,33,7,15,32,17,24,19,20,0,0,53,45,0,10,20,0,0,15,56,30,0,0,0,32,16,11,17,31,40,0,13,23,16,0,13,108,0,0,0,42,40,74,39,0,89,0,125,41,0,0,0,0,0,10,0,30,0,0,16,93,0
"hsa-miR-320a",48561,71999,42841,27543,35085,82429,51253,44849,136680,57886,19507,60299,25213,29173,145733,66875,58946,71011,1030,20351,32329,105541,24641,34838,36227,60750,15969,37660,15609,34307,22628,20103,10514,23071,18166,17781,18305,52244,47908,6878,17917,15332,9894,4513,9991,69101,5374,9244,6319,114140,67231,105599,86249,5072,81712,3453,68542,63187,13101,7835,9908,4625,5421,13169,10707,30849,4773,6712,14705,69595,3855
"hsa-miR-320b",1509,1593,1299,1225,983,1813,1213,1208,2264,1586,571,1595,1159,1234,2462,1837,1513,1562,190,1455,896,1669,1003,1312,1105,1423,941,1235,785,1014,1391,841,690,1012,781,1231,829,1905,1763,230,470,338,293,240,624,1770,381,410,267,2442,1484,2816,1854,192,1999,282,1854,1629,397,273,318,268,254,375,301,917,309,211,533,1752,244
"hsa-miR-320c",620,602,657,471,403,847,519,471,902,732,255,657,519,508,1200,875,574,737,76,578,333,701,446,524,528,556,440,462,309,412,459,318,251,332,255,353,349,693,622,101,230,152,121,81,213,706,125,133,116,952,572,1194,797,78,878,97,829,728,195,126,141,93,103,182,131,395,95,72,172,820,103
"hsa-miR-320d",196,173,156,140,107,211,119,132,186,206,94,197,130,185,284,196,166,190,16,147,122,156,148,156,144,170,127,169,114,129,161,143,106,129,99,126,111,262,293,26,60,31,43,34,66,206,48,63,53,228,141,289,188,17,230,50,224,217,63,36,51,27,30,64,42,122,33,18,44,242,40
"hsa-miR-320e",90,5,30,23,117,39,41,72,5,8,7,179,17,2,30,1,63,7,2,118,14,23,26,59,8,90,54,4,6,1,36,8,5,5,9,16,16,82,16,0,28,26,0,0,0,86,0,0,20,114,101,173,106,0,112,0,88,92,0,13,20,0,0,18,18,36,0,0,25,83,0
"hsa-miR-323b-3p",0,15,0,39,0,31,8,14,6,0,13,10,0,12,6,169,8,34,0,0,49,49,22,0,34,9,0,24,0,50,0,0,0,0,14,11,8,0,29,0,0,25,0,0,0,0,0,0,0,52,16,58,42,0,66,0,52,75,13,0,0,0,0,0,0,17,0,0,22,61,0
"hsa-miR-324-3p",12,79,52,23,26,13,17,16,27,23,0,0,17,16,23,55,16,30,0,18,36,41,67,0,44,16,18,21,0,0,26,0,0,33,17,0,0,23,45,0,14,19,0,0,7,44,0,10,0,48,56,70,57,0,90,0,84,51,7,0,0,0,0,0,17,17,0,7,11,74,7
"hsa-miR-324-5p",170,672,324,140,262,821,183,365,689,383,79,273,274,440,694,846,257,645,79,602,317,511,484,202,441,185,253,357,78,573,86,99,101,169,132,112,172,145,258,61,166,218,61,37,60,556,15,77,21,557,723,668,743,57,784,29,666,529,145,49,69,20,28,83,114,181,35,85,134,702,37
"hsa-miR-328-3p",16,77,37,27,0,79,25,0,91,37,18,37,43,30,65,140,20,54,0,28,49,74,79,17,59,34,0,22,0,0,0,0,0,0,0,0,0,25,55,0,22,16,7,0,9,33,0,14,0,34,63,103,81,0,101,0,80,50,13,0,0,0,0,0,22,26,0,6,12,67,7
"hsa-miR-335-5p",3630,8382,1703,1833,9547,13777,1628,2772,7212,7298,2126,3582,2422,2900,13946,7532,4085,4215,3093,1479,2505,8302,2149,1512,3644,5284,422,2218,1134,5095,600,678,513,1493,1118,855,683,3514,1599,577,1683,4637,909,355,587,2355,212,761,819,5057,10766,4159,7986,498,3200,119,5140,3058,1593,751,608,138,669,2055,1637,894,223,627,2711,3716,334
"hsa-miR-338-3p",0,11,0,15,0,7,0,14,11,10,0,9,7,20,12,12,5,13,0,0,22,9,26,34,7,0,0,11,24,18,0,26,11,61,16,13,0,34,52,0,0,66,0,0,0,43,0,0,0,35,62,26,46,0,43,0,73,23,16,0,16,0,0,0,0,24,0,0,0,53,0
"hsa-miR-339-3p",356,1111,386,286,8,1036,185,319,797,840,287,417,317,453,1046,1132,609,734,32,257,606,1306,577,349,388,359,108,428,159,553,207,224,159,291,226,203,205,218,248,49,175,254,82,42,76,593,41,109,53,1238,1283,958,1089,50,913,38,731,745,158,53,86,27,54,101,132,292,35,63,143,853,30
"hsa-miR-339-5p",11,47,37,25,0,33,0,16,31,23,23,23,20,20,58,169,18,47,0,55,46,54,202,18,58,33,17,25,0,0,0,17,0,35,15,0,0,0,14,0,16,18,8,0,8,38,0,19,0,73,60,137,83,0,90,6,76,97,15,0,12,0,0,0,18,49,0,0,0,90,0
"hsa-miR-340-5p",51,244,28,84,64,282,34,81,78,380,60,144,50,94,223,579,77,78,14,35,130,414,116,63,91,206,9,304,62,300,81,82,22,102,104,82,49,111,189,26,62,253,45,18,17,78,12,60,29,124,370,90,162,42,81,12,155,90,64,18,63,0,18,55,63,51,0,17,74,135,13
"hsa-miR-342-3p",1726,3714,2084,2079,1419,3018,2133,1934,3081,3169,1361,1832,2013,3435,7447,4859,2204,3240,799,1500,3269,3585,4282,2036,2582,1329,1088,2678,1143,4543,3105,1770,1324,3113,1574,1145,1907,5494,2448,799,1417,1294,929,690,926,2635,500,1312,355,1592,2293,1921,2736,817,1955,570,2387,3104,1348,581,1475,412,694,1277,642,1447,367,445,636,4088,373
"hsa-miR-342-5p",122,239,180,134,248,160,171,114,251,171,129,134,125,164,420,266,92,221,81,145,122,111,244,133,215,112,99,119,102,209,188,125,120,137,95,71,130,298,96,31,84,71,39,20,55,274,25,42,21,280,236,274,329,25,165,36,262,286,59,30,62,26,41,83,81,109,0,32,59,388,35
"hsa-miR-345-5p",0,33,0,23,25,38,0,0,26,48,18,0,21,27,33,36,36,24,18,0,32,0,77,47,21,17,0,23,0,30,0,0,0,27,20,0,0,0,62,0,6,21,7,0,0,36,0,7,0,35,64,48,41,0,62,0,95,24,0,0,11,0,0,0,8,20,7,14,6,49,0
"hsa-miR-34a-5p",19,29,0,0,13,16,0,34,10,48,14,33,24,33,10,14,24,20,0,0,26,41,30,40,21,0,0,57,56,49,34,82,20,102,65,58,25,48,178,21,16,157,20,14,13,26,14,43,0,27,55,35,44,14,51,0,21,28,18,0,0,0,0,0,0,13,0,16,27,88,0
"hsa-miR-361-5p",445,1078,303,385,413,1485,238,491,726,1433,428,393,323,394,1273,1765,584,534,98,278,753,1468,626,362,468,635,152,386,210,1193,237,319,118,449,372,160,206,1103,936,178,270,572,231,103,148,325,78,295,214,517,686,292,445,70,481,57,648,351,270,125,219,83,136,310,184,164,49,105,329,547,110
"hsa-miR-3615",103,170,59,69,35,120,63,109,111,107,44,122,124,126,170,159,139,160,0,89,182,214,136,91,101,56,35,123,53,106,59,41,24,69,74,17,60,122,117,20,64,144,29,28,17,121,9,34,14,118,166,136,143,9,260,0,203,87,32,19,29,8,12,15,20,80,16,41,43,90,15
"hsa-miR-362-5p",39,53,17,30,87,44,10,24,27,102,30,13,21,53,49,105,136,44,18,5,56,63,51,35,48,10,0,118,89,168,81,68,54,118,85,35,91,206,238,12,33,96,18,12,0,88,0,13,25,125,198,218,178,12,192,0,159,111,14,0,17,0,0,17,19,89,18,28,37,156,0
"hsa-miR-363-3p",0,9,0,0,0,10,0,12,0,20,0,17,13,31,19,33,23,0,0,0,31,15,28,0,14,0,0,10,14,10,15,0,15,57,15,18,14,45,38,0,10,38,0,0,0,35,0,0,0,29,49,32,36,0,55,0,53,30,0,0,0,0,0,0,11,28,10,0,0,92,0
"hsa-miR-3656",39,28,34,80,21,29,21,60,48,80,21,59,55,68,87,80,20,86,0,29,65,65,126,74,81,48,93,119,42,41,37,38,38,68,61,87,56,44,69,17,26,23,32,0,11,71,0,41,0,50,38,83,47,20,112,19,112,75,34,20,24,21,22,21,24,74,16,0,19,86,10
"hsa-miR-3679-5p",19,53,80,45,32,48,37,33,239,49,11,59,62,47,121,145,63,75,0,100,10,40,58,72,69,129,8,29,8,13,0,9,14,9,0,4,0,7,11,0,31,21,0,0,16,73,0,18,0,97,43,148,76,12,214,0,122,108,15,0,24,0,0,0,24,54,13,0,15,110,0
"hsa-miR-369-5p",2,118,6,35,1,108,14,29,27,1,40,8,4,37,44,420,18,57,0,48,116,105,55,0,145,27,9,10,13,188,9,4,13,9,39,15,19,5,50,22,33,70,0,0,0,50,0,29,0,98,43,54,42,32,137,0,117,111,49,0,19,0,0,0,0,31,0,0,35,81,0
"hsa-miR-374a-5p",7,46,5,12,0,40,0,9,3,113,8,28,3,13,8,81,10,12,0,8,26,63,14,4,6,39,0,79,18,95,21,37,7,64,55,14,17,57,61,14,20,98,26,0,0,28,0,26,0,27,58,24,28,0,0,0,46,26,23,0,26,0,0,0,25,24,0,0,24,61,0
"hsa-miR-374b-5p",34,161,12,44,6,193,22,70,58,143,17,55,29,72,116,268,60,76,0,19,72,172,97,31,68,105,0,137,33,189,15,59,0,90,67,25,27,108,114,22,31,138,32,19,18,41,0,42,21,61,156,34,70,17,86,0,99,48,61,16,22,0,12,29,48,15,0,0,39,96,0
"hsa-miR-375",0,0,24,0,0,0,56,33,0,37,0,0,26,0,0,0,44,0,0,61,44,35,28,90,0,0,0,30,0,43,24,46,0,48,52,0,0,33,111,0,4,159,5,9,0,3,0,20,30,30,8,3,6,0,7,0,7,11,0,0,0,7,5,17,0,17,0,0,8,14,20
"hsa-miR-376a-3p",35,489,23,103,234,266,24,46,148,31,85,66,24,40,254,442,66,83,55,113,204,240,68,0,113,182,24,32,0,344,14,0,10,21,45,18,0,14,55,37,43,155,35,0,0,29,0,17,27,239,109,83,126,53,129,0,145,141,90,15,21,0,13,20,19,30,0,20,117,95,0
"hsa-miR-376c-3p",109,1519,80,258,431,1156,141,231,376,90,262,151,68,158,717,1306,284,355,54,301,755,899,137,16,325,518,117,72,20,1070,27,33,32,57,154,46,35,113,174,103,119,564,97,25,0,121,0,77,63,775,455,310,428,66,349,0,616,385,172,35,70,16,66,75,66,102,19,66,345,306,13
"hsa-miR-378a-3p",547,643,173,265,184,873,217,431,500,1183,547,138,206,429,854,535,794,264,65,157,543,760,340,437,329,281,104,417,152,978,243,191,171,359,295,109,196,1300,665,64,104,457,86,43,57,519,32,172,135,1346,1015,561,1147,30,476,31,811,473,67,78,70,66,89,202,92,210,44,134,146,906,45
"hsa-miR-378c",17,22,7,7,61,102,24,16,12,67,14,2,3,47,41,7,87,19,49,6,10,24,24,21,18,8,0,14,0,174,0,14,0,28,28,26,28,123,28,10,14,41,0,0,0,58,0,11,9,147,124,53,121,0,42,0,87,43,0,0,0,9,0,22,0,19,0,14,18,84,0
"hsa-miR-379-5p",0,47,6,12,25,37,2,7,6,0,4,4,2,7,16,93,6,30,6,14,29,28,8,0,17,15,4,8,0,57,0,0,0,3,17,0,0,2,15,18,23,42,0,0,0,0,0,0,0,40,0,34,0,0,56,0,60,55,20,0,0,0,0,0,0,0,0,0,0,28,0
"hsa-miR-381-3p",0,40,8,12,0,32,12,8,11,0,9,9,0,20,18,96,0,20,0,33,28,28,9,0,12,28,16,0,0,75,0,0,0,9,9,10,0,5,19,0,17,24,0,0,0,0,0,0,0,34,0,25,17,17,60,0,63,36,42,0,0,0,0,0,0,0,0,0,20,20,0
"hsa-miR-382-5p",691,3758,751,2068,1742,3734,1094,940,2386,515,1432,1211,469,1110,2903,9641,1232,2793,169,1872,2065,2685,1175,149,3746,2359,766,744,156,3081,345,226,203,368,611,504,322,277,947,331,529,784,291,99,119,909,50,231,119,4992,1326,3636,2602,497,4137,72,3240,4125,761,193,244,60,230,177,204,997,108,185,1254,2132,59
"hsa-miR-3928-3p",23,50,0,0,27,81,19,0,44,78,0,16,17,26,61,24,27,22,0,0,18,34,0,0,21,18,0,0,0,27,0,0,0,0,0,0,0,16,16,0,11,8,0,0,0,29,0,0,0,58,52,36,62,0,26,0,31,20,14,0,0,0,0,7,0,12,0,0,12,21,0
"hsa-miR-409-3p",168,1159,262,719,812,1121,320,213,645,117,471,426,129,426,742,3664,359,786,98,595,946,895,409,24,1098,773,297,388,53,1703,162,82,98,132,325,207,149,98,506,162,181,320,106,30,34,246,22,93,23,1696,492,1284,652,193,1559,39,1289,1695,282,59,106,18,78,55,86,410,37,48,408,794,17
"hsa-miR-411-5p",53,506,49,174,335,505,78,103,204,27,96,142,58,139,235,869,109,308,43,178,333,403,135,11,172,232,68,100,29,476,52,39,38,78,123,80,33,55,196,44,67,213,53,23,17,55,19,50,31,185,110,138,59,85,379,0,277,264,168,39,62,0,47,40,40,68,16,21,148,174,14
"hsa-miR-421",236,689,141,180,394,721,144,307,495,554,119,266,199,282,612,763,312,340,173,106,226,547,224,134,246,201,24,363,86,507,111,113,66,173,164,98,140,290,350,86,129,348,61,42,80,236,28,78,62,251,567,260,370,52,393,14,397,230,124,60,70,18,37,141,94,145,30,97,181,311,12
"hsa-miR-423-3p",88,326,61,54,57,440,17,115,160,267,21,101,104,134,189,497,121,167,0,49,190,148,272,56,220,73,9,147,23,360,43,125,35,129,91,40,50,120,156,35,74,168,23,15,22,195,10,37,14,204,349,209,336,21,279,0,251,150,47,15,30,0,0,26,65,67,10,21,69,275,15
"hsa-miR-423-5p",21983,29208,27605,22753,10695,36604,23864,21470,67321,30652,10579,42018,27083,40443,68833,89804,26609,61139,635,37209,20056,44808,33141,21165,37400,35117,19798,29703,8887,14146,11343,9347,7326,12706,9738,12329,16914,16851,22134,3354,10940,7255,5593,3189,7240,50536,3604,5924,1886,57066,26542,75483,43910,5079,74713,3457,54703,51614,9008,4233,6324,2866,3020,5221,6610,24919,4425,2884,7727,60865,3124
"hsa-miR-424-3p",55,65,34,32,29,71,36,46,24,60,30,33,38,76,52,63,79,35,22,19,46,25,51,54,37,35,16,86,48,65,68,64,55,80,55,43,44,132,172,16,30,119,19,20,21,41,12,13,16,77,93,49,69,0,83,0,87,75,21,15,23,17,13,29,0,25,12,30,27,67,0
"hsa-miR-425-3p",250,814,271,236,266,841,139,297,770,632,222,265,248,304,805,1235,457,791,119,284,312,977,596,283,446,256,89,258,57,573,95,130,46,212,144,92,85,228,379,63,211,362,62,51,79,380,29,94,54,441,988,711,710,41,957,20,612,389,119,50,93,23,34,96,127,180,29,60,172,480,36
"hsa-miR-425-5p",1265,3807,1380,1066,308,4043,911,1664,3968,2875,563,1991,1666,1961,3478,5424,1749,3164,20,1062,1661,3808,2421,1609,2361,1895,360,1933,321,3149,506,578,353,775,721,516,674,1108,1632,318,783,1396,277,239,301,2007,139,393,130,2558,5305,3523,3765,309,3761,109,3439,2219,682,194,389,62,105,302,486,1214,160,164,656,3458,165
"hsa-miR-4306",115,41,19,13,206,207,18,124,21,88,12,9,32,54,45,4,79,30,131,18,47,67,8,28,29,61,21,4,8,18,0,2,0,2,10,2,18,39,2,0,18,43,0,0,0,119,0,0,13,118,98,188,111,0,117,0,163,82,18,0,0,0,0,26,0,52,13,34,22,118,0
"hsa-miR-431-5p",23,295,24,37,28,259,36,103,37,5,24,28,21,57,115,356,54,160,6,137,245,177,56,0,82,70,38,15,0,298,20,15,14,21,112,32,18,8,89,19,36,75,31,0,0,72,0,26,15,175,70,124,83,30,250,0,200,257,64,16,17,0,0,0,18,51,0,22,55,171,0
"hsa-miR-432-5p",944,4670,1332,2244,4442,4110,1746,1493,3570,278,1046,1929,663,1283,4557,7289,1531,4703,714,4855,2858,3272,1406,149,1977,3441,1281,788,141,2280,380,156,264,358,674,591,358,283,1085,338,770,623,405,81,105,1028,82,264,107,6177,900,5007,1412,630,7924,103,4104,7476,982,274,380,112,297,232,277,1392,141,187,1375,2919,97
"hsa-miR-4429",200,94,123,86,187,197,103,93,157,141,7,150,77,74,206,100,123,115,33,136,74,195,73,96,68,140,97,17,13,22,38,9,10,5,24,42,77,103,36,13,35,34,0,0,27,144,13,15,31,193,144,329,135,12,213,0,156,132,29,24,25,23,17,26,16,82,16,27,38,146,0
"hsa-miR-4433b-3p",125,538,293,159,340,0,365,393,1392,594,80,1443,94,441,524,1602,413,435,18,1176,290,622,210,458,482,1176,242,354,0,231,82,15,31,19,27,120,54,29,0,274,776,134,137,45,156,0,67,254,23,502,110,0,433,108,667,0,564,1012,346,23,109,0,34,51,73,195,45,22,254,0,23
"hsa-miR-4433b-5p",70,268,91,50,33,81,83,157,319,372,55,370,29,156,199,841,75,159,0,272,234,208,206,87,325,200,22,147,0,219,16,22,0,11,39,22,11,11,17,53,191,87,37,17,66,27,25,79,0,140,154,149,191,17,257,0,259,225,84,0,42,0,0,29,89,46,0,0,121,137,25
"hsa-miR-4443",15,42,12,23,0,6,25,16,19,46,0,21,12,44,26,28,31,49,0,14,29,41,36,49,20,15,0,17,18,15,24,0,0,20,0,0,29,45,38,0,13,27,9,0,9,34,0,0,0,45,23,47,26,10,55,0,32,32,0,9,0,10,0,0,11,18,11,0,11,50,0
"hsa-miR-4446-3p",19,39,32,4,84,18,12,3,196,20,0,39,18,11,95,102,17,42,0,16,8,27,21,6,39,34,9,40,0,6,0,0,8,0,4,6,4,0,5,0,33,0,0,0,0,57,0,0,0,72,37,84,44,0,111,0,59,81,17,0,0,0,0,0,23,0,0,0,36,77,0
"hsa-miR-4454",30,115,33,40,0,95,37,41,13,93,33,36,43,36,14,52,47,88,0,0,43,0,111,40,38,32,0,17,24,73,42,73,24,85,30,0,19,67,102,9,18,55,10,8,11,58,0,25,0,90,98,75,72,0,129,0,121,98,12,0,8,7,0,0,25,40,13,16,0,198,11
"hsa-miR-4488",16,15,33,20,0,4,6,18,3,11,17,9,11,6,4,7,13,57,0,16,8,0,28,11,10,26,0,12,19,28,10,29,18,45,26,0,22,44,37,0,16,15,0,0,0,40,0,11,0,59,0,29,35,0,41,0,57,54,27,11,18,0,0,19,0,18,0,12,0,79,0
"hsa-miR-4492",86,25,80,76,33,22,15,38,16,19,54,21,24,40,46,45,28,135,37,35,40,25,94,16,36,62,25,14,53,45,67,46,33,80,82,15,69,92,62,11,27,18,0,11,13,61,11,26,14,82,38,47,43,0,44,13,85,85,41,17,27,33,18,23,17,32,0,17,0,134,9
"hsa-miR-4508",92,115,123,97,44,135,49,97,48,71,120,42,80,67,174,114,118,270,48,51,64,110,116,64,88,113,29,57,83,126,46,106,78,168,146,35,51,177,114,17,17,34,50,14,26,116,10,37,20,153,56,101,94,16,79,11,175,150,57,26,32,63,41,48,37,82,9,15,22,215,15
"hsa-miR-4516",93,72,76,107,18,22,41,59,64,41,90,51,86,78,67,106,77,330,0,40,84,44,86,49,73,112,33,37,52,72,77,98,69,144,63,30,42,73,101,17,23,12,14,0,12,80,9,20,10,97,33,66,53,17,55,19,128,123,71,27,40,57,29,25,22,56,20,11,11,196,13
"hsa-miR-451a",413,300,198,244,14,525,122,558,166,393,398,192,519,744,226,601,336,407,22,80,924,449,460,284,251,74,117,447,432,758,157,328,148,1124,713,167,479,876,971,70,129,936,148,71,121,1038,57,195,28,499,730,781,344,11,1151,15,1436,629,51,16,41,19,23,28,151,470,102,80,94,2502,30
"hsa-miR-4532",97,91,87,63,28,38,43,49,67,65,56,40,47,61,48,48,70,142,0,49,56,53,80,29,37,87,35,53,65,113,71,74,71,136,86,34,84,175,95,20,11,25,14,8,13,49,6,25,10,72,50,40,74,16,32,8,82,73,43,33,21,57,41,23,32,31,22,30,18,126,18
"hsa-miR-454-3p",32,114,7,57,85,189,31,44,74,174,33,33,50,62,44,411,50,53,18,1,108,147,83,24,23,76,6,138,43,220,26,60,23,159,131,90,90,100,169,34,46,163,30,21,18,88,0,48,0,80,138,64,100,23,142,0,137,77,42,0,42,0,17,30,46,46,0,33,44,191,0
"hsa-miR-4665-5p",6,16,10,8,15,27,0,6,58,28,0,12,14,7,48,31,15,19,0,14,7,42,12,8,15,8,0,0,0,18,0,0,0,0,0,0,0,0,0,0,0,0,0,0,0,32,0,0,0,39,43,43,46,0,50,0,31,29,0,0,0,0,0,0,0,14,0,0,0,25,0
"hsa-miR-4710",35,64,17,16,24,73,21,44,56,36,0,21,0,25,61,60,18,42,0,17,0,40,52,17,31,38,20,15,0,11,15,16,0,21,0,0,0,11,12,10,13,19,10,0,0,20,0,0,0,21,25,30,24,0,20,0,19,21,10,8,15,10,14,22,31,0,0,0,12,25,0
"hsa-miR-4732-5p",112,23,125,109,84,55,45,134,43,34,74,39,94,211,59,108,86,138,56,20,111,77,51,61,77,9,94,70,111,39,41,28,34,80,30,25,99,113,103,14,32,18,20,11,27,312,16,13,11,121,45,152,52,0,237,19,177,153,13,11,16,19,14,14,13,75,38,35,32,244,0
"hsa-miR-483-5p",220,64,253,146,33,73,104,75,70,114,65,451,173,122,446,169,180,337,20,141,79,125,262,250,211,104,319,169,193,67,165,360,130,404,238,445,231,293,605,54,146,17,86,44,179,267,69,154,30,73,27,138,66,41,275,93,175,367,112,54,100,91,35,96,42,249,41,0,26,306,50
"hsa-miR-484",161,712,257,168,76,531,144,294,446,480,180,245,333,426,619,1090,268,530,14,125,328,577,690,227,336,192,70,202,71,208,53,130,51,221,100,52,47,186,201,48,123,182,64,46,59,341,31,87,17,407,540,443,481,27,814,8,679,353,76,15,65,13,31,35,144,157,29,69,83,598,39
"hsa-miR-485-5p",20,174,30,169,62,156,70,44,136,9,116,49,10,45,194,911,65,212,5,156,180,180,58,0,340,182,48,38,6,199,10,4,6,6,24,27,17,4,31,32,54,27,28,0,0,91,0,20,0,281,56,234,122,50,330,0,253,308,41,18,17,0,15,23,20,67,0,0,67,157,0
"hsa-miR-486-3p",1190,1027,430,569,862,1289,672,1427,709,1022,319,564,911,1804,1184,1190,1639,853,808,365,1391,1053,779,491,787,581,273,1184,610,860,423,324,242,705,1109,480,1423,1398,962,500,694,1152,271,109,208,1571,132,222,134,711,678,1268,571,98,1602,83,1137,2528,220,181,178,103,116,226,191,663,319,388,537,1456,51
"hsa-miR-486-5p",19294,17238,9722,11048,25410,34497,10531,31932,11465,22923,9708,8761,15351,43086,17914,24134,29069,18816,11484,3567,27526,25082,15755,7029,13382,5984,3444,28382,19614,37225,10865,15286,7659,29555,35050,8978,28696,37821,37041,3383,6488,21073,4776,2627,4539,70917,2140,3835,2594,32083,28764,45957,23637,1602,49988,1715,46732,19638,4502,2957,4023,1699,2275,6218,2447,27169,7638,12853,6251,54505,658
"hsa-miR-487b-3p",0,69,0,24,20,45,7,11,24,6,15,18,0,14,11,145,12,34,0,22,77,73,36,0,40,14,0,0,0,138,0,0,0,29,31,0,0,8,38,0,16,39,0,0,0,0,0,21,0,48,0,59,0,0,101,0,89,83,33,0,15,0,0,0,16,15,0,0,31,46,0
"hsa-miR-493-3p",10,171,14,53,88,165,47,29,63,5,46,21,0,47,91,245,49,103,5,79,133,98,55,0,82,66,14,24,0,236,17,6,12,21,49,27,4,9,75,25,27,55,16,0,0,45,0,20,0,154,51,97,46,28,178,0,167,145,43,0,16,0,0,18,0,33,14,0,70,94,0
"hsa-miR-493-5p",5,132,5,19,4,102,8,23,18,0,10,12,6,7,36,215,15,55,0,56,104,64,6,0,53,34,19,18,6,109,6,0,0,8,54,7,5,2,27,22,0,36,0,0,0,0,0,17,0,61,25,40,0,23,87,0,66,77,35,0,21,0,16,0,0,20,0,0,34,55,0
"hsa-miR-5010-5p",116,19,82,44,63,22,21,109,134,21,37,47,77,142,169,252,43,262,4,59,43,80,72,47,128,15,47,22,1,2,1,1,10,1,8,1,6,2,1,0,36,0,18,0,22,118,0,0,0,128,55,137,98,14,169,0,144,151,22,0,24,13,0,23,0,53,22,0,31,189,0
"hsa-miR-503-5p",19,43,6,9,23,49,0,31,8,42,0,19,10,52,26,47,48,28,23,0,47,14,34,12,26,6,0,24,13,31,19,33,0,58,12,13,20,15,93,11,17,83,0,11,0,27,0,15,0,55,64,35,43,0,53,0,41,44,17,0,0,0,0,15,0,19,0,18,16,50,0
"hsa-miR-505-5p",393,697,406,253,465,831,296,361,952,509,145,527,344,535,788,879,295,576,108,342,349,466,453,209,520,361,121,224,54,282,118,160,63,151,119,94,141,210,303,67,234,111,49,49,79,692,35,95,40,431,282,610,372,80,876,46,553,595,134,58,91,45,48,117,108,190,39,87,158,611,40
"hsa-miR-5100",37,24,11,44,11,21,32,23,0,17,18,14,29,29,12,11,11,23,0,0,18,0,9,0,10,0,21,13,0,7,0,20,0,57,16,12,13,21,29,0,11,26,0,0,0,34,0,13,0,36,42,36,47,0,49,0,57,42,0,0,0,0,0,0,18,16,0,12,0,96,12
"hsa-miR-5187-5p",15,30,24,19,29,36,28,23,137,28,9,46,43,20,75,76,13,39,0,58,18,37,36,19,39,14,19,17,0,7,6,0,0,0,0,9,0,7,4,0,24,17,0,0,13,68,0,0,0,64,40,93,55,0,106,0,71,69,20,0,0,0,0,0,17,26,0,0,15,55,0
"hsa-miR-520f-5p",0,0,47,63,0,50,50,67,32,28,39,60,84,35,175,39,45,43,0,0,82,47,21,43,61,0,0,0,0,0,0,32,0,24,0,39,0,0,0,10,0,6,0,0,0,19,0,0,0,14,29,0,19,9,0,7,18,13,30,38,16,7,31,27,0,16,13,19,7,14,0
"hsa-miR-532-3p",13,13,17,0,0,20,18,27,11,48,17,0,43,19,31,31,30,21,0,0,0,26,0,23,31,0,0,29,0,16,0,0,0,13,0,0,0,33,30,0,8,12,0,0,14,28,8,0,0,18,0,34,18,0,46,0,42,27,0,0,0,0,0,0,0,18,12,0,9,51,0
"hsa-miR-532-5p",232,409,116,155,345,399,119,150,251,484,203,170,231,233,288,383,395,311,252,67,198,399,236,159,217,136,56,259,158,442,95,138,100,236,168,113,157,476,426,33,97,305,53,34,70,294,29,82,60,363,644,397,438,11,561,21,502,325,75,39,34,21,26,88,62,188,61,128,88,483,23
"hsa-miR-548a",30,240,18,41,91,226,44,42,129,233,29,91,44,63,161,471,122,129,15,23,42,203,58,51,83,93,5,78,8,205,16,47,0,9,13,25,11,18,50,14,39,71,16,12,26,78,0,18,13,127,219,120,161,15,128,0,118,80,35,18,27,0,0,28,27,59,0,0,35,129,0
"hsa-miR-548ap-5p/548j-5p",55,182,56,66,31,264,40,66,174,103,21,48,49,63,136,422,100,93,0,17,61,194,111,36,90,187,0,121,30,282,33,29,0,32,54,40,54,36,119,14,25,59,21,15,0,114,0,13,0,162,231,137,193,18,138,0,173,176,56,0,15,0,11,14,22,82,13,21,40,182,14
"hsa-miR-550a-5p",69,18,32,22,85,42,27,35,42,84,47,27,37,65,41,73,86,52,31,46,44,54,36,7,34,25,0,38,36,34,16,0,18,37,37,0,28,34,19,0,19,38,10,0,11,69,0,0,10,58,40,74,43,0,104,0,103,50,13,12,13,0,11,20,18,36,20,21,15,103,0
"hsa-miR-556-5p",12,50,12,0,8,28,0,21,15,22,0,0,0,22,23,34,15,23,0,8,16,18,25,9,34,14,0,12,0,14,0,8,0,0,13,0,0,0,11,0,0,24,0,0,0,36,0,0,0,22,25,42,31,0,48,0,30,30,12,0,0,0,0,0,0,17,0,0,0,44,0
"hsa-miR-574-3p",34,181,57,34,69,77,38,33,51,94,36,55,63,37,138,114,39,45,25,108,66,75,58,36,47,37,49,16,0,58,22,28,0,42,27,21,22,44,40,23,25,50,18,9,30,35,12,26,14,39,26,55,42,0,123,11,60,58,15,6,16,11,0,18,31,23,8,11,11,72,19
"hsa-miR-574-5p",1278,4412,2078,1903,2495,2192,1208,1687,2859,2279,593,2108,1305,1217,4239,3249,1533,1967,278,1683,724,1821,1214,1058,1319,1473,531,1250,621,1221,622,905,465,804,664,684,940,1226,1602,380,686,629,385,248,461,1401,298,484,249,1976,2539,2819,1796,179,3048,236,2145,2917,353,224,432,238,223,418,635,790,251,283,339,2337,196
"hsa-miR-584-5p",0,29,0,8,5,23,6,12,16,38,0,11,0,5,28,75,11,13,0,7,15,41,16,7,8,14,0,0,0,61,0,9,0,0,0,0,10,0,36,0,16,24,0,0,0,0,0,0,0,0,28,23,0,0,34,0,43,17,0,0,16,0,0,0,20,0,0,0,19,34,0
"hsa-miR-590-3p",20,56,0,22,0,45,0,15,21,72,0,25,15,21,33,105,20,30,0,0,23,74,33,18,17,23,0,62,30,73,18,29,0,41,41,0,15,57,59,13,0,75,17,0,0,13,0,21,11,23,56,16,28,10,31,0,44,22,20,0,16,0,0,10,14,14,0,0,21,81,0
"hsa-miR-598-3p",35,83,33,55,10,135,28,38,92,80,46,56,53,66,115,122,49,66,27,38,58,77,101,63,81,51,17,31,16,49,13,17,0,35,18,0,0,31,50,16,43,36,13,13,23,39,12,21,0,44,71,79,66,0,92,0,71,61,27,0,18,0,0,17,23,34,14,10,20,85,8
"hsa-miR-6087",117,81,136,151,0,57,71,78,92,69,108,59,87,100,133,114,86,282,19,50,58,72,104,66,90,100,44,99,118,93,157,97,72,148,85,44,132,198,85,13,35,18,17,12,14,93,9,26,10,128,35,98,65,22,100,25,145,191,65,34,50,85,39,40,23,99,25,20,14,284,12
"hsa-miR-625-3p",23,51,15,0,18,22,17,0,55,28,0,8,10,13,12,20,17,25,0,0,14,11,11,9,12,13,0,12,0,17,0,0,0,0,0,0,0,0,10,0,13,34,0,0,0,28,0,0,0,20,25,52,32,0,75,0,27,18,0,0,0,0,0,0,0,0,0,0,0,34,0
"hsa-miR-625-5p",813,2318,424,230,368,1456,570,416,2949,869,220,326,436,456,1053,1090,937,887,95,128,514,614,315,251,457,376,65,561,101,1694,203,181,72,327,253,118,177,390,521,126,195,771,86,51,61,630,58,134,50,681,875,1289,1554,47,1438,17,697,529,163,77,105,41,91,204,131,204,59,135,476,929,24
"hsa-miR-628-3p",838,1529,717,543,1124,1835,630,626,1857,1514,327,1145,514,872,1919,2038,659,1310,331,449,507,1425,590,408,766,788,160,780,212,702,254,219,135,251,201,281,303,464,556,125,492,482,158,85,192,620,86,148,126,491,964,670,641,244,1163,94,911,820,437,167,197,44,153,342,258,383,84,255,441,690,89
"hsa-miR-628-5p",14,40,0,10,9,31,0,17,21,59,0,13,0,9,16,56,15,18,0,0,10,45,23,0,11,16,0,12,0,42,0,9,0,8,10,0,0,6,16,0,13,22,0,0,0,0,0,0,10,19,38,26,21,0,34,0,48,18,0,0,12,0,0,0,16,0,0,0,0,37,0
"hsa-miR-629-5p",96,425,82,141,49,813,131,278,250,414,113,163,144,299,446,804,497,150,17,87,261,564,244,160,237,193,67,384,125,687,152,121,107,231,203,80,146,559,361,38,70,219,46,37,39,398,25,52,29,823,684,424,756,26,497,15,510,322,57,30,53,23,36,75,46,208,30,58,97,525,21
"hsa-miR-641",42,54,0,17,59,52,12,11,60,48,12,14,27,27,69,71,37,26,0,12,0,39,26,0,19,68,0,28,0,41,0,0,0,0,0,0,0,22,17,0,12,32,0,0,0,26,0,0,0,39,57,67,41,0,72,0,32,23,26,0,0,0,0,16,0,17,0,14,30,31,0
"hsa-miR-6515-5p",13,13,12,11,19,34,0,11,33,26,0,31,0,18,30,38,21,18,0,24,16,20,18,0,12,29,0,0,0,9,0,0,0,0,0,0,0,0,8,0,15,0,0,0,0,27,0,0,0,37,34,44,39,0,49,0,43,36,0,0,0,0,0,0,0,0,0,0,15,36,0
"hsa-miR-6516-5p",49,257,47,24,23,277,26,82,177,144,16,78,105,86,293,233,96,239,0,39,51,223,53,30,75,70,9,55,3,91,0,10,5,3,11,19,16,20,19,16,50,50,18,0,0,119,0,0,0,112,154,134,138,18,154,0,124,98,31,17,26,0,0,27,32,48,0,21,58,165,0
"hsa-miR-652-3p",2077,4803,1920,1571,3690,7239,1676,2062,5252,4883,995,3256,1862,3331,6107,7949,2617,4254,199,1648,2142,5000,2605,1375,2888,2715,602,3991,873,4484,1124,1335,728,1182,1242,1183,1594,1787,2751,524,1341,1833,519,351,530,3381,242,597,272,2882,4080,4373,3979,623,5626,242,4536,3458,1350,397,762,167,343,960,843,1585,303,628,1558,4547,264
"hsa-miR-652-5p",38,151,8,20,23,137,6,59,36,123,19,40,30,44,73,198,63,35,0,10,43,116,26,60,44,36,0,116,20,206,23,29,29,35,62,20,20,53,51,14,32,80,0,0,15,55,0,19,20,75,123,70,104,13,83,0,104,52,25,0,28,0,13,26,21,31,0,13,27,72,0
"hsa-miR-660-5p",167,241,125,119,21,241,97,139,212,326,130,160,209,184,217,269,225,258,39,63,173,253,243,197,162,111,100,151,149,229,86,101,63,203,91,59,85,329,287,25,84,202,43,19,40,207,27,72,35,176,344,290,236,11,423,14,357,223,45,21,25,13,17,41,68,132,58,56,37,333,39
"hsa-miR-664a-5p",152,194,128,136,289,276,116,136,357,183,63,185,124,123,299,467,119,294,25,112,100,227,159,48,181,180,48,118,29,97,62,33,48,71,34,27,84,53,54,25,75,47,22,15,34,211,17,36,13,199,149,299,222,30,287,17,255,220,47,27,38,0,16,49,50,85,16,22,45,250,15
"hsa-miR-664b-5p",23,12,5,10,23,36,14,22,70,27,0,16,7,18,12,104,11,30,14,32,20,19,15,17,15,35,0,8,0,5,12,0,0,5,0,0,0,5,12,0,0,0,0,0,0,44,11,0,0,33,32,69,31,0,66,0,46,45,0,0,13,0,0,13,12,20,0,0,0,55,0
"hsa-miR-671-3p",8,24,16,9,12,28,9,11,24,24,0,20,15,28,42,41,19,27,0,16,11,33,32,11,25,16,0,0,0,27,0,0,0,0,0,0,0,0,12,0,12,17,0,0,0,25,0,11,0,24,31,48,34,0,59,0,40,28,0,0,0,0,0,0,0,11,0,0,12,34,0
"hsa-miR-671-5p",66,219,18,27,1,164,35,47,177,206,31,18,8,28,251,79,80,50,0,39,38,146,102,102,68,83,8,100,24,144,91,33,8,55,38,26,39,148,72,17,35,41,0,0,0,96,0,19,16,221,219,150,245,12,132,0,137,97,27,17,19,10,11,24,24,46,0,14,42,147,0
"hsa-miR-6721-5p",8,15,22,23,10,16,32,21,83,14,0,81,26,11,59,46,15,61,0,22,0,30,7,8,13,30,7,9,7,0,0,0,0,0,0,6,5,2,13,0,29,0,0,0,0,47,0,0,0,30,0,84,0,0,110,0,46,51,29,0,17,0,0,0,0,26,0,0,19,51,0
"hsa-miR-6734-5p",7,1,41,29,10,2,9,8,182,1,2,73,171,14,39,25,17,206,0,86,8,9,20,13,31,92,35,29,23,1,2,1,5,11,1,10,26,1,4,0,20,24,0,0,18,91,0,15,0,81,54,140,67,0,132,0,99,96,0,0,0,0,0,0,0,48,22,0,0,114,12
"hsa-miR-6737-3p",37,72,80,43,0,50,75,37,40,68,252,40,76,49,54,54,47,45,0,0,51,50,69,36,56,38,24,0,36,33,0,24,0,42,52,49,0,55,37,63,39,28,26,57,41,29,31,57,6,4,9,6,7,9,20,6,7,8,17,12,20,12,14,6,4,5,18,4,41,11,0
"hsa-miR-6757-5p",0,37,0,29,0,35,63,39,34,45,108,34,49,42,29,31,26,0,0,0,31,40,28,28,30,29,0,0,22,28,0,42,30,42,55,24,0,28,44,31,8,16,8,15,12,3,15,20,10,2,3,2,3,11,1,9,5,4,5,11,16,19,7,11,8,8,7,6,13,5,7
"hsa-miR-6852-5p",12,33,13,0,14,56,14,21,56,42,0,13,9,16,53,57,38,34,0,17,16,57,11,0,12,20,0,12,0,26,0,0,0,0,0,12,0,0,0,0,13,12,0,0,0,35,0,0,0,43,44,36,81,0,45,0,34,27,11,0,0,0,0,0,0,18,0,0,16,34,0
"hsa-miR-7-5p",997,2617,387,474,1789,3089,439,1046,958,1689,1235,472,584,1007,1844,961,2032,780,1182,92,692,1732,417,523,335,799,73,1297,630,1609,369,311,181,1102,384,334,652,1420,1277,129,285,1253,207,87,187,1576,60,178,189,2287,3405,1801,2522,91,1316,30,1883,1031,193,114,116,78,166,429,169,548,172,500,330,1995,51
"hsa-miR-744-5p",3615,8985,3520,2464,4709,12814,2467,3971,10291,8229,1685,4741,3008,3160,10769,8653,3603,7246,1099,3307,3340,7719,3631,1994,4217,3854,765,2198,450,4555,668,849,360,906,849,722,984,1537,2213,748,1795,1815,682,337,482,7036,226,600,423,7437,5347,6691,6421,486,7550,213,6523,5973,1598,601,768,236,398,1241,1043,1592,200,552,2306,7116,279
"hsa-miR-760",43,53,46,16,70,127,31,30,219,45,7,61,36,47,141,120,29,84,0,54,19,70,41,48,70,58,11,47,0,14,12,6,12,16,11,0,0,0,23,0,27,17,0,0,16,68,0,14,0,87,55,142,89,11,147,10,89,83,18,0,18,0,11,0,14,28,0,0,21,70,0
"hsa-miR-7641",478,466,295,403,606,286,209,577,141,434,716,221,483,326,390,270,301,829,689,36,172,255,311,137,252,401,108,262,317,645,326,398,218,602,309,141,326,1245,641,42,68,213,67,36,57,566,39,104,32,1238,1552,584,1872,45,704,22,1150,985,126,89,98,74,61,100,65,396,50,113,71,1533,35
"hsa-miR-766-3p",39,115,67,51,20,164,34,52,131,69,20,38,71,93,99,160,37,106,0,49,52,69,100,19,106,36,0,46,0,64,0,18,0,24,16,0,0,20,27,6,26,28,9,8,13,65,7,14,0,80,75,150,121,0,182,0,118,89,14,0,11,0,0,10,25,39,0,8,22,138,7
"hsa-miR-766-5p",18,70,25,13,141,148,21,59,135,60,7,36,18,50,97,270,28,115,0,31,39,44,99,10,73,21,7,14,0,69,3,4,0,11,14,0,10,2,27,15,38,31,0,0,0,86,0,0,0,74,87,121,118,0,100,0,90,73,17,17,29,0,0,19,23,39,0,0,0,118,0
"hsa-miR-769-5p",25,46,18,0,0,50,0,40,37,61,0,15,12,25,35,78,29,20,0,13,40,29,29,24,29,0,0,24,15,56,25,20,0,69,37,0,14,90,59,9,15,53,0,0,0,43,0,12,0,73,193,57,116,0,53,0,83,32,15,0,9,0,0,12,12,18,0,0,20,57,0
"hsa-miR-7704",126,122,202,156,108,81,107,129,66,134,221,60,137,106,95,100,104,305,38,41,82,58,223,79,80,96,47,75,138,135,194,140,111,220,124,65,114,248,127,11,17,35,30,14,16,254,13,39,8,363,318,145,366,17,262,11,441,274,41,26,56,46,37,51,38,106,21,21,18,435,18
"hsa-miR-8485",147,251,79,156,282,264,120,156,508,173,53,54,287,77,172,237,143,276,27,167,107,134,152,45,138,82,19,82,11,119,33,73,60,92,22,49,82,47,52,40,244,57,29,33,99,72,28,50,12,84,106,103,101,26,142,20,113,93,28,21,20,44,17,30,32,39,22,15,54,125,18
"hsa-miR-877-5p",581,713,585,515,809,728,425,383,1486,556,149,787,547,805,1417,1820,507,992,125,743,456,669,628,442,667,612,273,402,112,246,170,138,109,150,126,140,173,234,387,72,244,116,90,44,138,841,50,96,61,914,369,1235,621,110,1690,69,866,1037,147,92,133,48,49,169,162,422,84,76,198,929,80
"hsa-miR-889-3p",0,100,12,10,0,78,12,24,53,0,12,12,0,31,49,129,31,25,0,58,48,88,19,0,37,36,0,13,0,51,0,0,0,0,14,0,0,0,16,0,14,30,12,0,0,0,0,0,0,42,22,37,0,20,72,0,52,65,24,0,14,0,0,0,13,0,0,0,25,24,0
"hsa-miR-92a-1-5p",20,32,17,19,59,24,24,16,23,41,0,15,13,18,60,21,32,15,0,12,10,11,51,11,32,16,0,35,15,28,61,30,20,64,25,27,17,36,43,16,14,18,12,0,12,56,0,14,0,55,49,44,48,0,47,0,44,60,17,12,0,0,0,16,13,27,0,0,15,71,0
"hsa-miR-92a-3p",1302,2305,1119,1161,779,2899,605,1283,1732,2700,1063,1190,1947,2342,1738,4403,1798,2236,147,545,2615,2493,3027,817,1634,804,327,1101,692,2863,695,1043,335,2382,1594,332,806,1880,2835,403,1032,2342,545,370,649,1844,239,793,99,1448,2419,1275,1164,127,4258,82,2659,1531,391,135,342,128,146,257,1009,724,293,321,785,2717,344
"hsa-miR-92b-3p",147,178,60,132,104,307,85,147,181,388,72,168,98,215,154,399,151,166,13,70,182,225,173,163,175,109,40,281,127,256,126,240,119,246,211,134,212,328,522,55,84,238,68,36,79,128,66,103,125,79,110,100,53,51,177,19,112,178,94,29,100,26,25,56,45,118,41,37,78,264,19
"hsa-miR-92b-5p",19,6,11,17,9,17,0,20,11,6,0,6,11,15,8,11,15,16,0,0,17,15,0,12,16,0,0,22,0,0,0,0,0,11,0,9,19,19,31,0,0,18,0,0,0,38,0,0,0,49,26,42,25,0,55,0,31,25,0,0,0,0,0,0,0,18,0,0,0,53,0
"hsa-miR-93-3p",65,133,37,23,74,198,17,59,76,130,67,65,129,151,91,284,115,122,11,48,111,243,190,67,153,76,28,28,20,117,14,25,0,50,53,9,14,98,130,11,37,89,21,13,18,121,8,25,12,164,253,151,197,8,174,0,196,109,25,9,17,8,0,21,28,64,9,14,33,206,0
"hsa-miR-93-5p",11332,19954,9147,6489,17069,30379,5354,9307,21154,19898,7878,8841,9175,10354,23396,21174,16077,15485,12999,11504,8975,24958,9038,6434,9208,7790,8104,12918,5492,19219,3602,3581,2329,8681,6211,4164,7682,15937,14425,2569,7456,24034,3175,1718,2741,15068,1125,3119,2204,10299,28959,12448,12253,1325,27258,1237,17908,10507,3890,1924,2203,905,1588,4404,3714,5683,2031,6637,7257,15304,1854
"hsa-miR-941",24,8,7,16,75,142,55,10,34,117,19,20,30,16,81,22,66,63,49,24,70,56,77,101,47,76,21,35,12,77,22,0,19,51,41,0,14,29,42,0,19,119,12,13,8,62,0,14,11,92,80,74,65,0,91,0,103,47,14,0,13,0,7,17,22,52,14,23,20,70,0
"hsa-miR-942-5p",3,35,2,19,37,26,23,8,4,39,7,12,3,11,28,168,2,14,0,0,59,63,7,5,4,23,0,42,7,105,0,10,0,17,48,12,9,13,75,0,0,54,0,0,12,56,0,19,0,54,70,76,63,0,67,0,87,50,0,0,13,0,0,0,0,37,0,14,0,76,0
"hsa-miR-944",0,41,0,50,0,47,67,0,0,51,35,0,58,44,0,55,0,0,0,0,40,39,31,0,36,0,0,0,0,0,0,26,0,27,28,33,0,0,35,17,10,9,9,21,10,3,10,17,6,0,2,0,3,4,0,4,3,3,4,3,10,6,8,6,0,0,0,0,10,6,0
"hsa-miR-95-3p",234,291,88,126,141,234,85,180,100,480,133,150,200,249,317,163,312,157,134,33,166,253,181,210,179,76,85,214,186,260,127,247,131,363,173,118,155,606,610,100,59,162,127,52,86,110,80,114,101,218,532,44,167,33,84,22,183,150,85,27,77,29,51,89,48,149,30,90,55,219,38
"hsa-miR-98-5p",13284,24902,11539,9354,13671,32104,10182,10395,29772,23579,5855,17972,11895,14012,30273,33623,11308,20936,2292,8955,9428,20424,11680,6845,12722,14287,2944,10988,3582,12136,4176,4081,2609,4351,3814,4582,5880,7489,9600,2119,7370,6789,1966,1471,3006,13280,1284,2314,1380,11922,15788,19442,11674,2962,28137,1611,19574,16831,5706,2634,3195,963,1719,3791,4298,7079,1681,2572,6266,19290,1317
"hsa-miR-99a-5p",350,416,247,308,46,288,181,254,271,495,204,353,327,278,297,337,325,375,35,130,331,272,519,617,232,264,192,263,195,375,336,412,194,387,217,125,156,706,888,55,96,272,102,65,118,190,78,221,149,423,334,417,271,28,323,34,479,332,145,45,201,87,37,52,120,270,34,20,43,511,147
"hsa-miR-99b-3p",10,38,45,14,42,85,18,40,37,183,49,46,34,23,174,96,50,106,20,20,11,171,89,87,61,19,52,22,0,29,20,21,0,15,28,14,11,31,76,18,44,58,17,9,11,52,14,21,10,57,123,92,61,0,149,0,91,64,17,0,15,0,0,31,18,35,0,0,16,70,0
"hsa-miR-99b-5p",307,672,364,406,836,1126,393,315,369,1287,327,540,591,573,1315,1510,470,644,109,265,338,1443,797,666,587,469,229,739,332,787,388,562,199,637,423,371,379,856,1432,188,421,448,237,198,238,413,138,297,131,515,887,688,296,93,1040,78,917,579,198,109,283,57,101,247,205,480,55,57,146,927,87
"hsa_piR_000651",674,758,621,464,386,304,183,425,285,334,324,264,383,263,433,409,432,1196,193,142,282,176,584,200,371,548,131,241,424,372,428,422,369,647,273,98,432,819,358,34,79,168,74,30,60,487,27,105,51,917,658,566,850,89,569,46,965,888,276,90,127,168,126,168,145,364,65,106,56,1348,47
"hsa_piR_000753",141,217,139,159,94,137,61,145,147,147,149,90,211,130,161,190,131,319,47,65,127,113,133,107,135,160,41,117,129,193,157,349,120,242,144,90,137,291,190,50,19,85,41,43,28,110,25,54,15,227,234,96,475,24,127,23,272,289,115,34,74,39,65,40,26,110,22,50,52,468,9
"hsa_piR_000765",64,1282,8,7,526,1091,11,128,184,38,0,45,4,40,984,567,21,102,22,56,78,42,130,13,164,167,7,12,12,213,20,82,9,253,46,9,96,31,144,134,69,738,14,0,0,51,0,27,0,111,238,64,206,17,43,0,38,211,47,0,24,17,19,70,108,38,13,56,66,92,0
"hsa_piR_000775",0,25,19,24,0,0,0,0,0,27,17,0,20,19,0,0,27,43,0,0,0,0,23,19,29,0,0,0,0,25,0,23,0,74,21,0,21,37,35,0,7,9,0,0,0,18,0,7,0,24,36,12,31,0,21,0,50,29,11,0,10,8,6,0,7,13,0,0,5,47,0
"hsa_piR_000794",0,39,0,0,18,43,20,41,26,37,78,0,38,21,26,26,47,20,31,0,32,32,20,17,0,22,0,18,17,25,17,24,0,27,17,0,0,40,32,21,13,65,6,8,0,6,0,14,0,41,39,13,25,0,17,0,14,20,9,6,7,0,0,18,12,8,7,8,9,46,8
"hsa_piR_000805",367,462,265,223,151,377,239,316,281,413,152,242,327,414,308,468,271,492,102,140,260,223,432,240,227,198,126,366,230,554,346,344,228,532,241,158,380,558,434,34,96,349,63,52,42,325,20,110,39,484,382,327,471,48,549,44,697,358,137,72,99,104,81,88,137,200,80,155,65,1219,50
"hsa_piR_000807",340,246,156,386,1,358,309,283,195,182,1082,162,952,376,86,120,271,204,6,87,727,110,518,576,381,227,112,103,206,1990,351,970,636,1303,1441,250,236,323,1021,571,482,888,382,418,351,116,270,593,53,96,124,60,93,40,70,25,113,69,83,60,60,42,59,82,83,52,47,54,731,157,31
"hsa_piR_000823",148,116,104,97,38,115,66,136,89,122,54,93,124,144,138,177,94,232,18,49,104,53,118,108,174,124,51,79,68,174,100,224,81,297,140,67,153,208,379,43,25,80,12,11,18,149,19,64,14,211,88,159,177,38,112,38,116,332,100,23,51,26,27,16,19,99,34,46,16,545,15
"hsa_piR_001040",189,176,200,180,47,67,81,129,46,118,177,45,133,90,115,160,153,405,25,71,120,57,200,63,133,193,21,108,156,208,190,182,135,302,138,48,183,354,192,8,34,74,25,11,20,174,0,25,13,346,251,197,310,32,219,17,343,351,98,40,50,74,45,67,55,151,24,39,14,504,23
"hsa_piR_001184",207,208,165,222,139,169,89,127,108,185,164,96,165,135,131,223,127,326,69,53,120,133,188,67,139,198,47,197,144,254,161,208,142,369,210,101,164,325,339,89,53,110,74,79,46,92,62,101,15,203,94,92,115,38,131,24,308,262,80,29,92,59,47,34,45,101,18,37,73,466,23
"hsa_piR_001318",149,117,142,150,121,59,55,72,53,103,104,87,103,109,73,143,110,310,57,50,97,54,131,59,109,105,42,71,100,143,110,160,94,206,133,62,127,236,182,13,28,41,19,11,10,139,13,19,10,158,137,109,184,34,127,24,230,248,80,32,47,56,27,45,25,110,24,52,19,361,36
"hsa_piR_001356",0,26,0,26,22,32,0,0,0,0,34,0,0,25,0,38,29,39,0,0,0,0,0,0,0,0,0,38,0,40,22,22,18,47,32,18,57,48,75,13,7,40,9,0,7,3,0,10,0,18,30,2,21,7,5,0,36,17,4,0,7,0,8,10,0,21,0,5,13,74,0
"hsa_piR_002468",27,62,0,18,0,48,0,18,25,37,0,0,0,23,17,63,17,37,0,0,30,18,0,0,18,30,0,25,0,28,0,0,0,32,22,0,0,20,30,6,10,28,0,0,0,13,0,0,0,35,42,19,38,0,16,0,18,18,17,0,12,0,0,8,13,9,0,0,10,48,0
"hsa_piR_004153",75,228,22,159,581,89,63,56,17,50,9,80,40,41,151,52,74,74,156,73,12,47,53,55,180,266,47,37,13,82,133,32,21,62,92,44,110,97,114,70,80,208,0,0,0,86,0,42,26,136,136,146,145,15,145,0,92,101,48,14,33,20,38,53,45,54,18,48,56,132,0
"hsa_piR_004307",33,40,17,39,0,31,0,26,20,33,21,25,29,29,44,34,41,80,0,0,32,21,22,29,17,36,15,50,32,71,27,71,28,136,43,21,30,65,123,16,9,94,10,11,0,41,0,17,7,60,94,59,88,10,47,0,44,65,31,11,10,9,0,8,16,29,0,11,10,121,0
"hsa_piR_004308",15,26,0,0,0,17,9,10,0,27,21,11,0,12,7,15,13,54,0,0,9,6,11,0,7,9,0,13,12,27,16,21,19,60,45,13,31,81,64,0,15,62,0,0,0,38,0,15,0,40,53,34,43,0,33,0,27,40,24,0,0,11,0,0,0,23,13,0,0,78,0
"hsa_piR_004721",70,359,320,130,21,306,58,170,115,243,73,171,119,135,78,288,119,700,15,90,161,120,489,99,134,79,94,102,11,156,42,78,26,161,50,15,22,141,177,0,68,132,24,18,24,218,0,53,14,332,345,347,322,17,430,16,285,310,47,16,31,10,13,25,38,133,19,25,30,426,15
"hsa_piR_004987",216,381,154,178,65,297,111,164,167,313,129,220,196,196,285,291,233,322,0,47,139,176,171,155,201,322,61,245,185,296,155,270,121,360,191,176,287,446,714,62,54,264,54,45,33,91,15,127,26,438,319,211,404,81,129,12,277,477,123,38,53,51,37,103,49,147,47,49,19,924,21
"hsa_piR_005019",40,70,19,35,0,40,41,50,20,63,15,50,39,46,39,67,42,64,17,12,37,43,70,53,41,46,24,54,50,61,44,61,31,241,38,19,40,146,84,9,13,40,22,9,10,69,0,40,10,87,81,55,84,0,50,9,83,100,26,15,30,0,23,10,13,42,0,21,10,149,20
"hsa_piR_005659",30,28,29,77,0,86,57,48,28,0,0,102,0,114,90,65,57,55,0,40,56,109,0,55,108,0,0,30,0,37,0,0,0,0,27,0,0,0,26,11,11,5,7,4,4,19,0,6,6,13,16,0,9,19,7,10,21,15,25,42,20,0,20,30,0,12,0,21,10,0,0
"hsa_piR_005799",127,79,64,85,34,31,11,92,54,49,46,39,45,29,45,41,92,162,25,53,49,38,103,54,27,88,28,33,38,55,49,43,30,63,35,33,37,104,70,0,16,32,11,0,12,62,0,16,14,92,79,71,78,10,94,15,101,98,41,22,20,20,18,27,21,49,13,15,13,150,10
"hsa_piR_006426",128,154,168,160,80,114,69,127,193,127,140,107,168,166,158,176,150,295,71,42,110,100,163,111,121,115,47,92,142,163,152,256,102,272,141,107,190,255,232,85,28,124,35,54,34,115,37,56,17,164,157,108,487,25,139,14,259,243,82,23,52,53,30,40,26,103,26,73,37,398,8
"hsa_piR_007979",280,319,246,261,146,135,85,163,105,196,204,110,224,120,188,182,216,496,58,45,155,119,249,98,180,257,54,106,215,268,246,266,179,366,218,96,246,449,284,23,42,81,35,12,21,242,12,42,28,429,316,220,457,44,252,19,541,464,132,60,84,73,72,93,94,187,28,67,20,756,28
"hsa_piR_008112",53427,78325,44014,36602,68230,98732,33415,33848,87197,86386,15576,65656,42995,41024,93071,91798,39713,62228,25880,37236,30745,65226,39653,25949,38487,55540,15149,31215,11004,26465,16228,11190,7802,11542,11681,15709,23941,29595,23234,6327,22619,16695,5981,5099,11634,29813,4966,7239,10062,27312,38143,54447,25728,11846,72135,8619,43641,37899,21761,11821,14889,6708,8891,14501,13738,16083,10484,12320,19107,47888,5978
"hsa_piR_008113",75096,75690,56039,43563,78975,98279,42175,41760,84025,181745,14257,73883,56884,51919,95250,89443,49819,66184,29604,51533,36930,65169,48644,35239,47146,57183,29953,36602,16505,23380,25285,17404,11432,15488,17249,26906,42674,53645,36904,9739,27378,21342,9101,7115,18346,45148,9122,11718,15295,34760,40776,57691,26222,11646,75107,13679,48412,45432,21733,14188,17374,12506,10886,18564,13483,22146,15088,16011,19932,56562,6572
"hsa_piR_008114",2549,2144,2016,1723,2354,2682,1807,1296,2451,3710,637,2484,2031,1999,3038,2671,1613,2157,1414,2052,1242,1700,1889,1730,1780,1809,1525,1909,882,1020,1576,1329,787,913,1028,1860,2014,3168,2848,454,1049,934,499,335,821,1770,500,625,820,1665,1339,1960,1131,393,2601,553,1813,1844,711,492,718,604,457,749,582,886,425,410,720,2138,439
"hsa_piR_008488",257,252,93,101,138,134,51,180,154,181,75,131,132,140,159,164,189,329,102,40,88,115,140,88,124,176,54,132,113,167,95,138,81,276,80,53,177,270,254,27,41,143,47,12,22,119,15,30,28,229,201,122,236,36,183,16,215,162,61,36,41,79,42,60,49,97,29,61,42,429,9
"hsa_piR_009051",134,264,0,36,0,110,36,80,78,111,24,84,29,77,206,559,89,103,0,22,36,312,40,0,36,270,0,66,0,131,0,25,0,60,88,31,40,91,162,16,26,215,25,0,0,39,0,20,6,113,199,49,143,50,51,11,123,62,47,16,23,6,0,15,38,38,0,20,35,110,0
"hsa_piR_009228",118,163,107,139,67,82,56,76,90,133,107,68,159,101,126,142,104,241,47,27,90,91,131,50,115,132,41,92,130,142,118,200,98,383,111,80,143,223,182,49,35,65,33,51,17,54,62,69,5,190,86,83,221,40,90,8,206,286,58,24,40,48,27,30,19,85,26,22,48,319,18
"hsa_piR_010431",1243,1812,768,885,882,1651,671,917,988,1841,569,1067,946,957,1060,1199,1036,1750,664,271,899,590,1287,617,806,588,360,771,574,1095,683,1185,522,1216,651,426,793,1843,2034,133,319,766,266,209,281,1365,153,295,150,1448,1731,1579,1500,128,2042,79,1998,1884,346,175,256,172,132,310,236,876,174,442,173,3061,94
"hsa_piR_011291",0,0,100,160,0,100,74,108,61,0,62,145,53,112,144,138,92,100,22,59,139,155,0,96,132,0,69,0,0,0,0,0,0,277,0,0,0,0,0,0,0,0,0,0,0,30,0,5,5,29,43,4,30,41,9,40,31,34,77,71,45,0,54,66,0,35,9,28,4,10,0
"hsa_piR_011459",0,48,182,413,0,317,259,303,39,48,57,349,103,189,308,327,314,307,57,98,394,293,96,215,225,0,102,0,0,0,0,0,0,0,0,0,0,0,0,8,0,4,0,0,0,73,0,3,27,83,196,2,70,51,29,25,86,50,113,129,82,6,122,139,10,74,0,71,3,6,23
"hsa_piR_013624",22,28,17,0,0,17,0,21,0,0,22,0,24,20,17,0,26,48,0,0,24,0,39,0,23,19,0,17,16,28,22,21,16,85,18,0,25,38,34,8,0,10,0,0,0,24,0,7,0,33,43,13,39,0,21,7,32,46,0,0,7,11,0,10,7,19,0,11,7,74,9
"hsa_piR_014620",1006,1580,419,495,743,2966,293,868,755,387,448,393,605,604,1822,1852,494,799,440,163,237,1082,935,148,318,1423,203,356,114,558,201,203,160,200,296,115,454,290,264,203,302,407,94,36,120,560,40,85,70,490,757,400,724,254,254,108,564,369,358,223,199,146,175,279,471,167,47,173,184,732,52
"hsa_piR_014923",141,124,153,136,122,81,61,82,71,83,144,59,107,92,126,159,98,269,71,52,78,69,122,54,104,112,39,89,131,103,156,105,119,179,81,44,132,217,128,12,37,37,19,12,19,105,13,18,11,170,145,128,152,36,130,13,249,278,68,32,59,59,38,50,45,109,17,45,14,368,14
"hsa_piR_015249",360,317,194,320,139,257,177,200,162,413,197,305,334,261,338,388,271,428,52,73,198,250,216,214,250,385,88,498,362,452,366,473,292,539,416,278,496,1024,1119,91,51,261,93,40,75,200,69,146,64,240,187,209,264,148,124,54,263,640,267,88,132,137,83,392,41,287,124,69,46,1150,31
"hsa_piR_015254",158,129,95,83,72,72,58,91,98,72,52,82,102,111,104,152,156,315,26,23,69,86,101,97,84,116,48,144,105,160,101,85,82,140,117,66,110,189,165,9,24,76,20,13,24,97,13,19,17,191,137,100,161,47,141,9,179,127,63,32,38,42,23,29,34,81,24,52,17,420,14
"hsa_piR_016658",564,1133,413,367,598,2907,451,491,1098,2381,247,759,778,779,2455,4930,174,900,149,660,909,2035,2744,486,2229,718,237,306,51,1364,210,204,98,249,298,168,209,240,826,216,767,854,172,134,233,1200,76,245,18,1117,1360,1285,1549,56,1943,27,1627,1307,225,30,179,33,47,127,672,421,34,72,362,980,184
"hsa_piR_016659",78,95,87,81,7,194,54,77,199,188,46,147,198,141,460,737,28,166,14,114,174,242,515,168,246,104,79,55,38,147,65,30,32,114,60,21,51,61,128,24,103,97,42,17,38,153,15,45,0,187,204,241,263,9,414,0,310,217,29,8,31,13,8,20,101,75,17,27,51,214,42
"hsa_piR_016677",137,178,55,104,65,107,64,91,68,130,60,60,88,92,74,140,172,189,19,28,83,83,88,68,74,145,86,113,64,136,92,113,65,136,70,62,124,183,221,22,39,177,14,17,14,91,11,32,22,191,166,241,161,13,263,0,161,156,38,13,38,25,21,40,55,75,25,21,31,243,9
"hsa_piR_016735",1348,1526,1076,1483,56,1326,960,1570,669,1859,1008,780,1681,1901,1233,1707,1012,2191,19,425,1427,688,2065,635,1155,925,325,1181,1345,1863,1719,1715,1066,2679,1522,773,1334,2212,2528,62,272,1225,229,124,154,3506,81,496,127,3054,2963,1614,3339,105,3192,115,5568,2886,368,157,391,307,192,207,258,1511,265,371,103,6768,101
"hsa_piR_016742",38,74,23,26,43,40,23,39,0,63,173,21,25,38,23,39,64,34,23,0,25,60,49,29,35,43,0,20,0,45,22,19,22,56,32,29,0,78,62,18,19,166,13,14,15,13,6,18,8,68,79,29,56,0,32,0,18,18,12,8,0,9,9,18,32,7,6,12,24,49,0
"hsa_piR_016926",275,307,104,109,65,360,151,239,254,165,77,174,187,222,334,352,240,345,0,84,141,150,266,107,181,279,131,87,73,138,89,71,54,300,103,54,79,165,189,63,53,198,26,23,50,128,16,26,24,138,139,95,208,15,153,19,166,174,67,38,59,148,74,89,72,71,30,55,66,249,18
"hsa_piR_016945",69,115,50,51,65,78,35,50,45,71,192,32,57,33,61,70,93,70,56,0,48,60,45,27,44,62,0,47,35,76,38,43,19,109,37,39,53,78,102,36,25,160,22,26,14,24,6,33,13,129,102,18,121,16,38,10,32,49,10,9,15,15,12,26,19,14,15,11,23,93,0
"hsa_piR_017591",26,56,38,49,0,28,125,45,84,45,211,33,36,38,24,30,40,40,19,0,36,76,50,0,28,55,18,43,21,34,0,45,18,47,47,31,21,34,79,35,19,37,18,35,22,16,16,37,22,6,11,6,10,12,8,15,7,10,20,19,11,11,19,32,9,10,20,6,34,12,0
"hsa_piR_017716",235,346,133,154,128,219,78,181,137,212,92,132,161,153,241,299,271,368,59,69,146,170,190,145,213,334,82,220,159,332,214,240,102,323,200,139,238,441,518,85,83,378,23,27,32,178,10,129,28,339,282,303,286,42,326,18,220,320,110,40,68,71,38,74,114,141,34,39,35,608,16
"hsa_piR_017724",17,20,0,23,0,16,0,14,0,15,0,14,0,21,0,19,17,34,0,0,13,0,22,0,0,0,0,21,19,43,0,24,0,53,35,21,13,44,52,10,16,78,0,0,0,15,0,13,0,34,39,23,38,0,33,0,27,29,8,0,0,0,0,0,11,16,0,0,0,65,0
"hsa_piR_017936",305,333,279,263,267,221,125,244,179,245,231,139,307,273,257,284,230,597,96,65,156,175,290,152,227,267,96,175,221,274,265,313,183,385,196,120,253,523,327,28,98,110,51,37,63,268,29,64,32,365,206,216,246,51,212,46,391,551,177,62,136,109,78,136,88,164,42,86,29,857,30
"hsa_piR_018570",11,44,0,21,36,19,0,34,14,46,0,0,17,24,25,38,16,43,0,0,19,23,17,26,23,27,0,22,0,51,12,23,25,69,26,0,24,70,74,14,10,86,12,0,0,19,0,10,0,42,71,23,75,0,23,0,24,31,13,0,11,8,0,11,15,10,0,0,10,53,0
"hsa_piR_018573",99,117,117,141,130,63,37,95,56,117,91,71,124,117,90,118,92,267,39,40,85,56,108,79,99,127,55,97,117,98,113,122,88,184,104,63,128,214,173,12,22,30,24,14,18,140,15,19,17,180,103,98,138,26,119,18,232,236,75,24,51,38,21,30,39,144,24,57,13,418,18
"hsa_piR_018629",54,33,23,57,0,0,108,35,21,24,46,25,58,30,22,38,19,32,0,35,24,23,28,20,39,56,0,72,50,32,0,82,57,37,69,39,0,26,62,18,18,28,19,18,26,13,17,25,8,11,11,0,7,7,12,8,9,0,11,10,10,0,12,12,69,0,11,7,27,11,33
"hsa_piR_018849",26,2,3,17,40,24,2,82,1,8,0,3,29,45,1,5,4,3,114,12,64,28,24,17,12,2,62,33,16,2,6,2,0,11,33,12,66,32,35,0,0,31,0,0,0,68,0,0,0,57,39,74,25,14,62,0,118,44,0,19,14,0,0,0,0,47,26,32,0,107,0
"hsa_piR_019091",0,66,0,36,0,34,33,52,961,44,27,48,104,58,0,0,0,34,0,0,31,0,60,0,42,0,0,0,0,59,0,53,40,46,82,0,0,0,55,64,24,40,23,51,18,3,19,48,5,2,2,2,0,0,0,0,3,3,8,5,0,6,7,3,4,3,12,0,31,9,0
"hsa_piR_019324",262,295,323,273,125,103,107,185,131,157,200,96,190,132,156,164,241,695,69,61,136,97,294,100,182,267,65,140,262,231,233,235,196,369,128,68,195,509,229,11,27,73,39,12,23,230,19,33,25,429,373,292,439,54,310,34,492,486,132,50,84,96,51,77,59,223,30,50,24,683,38
"hsa_piR_019443",27,13,20,24,16,18,36,44,82,23,17,30,22,49,45,45,23,53,0,138,25,63,0,96,35,62,113,93,0,0,30,0,22,24,0,31,42,40,56,11,14,0,7,9,13,19,11,7,7,0,0,25,9,43,23,36,11,16,21,20,22,14,11,10,16,16,33,0,8,12,0
"hsa_piR_019521",179,94,29,0,56,148,20,64,113,52,0,25,26,48,140,130,45,68,25,24,22,104,28,0,28,91,0,0,0,32,0,0,0,0,0,0,0,29,0,11,7,21,5,0,0,18,0,0,14,27,19,23,30,44,10,0,34,16,40,19,13,11,10,6,14,4,0,14,8,26,0
"hsa_piR_019675",113,153,101,262,117,146,94,151,70,122,242,161,188,216,202,161,149,208,70,41,217,180,167,119,174,157,20,184,206,342,240,405,192,1138,316,205,263,305,525,186,137,287,148,151,135,66,104,227,40,96,126,39,134,51,44,30,130,60,105,64,84,41,57,52,31,76,30,41,194,150,16
"hsa_piR_019752",814,1917,362,527,180,1238,527,694,848,690,403,622,497,621,1291,1064,883,966,83,361,533,506,647,462,599,1223,369,623,347,562,369,307,670,1029,314,382,394,582,1891,289,277,1072,90,76,118,555,56,138,74,1146,907,583,1674,68,794,69,633,545,221,125,167,161,178,402,372,327,162,228,176,932,191
"hsa_piR_019912",127,113,37,68,56,160,73,111,94,78,20,104,80,86,108,106,98,99,16,41,120,80,76,34,54,113,51,144,60,104,85,33,44,100,63,82,94,119,236,23,20,81,21,19,15,81,13,42,12,109,132,104,237,19,111,9,60,111,41,22,29,13,15,27,31,63,40,29,33,183,0
"hsa_piR_019914",341,2201,148,375,4253,613,132,412,67,323,1134,92,385,409,845,630,1264,394,364,35,121,215,803,437,926,1368,21,135,184,2160,307,345,135,1688,660,76,258,1365,1870,775,444,22852,74,37,56,322,33,117,68,1378,942,354,971,56,525,34,263,364,132,48,85,61,69,162,119,153,71,158,158,612,25
"hsa_piR_019949",67,96,168,124,76,108,209,78,77,137,557,73,112,93,580,87,70,63,69,0,82,159,78,74,105,97,24,151,83,143,89,330,122,194,189,70,51,101,319,104,70,170,77,103,56,34,61,157,53,29,35,14,26,28,24,27,30,28,42,29,36,32,32,59,168,26,40,30,99,44,78
"hsa_piR_019951",47,88,49,66,102,114,64,47,38,78,237,50,68,59,70,100,57,73,59,0,51,56,43,62,53,37,0,71,48,112,54,60,57,122,100,21,33,91,135,42,33,238,29,36,27,18,28,83,12,57,85,32,51,16,22,6,24,23,24,11,17,10,16,27,33,12,16,18,47,46,5
"hsa_piR_020008",460,528,105,76,105,412,38,172,381,121,45,134,117,183,404,397,148,264,96,90,58,337,143,59,66,303,31,46,0,89,0,24,27,42,39,22,34,61,49,37,36,105,22,7,12,34,7,15,27,135,125,58,102,103,47,31,115,106,129,53,45,46,17,34,104,24,8,30,29,113,12
"hsa_piR_020009",91,176,44,48,0,322,0,89,153,95,0,66,83,136,230,296,52,74,0,62,54,128,624,0,70,96,0,0,0,55,0,0,0,0,0,0,0,0,57,55,97,125,16,5,7,17,10,23,0,52,55,44,64,3,72,5,124,36,17,5,6,0,0,2,148,8,0,3,40,53,4
"hsa_piR_020249",0,34,63,55,0,24,949,82,41,23,38,72,66,100,16,33,25,44,16,13,49,94,48,46,24,180,34,10,0,0,17,0,0,34,17,23,0,11,0,0,0,0,0,0,0,33,0,0,41,18,15,37,17,26,19,78,34,61,57,41,33,27,14,62,13,29,35,14,0,58,0
"hsa_piR_020326",25,36,0,9,20,39,0,15,18,10,0,0,13,17,22,27,0,33,0,0,12,7,10,19,18,23,0,14,0,37,29,31,12,42,25,0,25,18,79,24,0,66,0,0,0,14,0,14,0,31,30,21,24,0,19,0,17,72,18,0,0,0,0,13,12,11,0,10,0,52,0
"hsa_piR_020364",36,50,25,51,0,83,52,34,39,62,184,39,50,46,44,79,51,71,0,20,62,32,53,22,36,63,0,67,43,105,40,88,46,136,70,43,81,96,155,57,11,142,35,54,20,12,13,53,7,31,30,20,31,16,14,7,25,49,30,6,20,12,17,8,29,14,9,10,28,78,5
"hsa_piR_020365",725,1404,448,467,478,1177,293,481,599,692,304,731,470,580,848,847,842,1346,112,171,400,497,476,360,555,1074,210,512,347,1024,396,617,301,909,432,373,538,1013,2040,209,205,768,116,74,111,434,79,276,130,1426,1124,1013,1288,165,645,51,450,1035,307,111,177,93,108,228,186,241,177,207,147,1562,39
"hsa_piR_020381",112,117,416,651,95,482,415,586,95,101,261,588,195,670,623,508,469,493,152,180,707,438,114,296,887,83,158,33,67,233,89,171,98,506,200,84,109,177,134,123,94,117,56,86,71,189,57,106,34,181,212,40,171,117,97,109,193,171,234,229,209,40,170,219,37,155,27,137,101,115,20
"hsa_piR_020485",817,1295,495,591,361,865,416,559,1002,801,672,610,691,524,1005,854,670,1089,222,324,512,582,443,559,737,1559,203,2476,2031,3453,1654,694,482,1827,835,455,645,1310,2581,366,132,799,130,156,269,193,168,464,229,669,303,605,742,399,219,188,773,763,555,267,465,398,199,347,1242,275,205,231,307,1058,361
"hsa_piR_020490",98,140,113,91,95,51,31,51,74,112,111,46,92,57,64,108,82,216,60,0,66,38,106,44,80,72,16,66,69,160,94,147,83,273,81,27,111,249,136,26,27,67,15,19,17,103,0,17,13,211,259,79,183,19,104,13,230,220,57,13,35,30,24,46,43,74,0,39,9,365,11
"hsa_piR_020492",90,163,126,104,36,25,44,100,44,43,72,83,108,365,92,85,187,314,78,59,137,59,247,67,119,110,68,90,159,80,145,140,95,132,142,95,131,208,118,17,18,31,18,14,21,101,21,54,20,94,40,93,62,31,95,32,134,135,85,29,52,83,52,55,30,88,107,38,26,243,16
"hsa_piR_020496",2162,3563,982,1371,771,2008,747,1340,1544,2006,1106,1228,1408,1671,2621,2040,2124,2606,288,326,1137,1325,1129,1005,2003,3014,375,1710,1333,2461,1413,2462,1078,3221,2064,1098,2028,4726,4584,878,386,2008,228,185,189,1693,201,823,262,3426,1903,1233,4050,414,1311,184,1955,3125,1458,414,562,507,482,775,353,967,319,765,216,5687,126
"hsa_piR_020497",318,577,208,208,65,434,184,175,352,379,460,200,383,189,604,310,228,379,26,121,231,300,386,241,339,481,297,199,159,321,243,196,120,304,170,135,140,308,411,222,170,387,92,77,69,162,76,102,34,329,205,178,291,65,294,28,187,191,73,64,56,91,94,115,99,84,48,126,117,205,34
"hsa_piR_020499",270,510,164,267,391,276,106,195,293,227,236,157,342,167,742,181,218,487,171,59,118,178,173,122,225,574,56,170,111,405,201,272,139,525,262,114,267,619,690,179,71,510,53,60,30,139,34,120,48,471,224,220,480,146,147,32,257,269,140,62,64,85,63,117,54,97,36,85,73,326,29
"hsa_piR_020500",1104,1876,654,978,253,933,668,647,758,893,1009,799,1178,754,1524,702,857,1384,209,315,547,557,950,755,1443,2039,398,715,654,1138,1082,1191,757,1586,955,470,852,2038,1861,733,493,926,242,339,271,529,273,600,147,822,439,673,797,330,401,156,597,652,548,227,302,319,349,438,219,341,231,339,439,993,79
"hsa_piR_020541",226,245,153,177,88,115,113,156,129,218,118,193,193,150,261,231,187,318,24,41,115,175,109,116,194,182,77,207,186,223,192,261,179,286,170,126,223,484,509,45,39,54,29,26,32,125,46,65,46,291,151,153,262,57,106,42,160,401,139,57,84,54,65,88,36,163,60,45,19,650,28
"hsa_piR_020548",189,213,249,221,107,130,110,160,114,196,137,107,169,171,216,258,174,401,74,66,162,132,254,103,139,170,56,149,236,273,249,227,179,364,172,95,192,430,271,13,41,113,42,22,27,177,17,54,17,342,388,132,354,48,257,43,399,429,120,35,107,74,71,72,61,161,26,56,20,602,32
"hsa_piR_020575",14,0,19,0,0,15,0,0,0,14,0,29,17,211,17,47,50,0,0,15,29,16,59,0,32,0,0,37,18,14,32,18,17,0,62,0,0,70,13,0,9,8,8,9,14,0,11,15,0,0,0,0,0,0,10,12,11,8,0,0,0,8,0,0,13,9,43,8,8,10,11
"hsa_piR_020668",112,149,99,145,66,89,65,129,96,122,297,81,123,124,108,139,111,201,42,61,90,99,111,64,116,139,26,64,109,204,111,144,73,195,117,86,122,238,150,30,15,56,34,37,32,54,31,52,6,229,288,48,352,24,55,34,202,173,62,34,32,45,43,35,26,76,15,26,42,281,48
"hsa_piR_020786",67,32,70,65,25,10,28,57,28,20,53,48,39,169,56,67,86,139,29,50,50,47,146,62,68,65,47,39,88,66,88,63,73,60,92,42,119,123,52,0,20,17,17,14,18,49,12,24,16,52,28,52,35,26,51,13,59,87,58,23,39,47,23,29,21,51,56,13,12,133,10
"hsa_piR_020829",485,619,287,396,339,538,202,499,337,353,190,437,390,547,630,690,621,996,176,124,352,395,475,332,639,556,152,605,449,957,457,703,396,1016,619,467,718,1280,2078,272,246,1639,106,62,74,450,63,188,78,1226,1128,589,997,161,692,53,503,1131,323,65,111,114,58,109,106,473,124,140,62,1859,33
"hsa_piR_021032",23,15,13,0,5,29,18,40,7,21,10,10,10,31,32,14,15,37,0,0,24,35,18,11,15,9,0,67,17,58,16,15,14,35,27,21,46,40,36,0,27,43,0,0,14,50,0,0,0,22,43,35,42,0,58,0,40,26,24,14,15,0,0,0,0,17,13,16,0,51,0
"hsa_piR_021214",0,65,0,0,0,0,0,0,0,0,57,0,47,0,0,53,0,0,0,0,48,0,0,40,0,0,0,0,0,41,0,67,0,59,60,0,0,0,54,18,5,4,3,20,14,1,9,26,1,1,1,1,1,0,1,0,1,1,1,2,0,0,2,1,17,0,0,1,3,1,13
"hsa_piR_021462",2,2,1,6,1,10,2,13,4,10,0,21,3,12,4,9,1,7,0,5,10,17,1,2,13,8,9,17,0,4,12,0,0,6,0,0,13,8,3,0,30,38,0,0,0,38,0,0,0,0,44,37,0,0,53,0,47,0,0,0,0,0,0,0,0,0,0,0,0,47,0
"hsa_piR_022421",59,50,27,21,0,24,15,86,43,30,25,36,50,64,45,46,40,104,0,36,0,27,60,31,41,91,26,54,36,48,14,42,31,52,25,25,47,76,29,10,13,13,10,0,0,41,0,11,0,91,18,63,56,9,65,13,81,71,28,12,19,26,11,9,15,34,11,10,10,163,0
"hsa_piR_023338",24,24,17,0,0,22,0,15,14,0,16,0,19,0,21,24,28,44,0,0,13,26,28,0,0,13,16,0,0,21,16,0,0,19,15,0,19,42,21,0,9,15,0,0,0,22,0,0,0,28,33,25,26,0,33,0,30,19,9,0,0,0,9,14,9,14,0,9,0,47,0
"hsa_piR_023391",0,0,104,103,0,88,30,122,0,0,0,93,0,113,72,95,105,69,25,36,100,98,0,55,130,0,41,0,0,0,0,0,0,0,0,0,0,0,0,0,0,0,0,0,0,31,0,0,0,36,65,0,41,13,11,17,30,24,41,46,40,0,28,55,0,31,0,20,0,8,0
