"","X2017_CPH12_S57","X2017_CPH13_S58","X2017_CPH15_S59","X2017_CPH16_S60","X2017_CPH17_S61","X2017_CPH18_S62","X2017_CPH20_S63","X2017_CPH24_S64","X2017_CPH25_S65","X2017_CPH3_S66","X2017_CPH30_S67","X2017_CPH34_S71","X2017_CPH36_S72","X2017_CPH37_S73","X2017_CPH40_S75","X2017_CPH41_S76","X2017_CPH43_S77","X2017_CPH50_S81","X2017_CPH54_S82","X2017_CPH61_S84","X2017_CPH7_S87","X2017_CPH71_S88","X2017_CPH77_S89","X2017_CPH8_S91","X2017_CPH88_S95","X2020_t0_CPH13_S101","X2020_t0_CPH14_S102","X2020_t0_CPH16_S104","X2020_t0_CPH19_S107","X2020_t0_CPH20_S109","X2020_t0_CPH25_S112","X2020_t0_CPH39_S127","X2020_t0_CPH42_S131","X2020_t0_CPH51_S141","X2020_t0_CPH6_S150","X2020_t0_CPH69_S160","X2020_t0_CPH72_S164","X2020_t0_CPH73_S165","X2020_t0_CPH78_S170","X2020_t0_CPH8_S172","X2020_t0_CPH85_S178","X2020_t0_CPH91_S185","X2020_t0_CPH93_S187","X17_18_014DM_S8","X17_18_018SD_S12","X17_18_022MB_S15","X17_18_027PL_S18","X17_18_028LB_S19","X17_18_029AS_S20","X17_18_031XK_S22","X17_18_037SD_S27","X17_18_038WP_S28","X17_18_039DK_S29","X17_18_041JW_S31","X17_18_043BA_S32","X17_18_046IC_S34","X17_18_048LW_S36","X17_18_050JMC_S38","X17_18_053AT_S41","X17_18_054RT_S42","X17_18_055GP_S43","X17_18_056SB_S44","X17_19_059OC_S45","X17_19_061LC_S46","X17_18_015ES_S9","X17_18_030LO_S21","X17_18_025MA_S16"
"hsa-let-7a-5p",479794,180376,665256,725584,419491,522498,393721,308185,434980,414330,243158,912880,635077,206438,550966,386071,496830,760064,171059,384852,349353,868854,250395,119190,365788,55542,111581,359067,305106,72043,338245,182573,113769,284724,136140,144683,200084,240078,354471,1082452,405372,358046,480972,44916,384657,73612,338078,371165,253074,77514,568156,270820,77801,377586,521583,152441,128925,112683,110681,59055,70189,112751,145864,125001,112225,339457,171726
"hsa-let-7b-5p",207649,100094,207466,249396,161139,189203,162093,134427,138777,164909,94818,269079,231103,86359,229185,171459,165925,224797,93141,178666,144782,351712,95402,41943,155073,34658,65025,167995,136591,42565,137481,113920,70049,176160,65876,78729,123014,125502,207059,595519,133458,240354,227567,17410,264614,32431,170446,195891,132115,28537,278984,178075,32420,186765,325038,46541,50241,44527,46152,30083,24987,50164,60076,42952,51690,149395,55611
"hsa-let-7c-5p",10305,7880,8265,9281,9134,7968,9110,6073,4300,7726,5944,8070,12455,3084,9507,7890,7907,9506,5461,6460,6086,13261,6580,1613,5825,2061,2901,7879,6164,2732,5942,5757,3375,10335,4259,4072,5588,6908,12096,12551,6116,11651,10809,878,6671,2697,5520,6583,4562,1930,8979,5619,2123,6223,9853,2882,2977,2682,2751,1992,1664,2456,2954,2365,2441,6314,2397
"hsa-let-7d-3p",11,0,27,53,7,10,32,21,26,9,0,12,56,0,14,7,0,110,19,17,8,47,12,26,14,0,24,39,45,12,17,38,17,64,0,16,14,33,44,33,117,42,120,0,30,12,47,51,58,0,103,49,0,69,45,14,0,13,0,0,0,14,0,27,10,27,0
"hsa-let-7d-5p",41124,10361,77392,69772,27116,48161,39321,23199,61088,50530,17155,85566,77086,17691,35898,28236,50196,105697,12592,41772,36114,97038,16663,8170,40256,5173,12881,32381,28652,7015,27734,12134,6361,26022,8753,14175,13333,18858,31319,104854,57010,33259,50301,4633,49679,4665,32028,37118,27285,5821,54095,33256,2947,51485,73161,13336,8636,9393,7296,3581,4808,9800,11939,11179,9305,51118,20920
"hsa-let-7e-5p",10992,5515,17106,22654,12354,20633,18038,10394,9223,19860,10626,15988,28279,8358,18125,13154,17063,31197,6182,10945,11827,23831,10995,3307,12549,2521,3789,12408,11894,4149,8109,7710,4248,12601,5431,6077,8251,8027,13478,7603,21515,19445,23852,1214,11501,2338,13809,20066,6317,2181,27378,9697,2314,17193,38137,3961,4069,4435,4338,2213,2195,3572,4682,4131,3807,14289,3231
"hsa-let-7f-5p",281100,93509,467520,469190,225010,306965,252230,197813,290288,316673,150197,525821,437210,130208,339063,224932,333181,563604,97900,234757,229519,525464,135686,79990,221928,33652,68467,231591,201451,41699,207560,90789,62264,154826,79446,83441,99354,129785,189058,645559,319411,189069,314605,23073,204493,38159,242521,277035,176889,46248,426850,137475,38687,286039,303156,105313,77957,75249,71686,26106,44425,61758,89193,94483,53915,209838,113745
"hsa-let-7g-5p",96023,25267,178902,184231,76866,109936,90228,71520,116349,97905,38425,168400,179335,59529,98919,80331,130032,202222,40866,107785,104559,197467,37224,29079,85122,29395,46359,128855,99805,27385,78853,51046,41771,110717,44934,50222,55226,77521,134799,419017,137680,105916,141054,14042,114492,16362,153991,77764,97112,25195,132767,88389,13324,130560,145827,39343,32185,27935,23320,13966,21043,30570,46225,28652,25824,65990,47840
"hsa-let-7i-5p",69753,19729,170980,171095,68016,113887,78387,62146,115802,156185,37552,230761,166754,42246,95850,68583,119742,238388,27527,115639,101655,236524,47366,19843,81583,11833,23185,111867,84678,16042,68196,20782,21729,46283,36935,25180,32274,51535,60852,514057,127734,64708,95716,8799,116534,11525,181814,135603,148290,13536,169748,73337,8517,145617,173782,28133,22048,17129,13935,6519,10724,16313,28217,19714,16735,99589,36761
"hsa-miR-1-3p",629,225,8360,1379,815,1545,887,887,3900,649,486,3622,1916,1134,456,221,1597,1545,688,1303,948,1862,260,212,1059,103,10475,538,741,106,2655,93,188,276,201,169,182,88,316,746,1589,846,300,246,545,233,5821,1812,1598,41,2535,267,88,372,503,347,33,408,33,17,369,551,223,396,66,3833,1837
"hsa-miR-100-5p",65,55,202,304,146,128,155,158,74,68,97,381,469,180,215,144,170,290,205,206,247,206,96,200,186,102,536,312,366,111,80,195,206,432,175,207,121,127,340,686,260,972,533,31,193,105,288,320,158,181,99,217,104,203,203,71,62,93,91,73,46,54,109,92,91,102,15
"hsa-miR-101-3p",0,0,9,10,0,0,12,11,0,0,0,7,15,0,0,0,0,25,0,8,8,7,0,0,11,28,27,29,29,15,0,15,0,52,0,32,7,8,49,101,68,52,54,0,44,17,74,0,26,0,32,61,0,41,54,0,18,0,0,0,0,0,0,0,0,0,0
"hsa-miR-103a-3p",4438,783,10801,7770,2514,4357,6379,3377,9386,10582,1919,7069,13220,2868,4578,3516,6255,15924,1871,6009,6071,10609,1472,1917,5071,2137,4527,8049,9142,2712,5288,3782,1530,8735,2336,4442,2999,4099,7253,23856,21442,10733,17087,1404,9913,1072,14135,6547,8123,1253,11006,6160,295,11344,13349,2273,1153,1654,839,351,754,1277,1834,2354,1504,6707,4879
"hsa-miR-103b",171,65,286,241,90,109,189,120,189,421,115,174,432,53,149,119,221,405,67,160,194,253,81,35,151,45,114,236,197,70,200,59,30,146,97,100,91,173,222,435,480,162,401,32,134,79,341,191,146,52,279,153,10,253,217,75,56,55,37,17,22,48,28,40,41,215,116
"hsa-miR-106b-3p",32,0,40,68,0,10,21,21,56,0,0,28,34,0,21,0,24,46,0,41,26,82,0,32,19,0,16,21,15,0,0,13,0,40,0,33,0,0,22,61,66,41,37,0,43,0,84,61,64,0,75,56,0,69,85,0,0,0,0,0,0,0,0,10,8,50,8
"hsa-miR-106b-5p",66,26,85,117,31,49,35,31,73,37,15,60,54,26,34,47,42,115,20,61,107,121,30,20,51,53,85,202,173,31,93,53,43,140,36,93,63,128,105,712,168,119,138,13,141,0,154,56,71,16,151,111,25,103,99,53,43,26,35,0,0,16,43,37,31,43,44
"hsa-miR-107",1047,232,2547,2139,718,1031,1622,903,2465,2537,598,1834,3092,735,1462,908,1658,3775,456,1607,1551,2998,465,578,1451,544,1255,2125,2567,721,1550,982,461,2347,715,1288,870,1260,1825,4643,5545,2699,4272,414,1950,245,3548,1606,1970,374,3044,1697,75,2701,3522,755,346,444,261,92,178,370,496,726,439,1879,1111
"hsa-miR-10a-5p",2828,606,4360,4355,1806,2784,5074,1861,2858,1790,854,1655,5219,1302,3786,3198,2620,4297,1878,3296,2271,4678,786,1433,2527,1863,2174,4679,4449,2395,3044,4747,2082,7847,2059,3892,3920,3085,7660,2917,4535,10362,10431,490,1787,1646,4203,1268,2090,2075,1976,2060,583,2552,3259,1849,1707,1871,1124,632,779,1520,2255,1004,1917,1448,832
"hsa-miR-10b-5p",808,158,1272,933,369,627,1529,625,745,538,226,323,1695,463,981,746,595,1347,693,795,713,1061,147,516,685,853,1207,1487,1641,1022,970,2154,657,4296,594,1924,1306,1096,3577,880,1775,5124,4964,173,438,687,1109,193,417,1064,348,891,147,904,1280,751,644,962,410,189,217,615,609,413,849,334,236
"hsa-miR-1180-3p",162,72,91,333,130,72,92,131,72,57,54,105,234,116,94,90,100,108,67,214,109,270,66,60,132,53,138,247,178,52,79,114,71,217,57,163,70,165,296,1330,171,245,159,12,345,23,308,393,177,24,287,229,23,372,327,20,25,32,24,23,14,27,49,29,24,268,37
"hsa-miR-1185-1-3p",10,0,161,71,13,61,54,22,50,33,64,98,17,32,16,9,127,154,16,32,34,9,72,0,43,0,0,28,11,12,36,0,0,45,0,22,0,0,9,0,62,37,12,12,14,15,31,35,24,21,40,0,0,27,47,32,0,0,11,0,13,0,12,0,0,42,40
"hsa-miR-122-5p",5886,2833,5295,14823,6575,12274,14383,8590,544,3181,1662,2263,24903,3677,3409,6426,4914,2505,44130,6591,58764,45360,43715,1801,4280,2371,2757,6612,16050,12590,2765,7476,2889,28299,6125,6698,3331,7292,34457,2566,3069,68259,134972,688,3821,14935,3418,2859,2494,1001,8927,3435,742,3525,17714,2050,1293,1213,8569,13387,1806,4060,20060,5557,5483,20171,1191
"hsa-miR-1246",28,22,109,25,89,73,79,41,55,25,38,61,25,61,39,94,30,48,67,23,0,555,32,0,17,16,59,89,57,19,39,16,27,303,22,51,264,24,77,274,33,362,106,67,11,29,56,7,62,43,18,15,7,57,38,27,14,17,11,34,13,21,35,38,11,18,37
"hsa-miR-1255a",5,0,0,14,7,0,20,11,4,11,15,69,48,10,28,32,19,41,0,27,38,40,21,0,11,0,0,0,12,0,5,0,0,4,8,0,0,7,6,41,24,0,3,0,53,0,39,0,27,0,62,39,0,52,40,0,0,0,0,0,0,0,0,0,0,45,0
"hsa-miR-125a-3p",93,49,88,107,51,82,91,56,64,119,54,86,118,54,104,63,85,129,40,76,64,127,46,21,73,30,50,105,76,52,47,65,53,147,43,37,66,69,119,63,89,188,173,0,88,29,68,85,90,10,134,68,14,105,158,38,25,34,32,17,12,45,41,28,29,108,12
"hsa-miR-125a-5p",235,58,482,475,232,300,469,203,431,284,121,220,652,172,313,328,304,744,146,296,164,714,134,212,333,137,299,360,338,223,195,345,143,681,107,394,164,212,561,275,896,862,1013,52,183,63,524,299,138,173,478,470,36,491,527,142,117,205,51,27,35,144,121,201,220,275,116
"hsa-miR-125b-5p",31,0,56,37,26,29,36,23,37,22,0,21,57,0,36,20,18,76,28,29,22,55,0,17,32,22,44,35,28,27,18,56,16,83,0,45,0,0,58,23,76,89,124,0,22,11,42,26,32,28,20,59,0,37,50,13,16,26,8,0,0,22,11,20,13,17,8
"hsa-miR-126-3p",61271,13256,115645,110466,39362,73424,87654,45526,90801,33760,23902,85184,136521,34592,73317,50935,69401,155022,34312,76595,83712,128897,21336,30247,66151,54137,71259,119294,119300,63623,74042,102414,48237,184024,49112,80767,90468,82407,169511,144374,163287,222167,206269,22756,51641,30254,190148,32818,72324,49459,68242,51951,11225,63760,121718,58837,34497,41317,17599,11669,12541,30690,45919,20528,48828,33741,33970
"hsa-miR-126-5p",6140,1454,11855,11534,3315,5069,9884,5153,9672,4376,2602,6489,14131,3369,8505,6281,5512,18059,4249,7723,7260,14036,2107,5945,7392,7708,8243,14236,15702,10366,7087,13153,4801,22968,5054,11967,10366,8595,20452,13669,26406,28392,31826,2154,5028,3637,15279,3898,5111,7876,7991,5616,1166,6311,8195,9966,5334,6605,2693,1370,1414,3705,3672,4508,5422,2779,3143
"hsa-miR-1268b",22,65,25,75,83,42,42,93,17,7,53,50,25,23,44,77,64,14,121,170,33,104,93,9,56,57,13,93,89,25,79,26,41,42,36,19,28,69,23,9,53,100,40,0,66,15,25,92,46,0,124,63,31,70,41,16,50,25,30,22,20,15,28,20,14,44,0
"hsa-miR-127-3p",117,23,921,952,225,239,249,252,805,270,154,474,90,106,206,112,408,1164,88,248,178,269,442,56,388,0,123,255,65,54,172,60,38,172,29,117,49,52,93,53,464,238,168,45,120,12,290,485,251,35,671,191,7,555,812,94,43,31,27,8,18,50,11,27,72,707,129
"hsa-miR-1270",6,0,40,63,0,9,16,7,22,26,0,30,16,0,31,16,55,41,0,25,8,77,0,0,14,0,0,23,13,0,19,0,0,8,0,0,0,11,8,153,6,5,8,0,21,0,48,43,15,0,70,25,0,70,65,0,0,0,0,0,0,0,0,0,0,38,0
"hsa-miR-1273h-5p",30,15,95,116,72,93,80,53,74,32,41,220,68,22,72,39,82,189,26,75,74,220,65,8,94,0,0,62,47,0,50,11,0,14,15,9,7,10,16,12,60,26,51,0,68,0,63,187,82,0,149,34,0,102,123,20,11,17,14,0,0,13,12,17,12,112,17
"hsa-miR-1275",33,0,19,137,22,29,51,24,131,134,44,72,64,140,65,18,15,173,50,59,71,116,76,0,58,0,23,26,17,0,46,13,0,35,12,0,11,0,13,15,40,13,47,0,150,0,26,113,56,0,45,23,0,197,44,13,13,12,17,0,12,60,0,16,0,61,10
"hsa-miR-128-3p",48,16,174,192,56,58,93,55,179,52,34,130,198,45,76,79,60,409,27,91,86,269,29,66,103,20,71,157,163,39,49,73,32,113,21,73,23,58,96,237,374,144,272,20,95,8,181,175,144,24,220,78,9,155,155,50,29,25,12,9,0,26,31,63,33,72,57
"hsa-miR-1285-3p",26,0,39,22,14,20,13,0,20,0,14,18,26,0,6,16,9,25,0,21,14,38,0,0,0,0,0,24,16,0,18,0,0,10,0,16,0,19,12,125,38,17,20,0,45,0,27,38,32,0,58,19,0,43,36,0,12,0,0,0,0,0,0,0,0,42,0
"hsa-miR-1287-5p",70,15,167,69,55,29,49,46,45,22,24,102,111,17,35,28,126,131,0,37,28,205,30,17,54,0,17,35,23,29,0,24,0,21,0,23,0,0,36,41,44,53,26,9,42,6,152,73,151,7,57,23,0,50,158,13,7,0,6,0,0,0,11,7,9,105,18
"hsa-miR-1292-5p",13,0,31,21,22,31,10,14,27,36,0,26,26,0,0,10,8,30,0,23,0,54,14,0,18,0,0,21,0,0,0,0,0,0,0,0,0,0,19,97,40,8,19,0,38,0,28,45,41,0,41,27,0,39,41,0,0,0,0,0,0,0,0,0,0,51,0
"hsa-miR-1294",10,151,7,67,10,1,113,9,2,60,7,7,23,33,4,24,10,8,23,24,21,30,12,8,2,0,10,1,21,13,28,10,8,10,3,4,3,13,25,1311,9,5,1,0,102,0,92,73,85,13,130,83,0,89,135,0,18,0,0,0,0,0,0,0,0,69,18
"hsa-miR-1301-3p",270,69,494,414,227,345,367,178,533,452,102,572,630,81,286,224,305,983,86,262,310,713,163,63,317,59,164,316,350,116,238,108,51,167,69,105,118,102,131,347,801,283,612,23,369,25,291,468,415,40,688,216,16,473,499,116,86,89,55,21,30,71,78,77,65,438,155
"hsa-miR-1306-3p",36,0,21,82,18,16,35,6,41,3,11,40,64,0,21,16,16,102,7,7,17,84,18,11,64,0,7,11,0,0,24,0,0,12,0,10,6,0,4,18,115,21,15,0,48,0,78,76,79,0,47,23,0,66,104,14,0,0,0,0,0,0,0,0,0,69,14
"hsa-miR-1307-3p",1487,461,3396,2928,1505,2323,1671,895,3287,2301,1037,3885,3804,475,2556,861,2153,5406,586,2290,1741,4091,1729,420,3408,286,720,1544,1994,522,1755,401,284,744,632,342,507,631,271,698,5580,1017,2193,166,1925,148,3567,4556,3693,201,4023,1335,126,2516,2867,502,303,341,259,91,157,322,446,450,248,3573,698
"hsa-miR-130a-3p",640,83,1500,1653,376,697,889,378,1472,1018,231,1730,1553,514,496,428,964,2891,226,1054,1091,1453,233,446,767,225,743,1109,674,371,477,340,222,784,274,519,335,394,866,4355,2780,1235,2025,144,1164,164,3106,990,1512,226,1136,526,61,1060,1936,314,171,192,127,39,107,170,293,223,165,955,536
"hsa-miR-130b-3p",1076,207,2155,1877,689,1496,1083,538,1454,1519,501,1562,2354,569,741,445,1789,3174,291,1409,1679,1661,369,214,897,99,338,967,744,217,716,220,112,662,305,208,282,380,570,1973,1728,678,1378,164,918,158,2278,1034,1558,150,1481,494,68,1302,1761,308,178,163,119,49,134,152,430,241,169,1514,427
"hsa-miR-134-5p",24,0,127,184,31,61,46,84,93,37,39,82,9,67,28,7,83,489,10,33,53,13,49,0,129,0,14,107,23,12,58,0,9,29,16,37,18,7,8,3,197,47,40,0,49,0,49,105,75,18,138,26,0,130,219,27,17,0,18,0,0,0,0,16,17,98,52
"hsa-miR-139-3p",727,314,697,798,354,628,676,389,454,527,261,897,680,257,826,426,387,899,345,706,392,701,343,196,568,143,323,485,432,181,401,346,227,491,301,248,394,363,741,372,479,965,892,49,477,114,556,832,748,81,613,439,73,789,957,228,279,148,154,73,95,146,164,62,184,828,148
"hsa-miR-139-5p",3185,825,4420,4257,1603,2925,4501,1941,3797,1822,1029,2912,5484,1203,3976,2565,1959,5630,1947,3220,2470,4628,1291,1179,2938,1746,3562,4478,4086,2772,3466,4726,2128,7195,1984,3795,3756,3608,6666,3729,5995,11573,12812,464,2444,1215,4388,1392,1776,1299,1789,3081,828,3102,4588,2269,2607,2204,1127,640,543,1960,1604,679,2351,2538,1087
"hsa-miR-140-3p",67,41,179,163,99,76,131,87,155,137,28,89,211,102,39,70,126,118,36,205,50,184,35,107,119,30,68,83,43,15,38,77,40,198,12,95,7,49,171,115,147,254,228,20,120,26,302,195,219,13,274,135,0,240,224,22,12,21,23,0,16,24,51,33,28,146,43
"hsa-miR-140-5p",16,0,49,50,15,20,36,22,47,13,13,39,56,0,20,24,18,87,0,24,35,50,35,15,30,0,29,47,43,11,10,32,12,53,22,29,28,23,32,24,81,69,111,0,55,0,45,20,28,11,61,31,0,60,54,23,13,16,0,0,0,18,15,16,15,29,15
"hsa-miR-142-3p",2022,680,5608,6568,1553,2285,4505,2701,8430,1941,1487,3387,6827,1373,3292,2735,2908,11926,1616,2797,3147,6533,1577,1600,3952,1675,3582,6160,5275,1542,3075,3030,1204,8818,1606,4105,1710,2462,5128,6271,16287,6452,12890,633,3589,610,5157,2557,2956,2307,4022,4230,354,8350,4408,2704,2381,2274,705,373,564,1231,810,1543,1254,1676,1700
"hsa-miR-142-5p",839,212,1879,1989,520,791,1392,858,1519,1156,456,759,1993,779,833,967,1305,2489,663,1184,1185,1499,408,759,969,1064,1240,2381,1985,703,831,1011,622,3098,562,1309,705,1026,3240,3909,3237,1814,3083,300,1055,363,2658,821,1207,879,1543,1339,65,2365,974,723,565,702,215,124,362,490,539,513,396,623,379
"hsa-miR-143-3p",1601,1461,12062,5017,1628,5795,8714,2052,3020,5647,1768,10398,8687,3345,2259,1757,7284,13771,1399,2967,6078,4314,1803,1147,6084,1803,1301,3746,5396,2644,2603,2401,1558,4362,1935,1806,1365,1158,5871,3300,15356,3472,5461,947,2322,1726,8951,2230,5355,699,11534,1629,237,7840,2496,2342,1895,1079,743,527,777,1044,1401,1320,481,3667,2800
"hsa-miR-144-3p",345,87,387,754,135,117,501,389,458,140,85,148,842,266,280,341,238,1011,321,400,432,555,63,180,333,539,921,1559,1385,548,463,630,202,1951,299,1533,448,750,1667,5671,2046,2602,2389,35,1354,111,835,870,208,455,896,2304,53,3754,1083,336,513,390,113,28,46,45,44,231,204,180,124
"hsa-miR-146a-5p",183,15,598,415,66,174,547,170,805,562,110,394,705,197,287,143,283,1360,56,235,163,464,35,284,324,63,182,270,336,132,192,135,17,731,52,267,68,134,183,113,2071,471,1303,45,333,33,791,376,699,77,514,256,0,782,1213,117,60,100,33,0,26,64,65,184,71,453,205
"hsa-miR-146b-5p",139,20,344,309,121,158,216,142,269,178,82,191,467,189,98,73,233,472,82,217,196,290,58,111,183,81,188,266,182,50,105,205,48,385,57,212,61,124,381,114,420,296,393,41,158,20,378,148,236,76,184,195,5,433,582,52,37,88,16,21,25,85,71,87,65,179,89
"hsa-miR-150-3p",7,0,12,33,11,5,14,21,4,0,0,0,10,9,8,16,11,17,15,7,24,3,0,0,8,21,28,83,26,0,17,41,28,86,10,22,25,28,96,3,12,22,48,0,48,0,0,25,26,15,22,49,0,64,44,0,0,20,17,11,0,24,0,0,0,18,0
"hsa-miR-150-5p",589,191,1328,2397,1060,546,902,1181,1134,238,287,520,1217,1021,777,1626,911,1527,954,649,537,1521,545,2469,1079,516,869,2781,1070,355,577,1402,807,3346,409,960,475,765,2824,594,1688,1489,2823,111,1335,52,595,502,529,1041,833,1741,168,2384,986,555,542,778,336,179,203,653,303,609,755,631,150
"hsa-miR-151a-3p",1231,246,2724,2190,749,1459,1666,853,2512,2725,594,2107,2927,637,1455,997,1702,4225,418,1311,1318,2839,567,520,1384,274,665,1336,1785,630,1352,765,302,1599,506,780,603,648,1221,1413,4148,1996,3425,200,1282,246,2088,1534,1785,374,2528,875,77,2450,2701,698,335,560,229,79,150,402,607,779,316,1310,722
"hsa-miR-151b/151a-5p",28069,8421,63627,62936,27922,47179,33468,21066,58971,39248,17654,81646,59623,12846,47902,29233,45042,88377,11644,30567,36411,92644,25747,8054,37069,5149,11860,39605,36833,8832,35475,15698,9599,26342,14554,13901,16122,18179,23065,52704,72861,33366,61297,3179,38328,3936,55729,48635,48268,6072,51292,25216,4796,43042,60312,17787,11689,10600,7245,2676,3824,9072,12612,11133,6727,44480,14332
"hsa-miR-154-5p",16,0,150,337,45,63,85,75,152,16,22,78,0,98,51,32,66,280,17,45,40,42,147,21,150,0,0,75,13,14,65,0,0,33,0,19,13,12,0,20,234,40,28,0,50,0,54,207,85,26,299,61,0,155,170,36,7,10,7,0,0,10,0,13,7,102,15
"hsa-miR-155-5p",4638,1517,5797,5624,3677,5036,4575,4220,3358,2061,1755,5209,5473,3015,5337,3910,6732,7087,3127,5269,4259,6223,1974,1583,3790,1940,2249,5577,4480,1540,3071,3240,2672,11021,2318,2833,2925,3397,8281,2512,5171,5146,5334,501,3302,1287,3999,2960,3239,1521,3424,3150,733,3768,4727,2002,1858,1667,1796,941,1282,2151,2142,1252,1322,2451,1520
"hsa-miR-15a-5p",250,44,353,400,97,121,339,181,426,190,78,174,551,135,189,174,205,762,98,264,218,557,61,257,213,119,341,434,409,167,198,202,69,722,95,393,141,296,497,1575,1044,787,989,108,673,64,814,205,265,88,399,514,10,845,586,108,70,99,32,21,30,60,58,194,90,143,154
"hsa-miR-15b-5p",2399,450,4177,5113,1712,1248,3055,1802,4320,2671,839,2681,5783,1407,1984,2079,1923,7067,895,2413,1310,6155,656,2022,2442,514,1473,2179,1946,681,1500,1242,343,2790,399,1993,583,979,2316,5805,7150,3662,7176,317,3710,381,2334,2729,1446,564,4965,3968,124,5394,3043,859,692,855,463,165,272,703,547,1533,605,1422,1064
"hsa-miR-16-5p",49929,13462,72527,90771,32428,39352,47747,35008,63894,52217,17197,53861,83513,30628,41093,44393,50415,108211,23573,57160,64385,107590,16554,22007,44859,26182,49225,94881,79375,23340,51678,35985,23630,82638,27485,49486,37350,62733,98793,566182,99288,91916,102775,12969,123060,11267,128867,29461,40874,19702,92402,74728,5644,83316,65227,24831,23855,17809,9208,5661,11468,15504,19267,21483,23682,20711,36998
"hsa-miR-17-3p",144,68,563,372,37,184,194,105,123,231,128,283,216,141,93,94,378,228,29,335,220,391,97,128,225,92,198,260,144,73,123,98,55,257,55,101,48,137,203,1393,767,269,441,19,260,30,882,463,461,26,545,231,14,358,520,95,29,35,25,16,33,31,61,75,24,444,60
"hsa-miR-17-5p",93,34,220,263,65,121,136,74,327,77,24,181,210,39,113,90,102,482,51,112,134,450,60,116,185,55,159,225,168,41,107,82,43,189,61,120,68,85,142,959,637,261,386,26,274,0,219,181,138,37,293,244,15,255,330,61,56,51,27,17,0,50,53,74,51,170,77
"hsa-miR-181a-2-3p",96,26,182,217,79,75,97,63,138,91,43,175,182,34,95,88,120,225,37,131,68,225,46,31,109,38,61,127,67,16,67,52,44,124,31,81,54,69,129,108,202,134,171,11,102,12,149,87,128,39,89,111,17,120,151,45,40,31,23,9,11,41,39,23,26,110,30
"hsa-miR-181a-3p",13,0,89,58,0,7,9,11,42,0,16,22,25,0,8,37,19,111,11,7,0,56,0,29,15,19,15,37,14,14,8,13,14,35,0,10,0,23,43,4,98,37,53,0,42,0,86,74,39,0,38,59,0,74,65,12,11,0,0,0,0,0,0,14,10,43,14
"hsa-miR-181a-5p",3013,798,8401,5082,3325,3005,3497,2380,3733,625,1270,5761,4971,1926,2524,3474,5705,9103,1022,2988,4360,6897,1145,2562,2485,1899,2350,4988,3591,1765,2926,2476,1719,4661,1434,2082,2406,2750,6554,6763,7938,6793,5328,596,3177,466,12964,8167,5179,1076,5796,3633,283,6733,6045,1271,631,673,679,356,527,693,975,1298,876,5605,1556
"hsa-miR-181b-5p",851,232,1545,1384,698,929,852,572,829,264,336,1216,1298,432,664,693,1086,2178,386,902,1049,1481,333,423,776,422,638,1271,885,442,667,864,549,1519,453,728,736,900,1869,1375,1516,1829,1491,131,702,192,3299,1308,1621,248,656,1052,75,923,1314,255,217,173,156,159,159,394,451,285,340,967,434
"hsa-miR-181c-3p",20,0,57,102,20,37,23,30,67,0,0,84,52,20,16,30,30,57,0,46,42,95,25,27,67,0,0,42,32,15,33,11,0,18,0,0,17,14,13,24,168,56,110,0,47,0,102,101,78,0,78,34,0,80,64,9,8,8,0,0,0,0,10,26,8,77,12
"hsa-miR-181c-5p",21,0,22,83,18,27,20,16,32,0,15,24,38,15,17,14,14,50,0,54,25,106,18,104,25,34,33,30,73,15,40,12,0,31,14,0,10,21,50,9,86,55,67,0,49,0,162,118,107,11,100,39,0,107,91,19,13,13,0,0,0,0,0,15,0,88,14
"hsa-miR-181d-5p",23,8,75,72,11,126,85,41,99,0,27,128,175,15,24,27,58,226,12,87,74,110,49,26,84,33,11,75,83,41,60,87,19,71,21,35,16,58,54,24,284,107,115,15,79,11,319,125,186,16,79,47,0,90,141,23,17,12,0,0,0,12,19,16,18,122,39
"hsa-miR-182-5p",276,122,212,554,111,127,179,175,247,326,55,191,269,145,163,283,206,531,81,203,188,627,111,121,204,113,247,399,332,84,373,224,116,216,91,266,161,246,408,5842,527,634,685,30,710,42,296,547,149,34,579,704,36,1209,338,82,126,78,44,20,32,48,52,76,68,492,102
"hsa-miR-183-5p",23,17,10,49,8,4,9,24,12,29,0,3,14,23,8,60,9,33,6,18,22,45,11,12,9,23,39,63,32,9,50,43,19,36,14,49,16,38,125,1596,55,190,118,14,100,16,53,92,29,21,97,113,0,129,63,19,0,26,0,0,0,0,0,20,0,86,21
"hsa-miR-185-5p",35757,4742,75643,55308,14784,45149,32945,14419,36656,41871,11342,61796,66463,20299,19164,15862,62939,48134,4977,50324,23073,79402,8762,5580,27672,2405,6500,14271,10989,3217,12084,3437,1796,8203,2835,8443,2991,7592,25049,65406,24233,12182,16400,2303,34031,2658,41813,37301,57482,1639,27801,17356,937,40420,62385,6323,3124,3261,2759,1453,2625,4484,8356,4890,3386,55093,9327
"hsa-miR-186-5p",31,0,47,122,10,17,49,33,104,9,16,38,108,16,17,23,23,169,41,42,28,100,17,116,49,48,85,142,80,48,43,70,28,172,19,89,23,60,115,162,299,188,285,11,99,0,200,169,152,25,221,127,0,239,160,27,27,19,10,0,0,16,11,28,17,135,23
"hsa-miR-18a-5p",14,0,41,84,6,25,33,18,86,8,11,38,54,8,28,25,21,115,25,37,64,101,16,8,40,23,50,134,102,18,44,23,23,59,11,66,16,34,58,439,176,102,141,13,83,0,82,48,54,0,92,63,0,78,81,35,25,21,0,0,0,15,20,23,18,32,53
"hsa-miR-1908-5p",221,248,478,449,390,221,216,198,229,311,360,1204,219,75,564,177,404,603,173,165,265,745,372,32,566,36,57,240,209,43,256,31,44,33,152,61,78,165,61,270,435,188,343,16,451,24,250,1342,292,30,753,178,48,401,382,128,95,54,46,13,33,22,58,37,44,349,102
"hsa-miR-191-3p",6,0,55,78,52,24,21,14,41,18,31,64,53,13,38,32,28,176,15,18,46,67,20,23,47,0,0,9,27,0,22,0,0,13,15,7,7,7,8,2,126,13,89,0,51,0,111,75,87,0,91,45,0,78,94,26,0,12,0,0,0,0,0,15,0,56,18
"hsa-miR-191-5p",48074,11436,111896,87396,32716,66295,49107,27679,61152,73255,20329,94505,85495,25783,44799,36199,77672,93519,13626,54847,32323,114089,22540,17873,47246,4548,9754,23999,20601,6001,21577,10937,6010,22658,7135,11199,8112,12170,36645,51188,45260,25091,42632,6906,38573,6745,73109,54799,57846,4669,86206,23621,1327,65782,55082,11770,7574,5860,5794,2153,5986,8617,17243,12977,8022,48578,22831
"hsa-miR-193a-5p",228,89,280,204,132,224,291,163,191,151,71,180,365,107,210,190,163,281,142,232,225,300,56,69,173,92,163,259,199,123,202,243,98,516,116,226,211,196,441,254,241,610,497,48,177,61,186,83,312,48,316,228,18,706,246,49,49,80,87,59,54,94,131,62,70,158,66
"hsa-miR-193b-5p",18,0,21,21,22,0,16,22,10,31,0,19,12,25,13,0,13,18,18,19,15,35,19,0,15,0,0,36,18,17,0,54,22,120,0,34,40,36,43,16,22,76,44,0,20,12,0,11,0,10,15,11,0,22,27,8,8,11,12,0,11,8,15,56,9,9,0
"hsa-miR-195-5p",47,0,78,44,23,29,91,39,56,17,0,31,113,31,42,29,43,59,37,44,52,66,0,26,31,45,69,57,83,64,47,89,22,239,21,87,62,51,146,37,100,218,194,22,26,44,44,10,37,27,14,17,13,41,76,16,16,28,25,14,0,42,45,25,45,11,26
"hsa-miR-196a-5p",4,5,4,1,3,2,10,1,6,1,2,1,5,4,19,10,2,1,4,1,10,1,2,0,5,34,9,1,8,0,8,55,0,331,22,99,2,2,10,1,3,47,64,16,0,0,0,0,47,20,0,0,0,60,37,0,20,23,0,0,0,0,0,0,0,37,30
"hsa-miR-196b-5p",10,12,14,28,0,12,15,0,18,20,0,15,20,0,8,20,17,29,0,6,12,32,9,0,0,0,0,13,16,11,0,0,0,8,0,0,0,8,9,29,40,17,38,0,37,0,27,27,36,0,51,18,0,53,41,0,0,0,0,0,0,0,0,0,0,16,0
"hsa-miR-197-3p",63,12,142,159,74,107,123,64,136,4,51,163,118,57,132,116,82,281,39,44,29,368,97,169,86,39,23,101,118,48,24,65,22,73,15,45,16,35,72,24,348,94,167,17,85,26,132,150,130,28,316,75,0,215,96,39,26,28,10,0,0,32,22,57,46,97,56
"hsa-miR-199a-3p",387,92,1428,1451,269,482,524,400,1697,673,204,1009,1605,299,518,313,598,2917,213,562,631,1674,210,371,939,141,488,1140,789,167,582,421,149,857,196,537,288,267,422,404,3582,1201,2019,120,530,69,1643,634,1391,178,1234,668,30,1209,1963,335,190,234,76,23,56,88,159,425,219,821,345
"hsa-miR-199a-5p",0,0,29,46,0,0,0,0,45,0,0,33,30,0,22,14,22,62,0,0,0,45,15,32,21,0,0,24,0,0,18,0,0,0,0,0,0,0,19,0,54,22,37,0,10,0,44,28,23,0,65,18,0,26,31,7,0,0,0,0,0,0,0,14,0,21,0
"hsa-miR-199b-3p",28,11,223,193,44,54,65,35,227,84,23,94,254,29,46,37,81,367,15,72,72,278,19,38,89,0,93,140,98,16,64,37,18,89,15,62,12,29,51,20,558,113,278,13,60,0,220,111,177,16,196,90,0,133,211,50,24,26,13,0,0,20,25,47,20,106,51
"hsa-miR-200c-3p",95,35,174,171,59,95,173,115,199,255,59,252,191,49,107,102,99,508,124,131,88,281,86,41,147,80,82,122,138,34,104,237,39,468,63,398,54,58,91,59,402,378,236,33,104,72,136,98,92,145,212,75,18,212,140,84,58,50,39,0,28,87,47,57,27,126,55
"hsa-miR-203a-3p",69,0,112,48,20,50,435,826,249,12,24,52,70,135,40,201,119,105,112,116,66,133,196,15,231,35,589,235,183,156,312,230,102,400,50,893,1340,24,226,87,223,556,4470,480,13,80,90,30,84,264,50,54,18,144,84,70,20,57,14,32,57,48,32,69,154,18,384
"hsa-miR-204-3p",13,0,4,30,0,7,16,15,0,0,0,35,34,17,51,5,7,10,21,14,6,20,19,0,17,0,13,20,35,14,0,22,23,75,27,24,0,14,24,2,28,24,14,0,35,0,0,34,29,23,32,38,0,33,56,13,0,0,0,14,11,0,0,0,0,19,0
"hsa-miR-20a-5p",566,135,1289,1092,376,629,688,382,1024,640,228,905,1292,377,502,548,864,1641,213,784,1132,1495,208,334,558,419,831,1517,1352,435,790,574,316,1426,389,766,546,840,1369,6293,2466,1486,1819,286,1054,222,3069,405,841,225,835,727,71,788,1201,461,218,274,106,59,138,192,442,366,313,541,672
"hsa-miR-20b-5p",333,57,341,508,165,252,272,143,284,358,89,288,492,247,192,316,392,381,92,445,286,691,60,150,194,110,270,453,268,124,216,153,118,489,102,269,118,286,686,2488,364,552,415,70,533,50,1039,241,332,39,493,371,39,524,722,85,36,46,33,28,59,67,173,86,97,282,167
"hsa-miR-21-5p",708,218,1665,1501,454,651,1235,774,1818,575,369,994,2318,423,1021,763,827,3775,634,986,1528,1931,296,1377,995,748,1222,2150,2303,776,1260,1286,493,3297,694,1298,723,947,1617,2263,5732,2554,4209,329,807,234,2364,953,1043,948,2555,704,77,2950,1531,904,447,811,216,57,165,480,290,973,479,503,816
"hsa-miR-210-3p",24,0,38,75,9,15,50,9,84,124,0,73,31,29,35,13,33,121,25,132,34,36,13,65,149,24,28,52,49,0,33,39,0,43,0,12,17,47,37,334,295,149,83,7,54,8,346,168,134,0,161,62,0,92,124,12,14,7,0,0,0,7,8,10,7,113,15
"hsa-miR-2110",465,300,764,1149,536,929,648,547,712,816,355,1742,773,200,817,348,1046,2078,254,656,451,1523,387,117,567,79,71,532,396,112,443,111,115,276,122,182,196,289,402,1346,874,386,860,52,849,89,814,1166,938,78,1118,506,46,1025,980,153,117,109,116,58,66,94,124,125,101,834,188
"hsa-miR-214-3p",17,0,6,6,7,6,12,13,9,0,0,3,18,11,0,9,0,0,7,13,4,7,0,12,0,0,18,5,0,13,7,17,0,24,0,13,0,0,46,0,12,56,28,0,0,0,22,0,27,0,0,27,0,24,54,0,0,0,0,0,0,28,0,0,19,23,0
"hsa-miR-22-3p",170,26,308,219,67,108,224,127,350,103,53,139,415,70,159,110,158,528,95,178,153,380,40,60,196,103,203,306,350,108,145,192,59,385,77,207,85,139,338,855,809,481,684,30,376,26,835,303,449,45,345,197,12,428,545,70,34,64,18,8,20,57,49,114,36,224,86
"hsa-miR-221-3p",421,52,1077,1059,218,165,1028,417,1730,810,138,633,2057,238,467,243,505,3193,236,537,293,1296,117,600,468,60,367,450,792,291,445,204,56,916,110,324,98,133,463,129,2329,1016,1862,71,583,67,2133,1025,2020,126,1033,422,15,1331,1723,201,68,128,44,18,32,77,91,208,134,897,212
"hsa-miR-222-3p",46,0,96,73,38,38,65,39,109,44,0,46,113,23,29,39,45,149,18,37,23,125,0,115,64,19,34,27,29,21,35,52,0,61,0,33,0,0,48,37,97,77,101,13,48,8,98,26,70,13,80,62,0,59,107,10,7,7,0,0,0,19,10,58,22,57,29
"hsa-miR-222-5p",20,0,20,10,0,0,27,14,13,15,0,0,25,0,13,13,8,28,0,10,9,19,0,0,9,0,19,14,12,0,17,27,0,52,0,24,0,11,26,0,31,45,27,0,16,0,72,20,53,11,27,22,0,20,38,0,0,0,0,0,0,0,0,0,0,13,14
"hsa-miR-223-3p",914,278,2494,3313,744,1154,2315,899,3420,642,515,1596,2579,731,1444,1358,1244,5256,795,1123,1037,4209,701,3474,1597,735,863,2213,1946,697,978,897,300,2387,483,1405,543,523,1960,1455,6929,2405,3526,454,1290,208,3910,2231,3468,636,3158,1641,38,7639,2499,673,512,430,122,94,123,398,198,1257,514,1554,642
"hsa-miR-223-5p",693,228,1330,1113,365,1037,1112,542,999,931,343,1301,1335,503,665,345,1160,2250,360,717,921,1142,320,282,564,167,177,507,679,112,668,160,101,497,272,223,199,118,591,349,1128,419,732,107,488,132,1492,892,1303,99,1278,317,37,1525,1228,199,129,123,92,50,124,116,193,154,121,666,348
"hsa-miR-224-5p",54,8,302,172,41,36,581,62,320,51,31,195,169,37,59,95,83,523,85,25,55,103,29,22,73,21,107,80,152,127,122,84,9,105,60,37,23,58,101,35,680,191,123,14,173,18,307,360,111,38,233,48,0,168,173,32,20,39,0,0,30,19,33,102,19,93,98
"hsa-miR-2278",18,0,80,29,21,36,18,15,20,0,0,60,43,0,19,0,35,62,0,26,17,60,0,0,12,0,0,15,0,0,0,0,0,0,0,0,12,0,13,21,34,13,16,0,15,0,54,44,71,0,20,13,0,30,45,0,0,0,0,0,0,0,0,0,0,44,14
"hsa-miR-23a-3p",352,79,1066,767,232,350,722,387,1022,344,140,598,1155,256,485,434,351,1525,292,406,262,1457,163,939,605,220,365,516,551,295,366,524,127,1100,165,454,265,239,715,286,1696,1182,1836,132,456,73,1345,692,1196,193,1379,511,19,1472,1343,167,112,136,58,19,39,133,115,611,241,533,219
"hsa-miR-23b-3p",159,46,593,541,129,219,319,193,425,232,41,383,492,100,217,164,226,641,121,192,178,736,107,380,268,73,138,238,216,90,188,193,72,439,50,195,106,126,296,158,515,483,694,64,135,22,498,390,407,93,588,177,10,648,611,87,49,59,34,22,21,67,53,147,113,259,102
"hsa-miR-24-3p",2438,515,5749,4119,1488,3003,4679,2153,4964,4328,1086,4278,8337,1726,2767,1672,3470,7773,1374,3485,3018,5889,888,1521,2418,1629,2517,3906,4611,2195,2717,2519,885,6871,1416,2524,2019,2165,5280,3071,8964,7487,8067,1090,2213,1043,7374,2012,3736,1227,4663,1677,191,5426,5302,1449,665,1174,538,322,476,874,1721,1385,1308,2660,2730
"hsa-miR-25-3p",196,28,364,488,138,141,165,168,240,157,62,203,301,143,190,236,198,404,88,232,208,592,39,279,228,76,191,404,298,89,212,197,71,380,74,255,98,256,432,1554,463,411,380,35,470,23,526,412,417,45,630,406,12,602,558,70,71,55,26,21,24,47,50,114,68,252,75
"hsa-miR-25-5p",12,6,11,42,9,7,13,13,14,10,12,11,10,3,6,71,26,22,33,105,8,71,11,0,55,10,96,62,80,10,2,28,39,78,24,35,31,23,64,91,79,34,61,0,73,0,73,76,80,0,66,61,9,84,116,14,15,15,12,0,0,15,0,0,0,80,20
"hsa-miR-26a-5p",133439,20779,361300,229002,72683,199007,180883,73631,206254,47084,55282,251333,304130,80838,119205,87340,243454,318073,41459,159962,112244,274961,49669,52668,122340,37459,51385,116202,126165,48662,82199,54945,32450,129358,36887,60320,52209,56633,161269,106039,241213,139190,203677,24466,84015,35073,212052,81528,133686,31811,135770,51345,8634,124808,148994,61026,32840,34737,26699,11870,25640,39022,78744,51652,36234,102381,77280
"hsa-miR-26b-5p",30187,4780,74180,48815,13178,31267,41638,21503,51656,59596,12394,48774,64144,17845,28727,20234,46561,86204,11302,31153,33954,63430,9983,10196,26113,10668,19230,39000,36171,12125,28374,20703,9727,48998,10592,23454,16558,21037,50155,66023,77228,48839,72197,5210,31872,8299,70442,30259,52439,7809,32200,28500,1708,60836,68018,13903,7416,9708,5720,2941,5247,8839,14310,12646,7926,40522,16281
"hsa-miR-27a-3p",101,0,245,201,61,121,152,77,260,110,44,133,262,35,117,110,95,325,66,118,125,286,48,244,163,106,148,211,195,106,97,168,58,406,53,141,92,130,233,180,468,388,547,70,76,16,201,85,104,114,377,170,11,280,233,97,53,66,16,12,11,58,24,153,72,101,63
"hsa-miR-27b-3p",19,0,102,57,27,41,96,46,104,15,0,52,93,33,42,33,40,133,46,35,43,109,60,48,78,42,138,141,69,81,54,137,65,230,37,158,232,52,168,60,208,207,672,109,39,18,115,57,75,55,110,55,0,108,107,35,16,28,0,8,27,30,17,18,38,52,102
"hsa-miR-27b-5p",34,0,98,53,21,19,38,37,77,43,7,105,79,9,61,34,30,96,16,60,40,125,33,11,55,0,43,40,20,49,33,50,25,61,21,39,53,22,23,11,76,88,139,0,55,0,94,72,77,0,60,39,13,55,117,25,19,0,21,11,11,14,22,0,14,67,20
"hsa-miR-28-3p",1516,201,5946,2669,897,2618,2461,1035,2633,4331,643,3314,4308,1084,1815,1243,3574,5842,638,2323,2031,3097,521,583,1592,525,577,1708,3051,517,1537,832,474,2839,981,898,691,872,2605,613,4060,2405,3352,261,1551,361,5755,2628,4855,292,2839,1070,96,3069,3891,726,340,431,338,109,265,440,856,467,387,2989,729
"hsa-miR-28-5p",134,71,517,384,187,237,234,116,615,175,126,402,503,81,221,176,284,896,84,246,269,642,155,70,350,43,184,398,323,89,271,164,73,429,132,140,161,208,245,234,1176,374,872,43,311,43,540,318,378,81,407,268,22,412,503,164,118,101,48,0,31,94,94,87,55,408,87
"hsa-miR-29a-3p",473,103,759,1026,520,443,596,545,496,83,140,447,840,471,557,562,486,796,328,621,413,1087,249,568,549,349,472,800,528,275,360,594,251,1336,206,454,274,383,1045,396,1034,1062,1446,62,593,125,847,569,443,307,883,1135,36,1728,678,246,237,225,168,71,78,262,121,288,131,261,58
"hsa-miR-29b-3p",90,27,150,177,60,61,137,108,145,38,30,79,226,81,78,98,78,267,93,90,174,185,40,118,107,141,150,254,197,74,104,159,110,429,50,186,109,145,316,327,371,283,392,32,101,51,235,67,118,150,70,167,8,323,139,73,46,109,33,20,30,55,54,66,46,43,41
"hsa-miR-29c-3p",50,0,96,113,39,43,72,50,90,0,17,49,106,42,74,88,58,116,38,68,73,120,26,61,73,85,85,142,88,56,40,106,47,228,33,115,58,72,181,268,219,182,238,22,106,29,166,95,57,63,110,106,0,144,94,48,40,37,17,0,10,43,26,42,33,39,26
"hsa-miR-30a-3p",1055,243,1369,1264,605,1045,1216,646,785,420,313,640,1808,494,953,823,903,1230,602,975,631,1570,190,542,681,463,615,1023,1094,681,714,1217,517,1967,535,800,1037,892,2157,779,1219,2555,2179,182,608,482,1414,460,606,417,574,620,157,582,1554,417,345,412,299,214,210,438,673,233,505,704,185
"hsa-miR-30a-5p",1415,274,2148,2011,929,1321,1899,961,1398,263,468,878,2678,716,1374,1176,1214,1812,845,1390,1044,2200,455,1080,1084,1432,1201,2132,2193,1594,1240,2098,843,3591,864,1516,1808,1658,4152,1466,2495,4743,4435,537,775,1023,3644,502,953,970,1067,809,193,742,1753,879,469,744,423,312,325,727,1196,394,882,916,411
"hsa-miR-30b-3p",104,45,212,123,138,108,119,54,138,145,44,216,145,53,79,55,108,276,23,76,129,295,54,19,118,8,54,58,52,27,71,19,12,64,19,20,36,71,70,65,171,59,128,12,91,11,149,160,153,14,131,72,11,141,171,41,24,24,16,0,0,28,28,33,20,122,36
"hsa-miR-30b-5p",20,0,35,44,0,17,28,0,40,18,0,34,47,0,31,36,0,63,0,0,0,120,0,136,27,0,15,17,0,0,16,0,0,44,0,18,0,0,34,19,76,37,75,0,23,0,34,39,17,15,76,43,0,90,27,5,0,11,0,0,0,0,0,34,18,13,10
"hsa-miR-30c-1-3p",99,90,206,244,113,146,114,63,103,93,68,347,252,65,117,61,208,333,57,121,147,281,112,27,101,26,41,143,143,34,86,27,21,90,24,15,42,30,116,46,211,102,136,0,113,18,145,184,182,25,207,95,0,209,210,52,30,32,26,14,12,32,41,39,25,190,41
"hsa-miR-30c-2-3p",51,0,23,45,37,38,49,21,19,5,0,15,84,18,27,45,46,20,27,53,8,30,8,24,21,16,26,25,49,17,29,45,17,76,22,20,34,18,91,0,22,56,57,0,26,21,32,30,32,15,37,22,15,44,69,24,15,18,13,0,0,21,29,0,0,28,0
"hsa-miR-30c-5p",44,20,141,232,52,70,89,42,171,18,19,110,121,33,76,94,49,235,25,62,18,380,24,270,95,0,41,63,55,28,18,57,20,120,14,71,29,29,130,79,278,125,247,20,59,0,106,101,59,47,348,112,6,277,96,33,33,30,9,0,9,23,9,106,58,62,55
"hsa-miR-30d-5p",15074,3640,32296,28022,13283,15436,14805,9040,22052,7061,7009,30029,26037,7477,15919,11519,17479,40467,4853,17147,11514,36509,9066,4902,16661,2967,4890,11782,12601,3644,10264,4929,2824,8773,3662,5092,4555,5161,11414,14927,24798,12383,22386,2057,9780,2294,20437,15538,14919,3062,23627,6730,975,16853,14357,7298,5191,4248,2717,873,1807,3974,5729,4860,3254,9854,8205
"hsa-miR-30e-3p",1126,274,2639,2250,816,1486,1527,961,1983,620,460,2142,2633,834,1228,973,1760,3415,543,1390,1244,2636,560,847,1125,616,681,1654,1487,507,1048,739,468,1972,505,747,728,772,2286,2055,2887,1842,2665,298,1110,329,3212,1321,1548,367,2207,856,76,2450,1868,631,355,338,297,138,238,307,598,606,389,944,651
"hsa-miR-30e-5p",2751,755,6076,5871,1856,2635,4128,2361,6286,1324,1403,4045,6982,1558,3549,2465,3433,11169,1595,3941,4892,6307,1411,1224,3733,2633,3729,7154,7868,2630,3943,2910,1734,7045,2367,3794,2630,3735,7194,15560,13506,7480,11317,1324,3294,1038,13284,3146,4644,2044,6429,2777,261,5887,4391,2950,1769,1696,727,323,586,1038,1568,1473,1288,1780,2914
"hsa-miR-31-5p",134,27,198,284,117,175,122,144,162,133,44,140,275,170,58,82,427,179,90,160,130,129,66,76,94,127,157,287,149,71,79,147,146,358,57,151,91,174,471,112,232,160,353,32,201,42,193,69,195,68,39,148,17,339,326,44,28,49,35,38,58,86,133,17,36,370,39
"hsa-miR-3120-3p",66,0,271,102,54,127,113,39,132,109,55,199,179,46,71,49,152,158,14,133,41,180,25,20,48,0,21,28,41,0,34,14,0,28,21,14,17,0,21,30,64,25,74,10,51,17,135,61,130,0,123,29,0,68,105,28,10,0,13,0,0,14,37,24,20,91,52
"hsa-miR-3135b",49,0,40,61,17,24,24,22,0,51,31,35,31,0,33,29,24,76,0,19,33,43,0,15,25,0,0,0,21,0,0,0,0,25,0,0,0,0,18,0,19,19,42,0,19,0,11,16,28,0,11,6,0,15,75,21,8,6,13,0,0,7,7,14,0,28,0
"hsa-miR-3138",25,10,96,96,45,49,39,25,76,22,25,165,45,9,69,40,63,159,21,36,47,187,51,14,38,0,7,35,25,0,21,6,0,11,18,0,10,0,8,32,50,20,45,0,54,0,38,74,54,0,161,39,0,72,66,19,14,0,12,0,0,0,15,27,13,43,16
"hsa-miR-3196",55,17,14,46,74,43,36,44,12,0,23,16,14,51,15,18,22,44,26,36,56,40,24,19,22,36,34,80,23,19,27,41,51,85,12,26,16,46,88,10,36,47,31,0,19,0,12,34,29,10,31,43,8,52,86,39,20,26,12,21,13,15,17,16,11,34,0
"hsa-miR-32-3p",41,14,105,114,13,19,87,29,62,20,14,40,96,22,71,34,18,240,21,27,58,66,34,5,23,18,19,186,125,14,61,38,18,104,39,42,27,55,62,39,293,119,224,0,62,0,103,67,71,34,110,51,0,116,77,40,27,36,14,0,0,26,30,29,15,48,22
"hsa-miR-3200-5p",17,0,19,44,49,7,0,25,10,0,0,3,17,31,5,12,20,18,0,15,0,6,0,0,16,21,18,23,12,15,26,0,0,41,15,14,9,15,26,434,21,35,4,0,108,0,42,74,40,0,90,44,0,124,68,0,0,0,0,0,0,0,11,0,0,45,17
"hsa-miR-320a",52292,14755,75586,52001,47315,71398,52039,28479,35708,35033,29376,160957,57678,20175,66429,24474,71960,66400,12799,66536,87079,67972,20869,6517,37818,7760,15216,27445,39552,17729,26478,20892,10566,38088,15374,18711,17918,17603,56593,35887,30002,50482,61902,3647,63363,5925,62068,95744,78412,5382,75285,32742,3264,63075,90890,12255,7940,9246,8397,4325,5074,10702,12327,10006,9198,69384,13758
"hsa-miR-320b",1504,792,1649,1751,1284,1514,1418,1204,1088,1015,860,2285,1642,580,1595,1159,1678,1904,753,1503,1463,2120,1388,303,1115,326,659,1396,1237,451,1142,829,665,1528,643,771,1182,833,1871,2278,1127,1747,2411,222,1636,244,1339,2668,1727,391,1823,1077,264,1706,2024,356,369,288,318,251,234,492,334,269,321,1698,483
"hsa-miR-320c",630,349,651,811,647,631,605,473,519,430,385,936,773,264,671,525,715,922,278,586,580,1006,555,113,536,134,254,633,478,171,486,321,246,573,294,262,353,357,699,654,462,638,947,52,655,107,516,1141,749,141,809,479,91,772,893,178,161,129,143,87,96,203,164,117,127,788,155
"hsa-miR-320d",197,99,184,230,157,205,182,140,123,114,87,197,215,95,200,133,135,209,121,169,144,337,144,37,147,57,111,198,170,48,150,140,103,192,76,99,125,112,259,180,159,288,305,13,194,51,125,280,177,37,212,131,50,211,206,58,59,48,64,25,28,81,60,38,37,202,39
"hsa-miR-320e",74,95,39,41,41,25,67,34,10,84,81,43,45,17,108,34,62,24,23,63,51,15,65,0,28,0,24,29,22,24,46,19,11,31,35,18,24,28,74,41,22,41,50,0,70,16,82,147,88,0,91,39,0,72,95,0,14,17,16,0,0,17,14,14,13,108,20
"hsa-miR-323b-3p",0,0,18,93,0,17,19,40,67,0,10,8,0,14,13,0,19,171,0,10,23,0,0,0,36,0,12,46,27,9,33,0,0,18,0,15,12,9,0,0,132,33,21,0,0,0,14,56,40,24,64,27,0,50,50,13,0,0,0,0,0,0,0,0,0,36,22
"hsa-miR-324-3p",12,0,70,48,46,14,13,21,11,23,15,26,21,0,0,16,14,49,0,15,0,133,16,49,39,0,0,49,19,0,16,0,0,19,0,15,0,0,21,49,48,40,60,0,39,0,50,62,51,0,80,35,0,75,55,7,0,0,0,0,0,7,0,15,7,49,10
"hsa-miR-324-5p",161,81,681,585,329,337,276,135,673,256,204,696,371,75,266,274,314,862,89,253,228,1242,648,261,454,83,225,319,362,111,255,96,101,189,90,130,109,169,135,698,942,251,754,34,508,20,659,608,672,58,717,408,27,607,740,134,77,65,50,19,27,81,78,105,49,652,124
"hsa-miR-328-3p",15,0,66,88,31,32,36,23,63,0,0,77,32,15,32,36,17,118,0,18,0,126,24,58,50,0,0,32,20,0,21,0,0,23,0,0,0,0,22,0,96,47,87,0,30,0,57,97,76,8,94,27,0,74,52,12,0,0,0,0,0,8,0,21,8,49,10
"hsa-miR-335-5p",3832,506,8948,7028,1762,7142,5459,1913,4679,10376,2422,7644,7755,2260,3765,2539,10043,7969,817,4336,3856,7160,1547,854,3868,565,959,3100,2310,667,2148,687,525,1403,847,1162,875,685,3699,1480,6119,1625,4717,546,2159,735,9494,3744,7046,613,2935,834,113,4611,4277,1430,668,556,648,130,601,648,1832,1459,693,4040,2406
"hsa-miR-338-3p",0,0,17,17,0,9,26,18,21,0,0,18,16,0,13,10,10,19,0,8,0,37,0,0,11,14,37,32,15,0,17,27,12,60,15,18,16,0,38,0,38,55,58,0,37,0,54,21,40,0,35,43,0,65,49,14,0,14,0,0,0,10,0,0,0,46,0
"hsa-miR-339-3p",343,105,1103,908,378,449,464,278,653,6,186,776,823,283,402,306,514,1117,155,603,397,1630,251,346,378,192,193,399,419,137,246,218,156,289,149,221,197,196,203,453,752,232,663,48,517,47,1104,827,935,62,794,405,33,636,1100,138,78,76,53,24,48,87,90,116,61,1094,126
"hsa-miR-339-5p",15,0,49,124,34,0,39,25,38,0,0,36,28,22,26,21,0,140,0,21,0,136,45,67,50,0,25,40,26,0,0,17,0,34,0,15,0,0,0,14,134,18,141,0,30,0,50,130,75,10,78,54,5,67,60,12,13,10,0,0,0,0,0,15,0,56,0
"hsa-miR-340-5p",58,19,231,161,34,79,202,82,205,69,59,91,338,59,139,54,127,499,51,80,108,142,38,44,90,57,79,217,258,92,115,76,23,178,47,93,76,51,110,132,703,175,516,35,78,30,410,90,173,65,78,58,12,162,143,68,43,69,36,0,18,30,58,68,19,80,80
"hsa-miR-342-3p",1711,453,3743,5669,2123,2199,2178,2134,2527,1388,1410,3056,3161,1391,1810,2043,3060,4930,1527,2225,2776,4121,1535,683,2649,1309,1593,4678,2751,1023,1483,1835,1387,5068,1392,1627,1158,1961,5799,2001,3500,2468,3872,304,2448,335,2170,1818,2524,999,1884,2388,515,2243,2796,1228,1082,1318,719,378,627,1194,1168,601,969,1860,608
"hsa-miR-342-5p",145,63,280,351,202,184,139,152,153,275,129,294,207,142,160,145,287,313,92,112,223,264,160,77,239,44,90,289,139,34,124,138,128,252,84,107,83,147,327,151,232,118,251,10,238,17,202,239,290,34,137,235,31,226,366,50,66,54,61,22,36,82,71,71,38,279,50
"hsa-miR-345-5p",0,0,32,56,0,32,20,22,29,23,0,25,45,17,0,20,20,35,0,34,18,64,0,24,20,0,0,17,22,0,0,0,0,29,0,19,0,0,0,34,49,59,83,0,29,0,51,38,33,0,49,22,0,76,37,0,8,9,0,0,0,6,0,6,6,32,5
"hsa-miR-34a-5p",17,0,27,24,0,0,21,0,17,12,0,9,43,13,29,21,0,13,26,21,28,80,0,0,19,47,78,33,51,39,16,71,18,154,15,57,51,22,43,23,95,155,113,33,32,0,69,43,55,22,62,47,0,26,113,22,0,0,17,0,0,13,0,0,19,43,33
"hsa-miR-361-5p",455,90,1085,895,311,763,1036,390,801,423,264,744,1429,426,405,331,854,1757,258,589,336,1028,282,246,474,229,281,413,394,232,230,321,121,888,92,372,166,212,1092,398,829,933,1000,116,302,204,645,270,417,204,447,189,53,609,504,255,147,208,150,79,129,195,294,174,169,396,311
"hsa-miR-3615",91,48,150,195,49,73,113,61,189,24,67,87,85,38,109,118,97,133,53,132,68,237,86,42,91,31,67,139,116,23,63,35,21,111,24,71,12,53,111,158,224,105,137,13,116,14,157,129,134,21,239,84,0,187,127,32,42,28,16,8,12,29,16,21,41,84,42
"hsa-miR-362-5p",46,0,65,91,23,37,49,35,63,90,13,38,112,33,20,27,54,118,27,132,63,53,7,20,54,41,53,83,114,11,37,66,50,181,30,79,38,87,190,145,139,218,135,11,79,23,183,204,166,15,176,105,0,146,142,12,14,15,10,0,0,15,15,17,16,87,33
"hsa-miR-363-3p",0,0,11,38,0,0,0,0,14,0,0,0,21,0,18,13,16,34,0,23,0,30,0,26,14,0,16,39,11,0,0,0,14,27,0,14,17,14,41,166,34,36,24,0,33,0,47,29,34,0,53,48,0,51,55,0,0,0,0,0,0,0,0,10,9,19,0
"hsa-miR-3656",41,0,31,132,36,62,86,81,67,22,23,51,83,22,62,57,44,84,113,21,69,179,30,16,82,19,68,69,120,48,106,39,39,84,80,62,87,57,46,98,63,72,106,0,61,0,33,72,40,24,97,78,16,97,153,30,50,21,41,18,19,41,18,20,17,43,16
"hsa-miR-3679-5p",17,27,49,62,83,54,50,45,48,30,81,253,45,10,58,63,36,147,26,63,45,180,108,19,71,0,16,76,27,7,67,8,13,7,8,0,3,0,6,12,77,9,44,0,74,0,44,148,76,0,214,56,0,122,119,15,22,24,16,0,0,15,0,24,0,73,15
"hsa-miR-369-5p",5,0,134,219,11,46,59,43,189,3,32,44,4,45,15,8,66,399,11,27,48,9,52,0,143,0,13,205,17,9,56,8,16,30,13,43,21,26,10,4,343,63,31,25,44,0,37,47,37,46,125,51,0,107,120,45,30,17,0,0,0,0,0,0,17,59,31
"hsa-miR-374a-5p",3,0,26,26,2,3,36,6,27,0,5,1,79,4,15,1,2,50,4,4,7,7,4,0,2,22,37,82,60,30,25,27,4,59,6,44,8,10,38,34,294,41,162,0,39,0,79,33,39,23,0,41,0,64,47,31,0,35,0,0,0,0,0,34,0,0,32
"hsa-miR-374b-5p",39,14,148,138,17,41,83,44,192,11,31,67,134,19,57,33,84,233,22,60,50,134,21,50,65,30,53,124,116,46,31,53,0,85,30,58,26,29,98,76,373,104,280,21,36,21,165,29,69,36,82,32,0,100,65,67,33,22,18,0,12,20,28,52,18,48,39
"hsa-miR-375",0,16,0,23,19,22,30,0,0,0,0,0,30,0,0,21,0,0,31,35,24,40,48,0,0,29,0,0,24,32,0,36,0,62,0,41,0,0,26,39,24,87,40,10,4,35,10,3,8,20,9,9,0,8,9,0,0,0,0,8,6,5,21,0,0,9,9
"hsa-miR-376a-3p",48,0,487,397,32,203,187,111,243,240,50,174,48,90,82,33,229,454,30,80,75,67,116,15,124,0,22,108,43,32,76,0,14,66,18,52,24,0,23,25,136,70,46,35,16,23,82,62,105,63,98,14,0,120,97,84,12,16,19,0,10,19,14,13,44,92,111
"hsa-miR-376c-3p",146,16,1518,1129,108,494,502,285,908,468,185,451,137,277,195,95,854,1348,84,324,232,160,315,78,359,16,72,328,100,60,195,48,42,172,45,173,62,53,151,48,376,218,138,143,82,49,360,239,347,70,262,84,0,509,465,141,49,54,64,11,53,56,55,49,88,332,298
"hsa-miR-378a-3p",524,39,623,553,171,598,553,257,297,184,88,490,1124,514,140,203,826,525,129,751,660,606,154,130,319,146,276,322,401,174,141,185,164,671,86,281,108,191,1217,716,401,634,741,39,463,121,908,500,1029,40,423,346,27,725,1056,59,44,62,61,59,79,83,180,82,73,933,129
"hsa-miR-378c",17,0,22,5,7,52,62,7,3,70,0,11,75,15,1,2,60,6,16,101,55,17,6,0,19,0,27,4,15,14,18,14,0,20,0,31,29,31,146,32,44,30,19,0,52,9,110,48,107,0,39,37,0,78,109,0,0,0,0,8,0,0,20,0,0,87,17
"hsa-miR-379-5p",0,0,48,48,7,13,11,12,83,26,9,7,0,4,5,3,35,92,0,7,16,4,15,0,18,0,5,26,8,0,18,0,0,8,0,17,0,0,2,0,36,16,5,0,0,0,0,40,0,0,67,29,0,72,62,24,23,0,0,0,0,0,0,0,0,0,0
"hsa-miR-381-3p",0,0,42,50,9,13,15,13,41,0,0,12,0,10,10,0,42,97,0,0,17,7,33,0,13,0,19,46,0,14,18,0,0,12,0,10,11,0,6,0,87,20,10,0,0,0,0,25,17,0,62,28,0,65,61,44,0,0,0,0,0,0,0,0,0,38,20
"hsa-miR-382-5p",864,193,4032,6399,896,2737,1753,2151,3740,1926,1077,2721,732,1493,1420,601,2885,9602,630,1414,1552,1092,1916,148,3770,67,377,2925,902,247,1604,300,253,766,422,697,596,419,404,499,4086,1145,849,334,717,87,1088,3660,2534,609,4062,813,51,3167,5158,711,375,196,323,41,203,229,121,153,344,2652,1242
"hsa-miR-3928-3p",26,0,55,37,0,29,36,0,0,30,0,49,80,0,20,19,47,30,0,30,31,60,0,0,24,0,0,0,0,0,0,0,0,0,0,0,0,0,20,34,0,20,28,0,19,0,37,25,47,0,16,8,0,20,41,10,0,0,0,0,0,6,5,0,0,40,8
"hsa-miR-409-3p",213,38,1254,1760,305,575,574,752,1227,867,327,745,167,495,490,165,719,3674,194,414,612,262,618,32,1130,35,200,1203,439,143,682,103,115,396,219,351,236,180,135,168,1795,570,347,141,196,17,419,1233,593,272,1483,318,32,1229,1859,260,120,91,114,13,69,60,41,71,145,723,385
"hsa-miR-411-5p",56,6,568,688,52,164,220,194,514,377,106,221,27,106,155,61,423,985,60,118,250,61,200,21,191,13,47,459,109,52,188,42,41,162,63,138,88,35,58,23,415,216,99,72,53,29,106,131,57,91,353,103,0,259,214,154,67,58,49,0,44,26,39,38,58,106,137
"hsa-miR-421",225,42,687,436,132,288,330,174,387,391,98,480,544,114,255,191,303,758,79,306,284,550,100,73,239,91,130,320,363,89,210,108,63,324,79,162,93,133,282,503,689,343,411,46,243,62,550,265,363,62,397,137,15,393,388,123,64,71,47,19,38,49,139,94,64,262,176
"hsa-miR-423-3p",78,10,296,228,54,38,112,47,337,49,8,141,241,18,89,93,66,456,25,109,57,434,43,263,202,30,98,121,133,34,61,115,31,157,7,83,35,44,108,96,501,141,445,26,184,13,325,196,312,31,262,148,0,235,302,45,19,28,23,0,0,32,25,61,32,192,65
"hsa-miR-423-5p",19506,20328,24353,52827,27482,22459,19714,22376,40673,7639,19943,68096,25891,9387,42433,26661,17354,94418,15149,25024,29453,100420,42302,9848,38911,4630,9032,43283,29356,5741,23137,8001,6722,17332,13625,8575,11332,15939,13704,101311,44176,19230,32454,1888,47977,1972,26394,70432,41804,4660,70705,31714,3386,52010,56224,8870,8191,6229,5839,2839,3015,5781,5333,6541,5703,43976,7738
"hsa-miR-424-3p",49,20,56,72,30,52,39,28,58,24,9,19,51,27,28,33,17,53,33,72,58,82,16,26,32,30,76,106,79,20,71,60,52,120,31,51,39,40,123,113,58,162,135,20,47,18,105,56,78,17,95,30,0,99,91,24,15,25,19,19,15,0,33,0,16,36,31
"hsa-miR-424-5p",0,0,14,12,0,10,14,0,12,0,0,0,7,10,0,0,0,13,0,0,0,13,0,17,0,17,19,24,8,8,0,12,11,27,9,17,0,10,19,41,31,41,47,0,20,0,92,17,39,0,28,22,0,64,45,20,0,0,0,0,0,0,0,0,0,0,0
"hsa-miR-425-3p",249,56,795,773,268,342,314,233,629,266,130,755,622,218,265,246,409,1197,133,447,258,1212,277,230,435,69,181,347,256,99,185,130,46,286,44,143,93,87,229,416,1066,374,681,61,342,48,896,644,644,66,867,241,18,553,582,107,60,84,48,21,30,72,86,115,66,363,155
"hsa-miR-425-5p",1104,210,3594,4106,1261,1342,1439,958,3901,209,626,3737,2619,485,1823,1553,1445,5236,496,1605,1568,6103,988,1285,2277,438,850,2135,1819,546,1544,500,306,993,428,650,438,577,942,1404,6435,1459,3490,203,1873,129,4784,3207,3405,348,3460,1434,107,3147,3510,637,396,367,212,62,104,288,296,457,334,2718,619
"hsa-miR-4306",153,71,61,98,28,36,24,20,7,264,77,33,124,17,14,46,171,6,3,108,69,108,26,0,41,17,5,10,6,7,9,3,0,2,14,15,3,26,57,242,14,3,18,0,101,11,83,158,94,0,99,56,0,138,122,15,18,0,0,0,0,14,22,0,0,163,19
"hsa-miR-431-5p",36,0,296,223,35,55,94,46,298,42,37,60,13,31,42,32,126,356,35,68,107,45,130,15,92,0,40,169,25,40,91,22,18,61,12,107,39,26,17,17,204,103,50,24,60,13,56,110,71,28,231,52,0,184,198,59,26,14,15,0,0,17,0,15,22,121,49
"hsa-miR-432-5p",1189,358,4990,5694,1526,2627,2481,2349,3954,4492,1952,3990,493,1157,2205,855,4541,7519,812,1772,2591,1213,4572,173,2169,55,354,2427,999,325,2047,241,335,868,457,789,715,491,453,565,1703,1355,730,388,774,69,617,5236,1178,276,8470,810,74,4097,4300,934,353,317,747,82,264,319,153,207,514,3099,1359
"hsa-miR-4429",170,174,133,112,115,63,87,87,48,163,143,183,167,18,147,87,140,148,50,123,146,134,107,0,83,0,38,102,40,30,112,21,17,37,40,34,49,78,114,159,80,65,128,0,131,29,126,345,123,11,196,82,0,141,144,23,27,20,27,22,14,25,20,12,19,238,31
"hsa-miR-4433b-3p",137,144,540,396,291,140,0,164,314,340,541,1306,591,85,1314,104,128,1499,62,405,209,908,1042,78,463,48,14,189,349,0,343,19,34,50,122,32,123,61,38,315,0,0,236,38,0,21,95,0,419,61,645,278,0,547,445,348,204,105,112,0,32,40,45,68,86,734,250
"hsa-miR-4433b-5p",72,22,260,225,91,74,65,52,197,36,113,307,353,55,342,32,88,767,22,77,15,504,246,175,298,0,22,75,142,11,33,24,0,40,11,39,24,13,13,87,78,20,269,23,22,0,137,133,173,26,233,104,0,237,165,77,25,38,9,0,0,23,25,82,53,219,112
"hsa-miR-4443",18,0,45,43,14,16,16,24,23,0,0,24,49,0,24,14,0,34,17,33,41,47,15,0,22,0,19,55,19,0,20,0,0,36,0,0,0,29,45,22,41,39,60,0,29,0,18,41,21,0,47,18,0,27,52,0,11,0,10,9,0,16,0,9,0,29,9
"hsa-miR-4446-3p",30,8,57,50,40,33,14,10,41,87,36,190,37,0,51,27,15,119,7,28,60,86,22,12,47,0,0,25,48,9,48,0,12,0,0,8,11,8,0,16,82,12,19,0,49,0,30,75,36,0,98,24,0,49,73,15,15,0,0,0,0,0,0,21,17,81,33
"hsa-miR-4454",28,17,98,83,30,18,31,35,33,0,0,15,81,28,33,38,30,50,23,41,15,108,0,110,34,25,24,0,17,17,16,58,20,129,0,26,0,17,58,0,27,84,81,0,54,0,95,72,70,8,127,81,0,120,186,10,9,8,8,7,0,14,0,24,13,79,0
"hsa-miR-4488",19,25,20,33,33,14,27,21,10,0,0,7,16,18,13,14,10,13,13,17,43,90,17,0,13,0,41,16,15,13,19,28,17,81,0,25,0,22,44,0,25,38,31,0,34,0,0,24,30,8,34,40,0,49,75,24,23,15,0,0,0,18,17,0,10,27,0
"hsa-miR-4492",75,11,36,79,67,23,40,63,19,37,22,28,30,45,28,28,18,57,49,32,77,111,33,20,38,27,53,71,19,182,13,40,28,112,23,62,17,57,80,10,43,60,51,0,58,13,31,42,39,31,37,62,14,83,119,43,30,28,19,36,18,33,22,16,0,46,0
"hsa-miR-4508",94,33,124,163,115,94,134,92,57,52,49,62,84,106,50,81,61,126,63,115,132,157,52,31,88,71,92,149,62,158,62,95,69,208,44,125,37,53,163,183,48,113,120,9,102,18,42,86,80,19,61,76,9,160,233,52,44,29,65,64,40,36,42,32,35,64,17
"hsa-miR-4516",96,39,65,150,78,79,96,117,35,14,41,56,34,99,47,90,57,100,93,77,113,240,40,16,74,18,53,110,34,12,37,109,77,203,20,67,29,42,72,13,57,104,97,0,68,9,31,57,46,27,50,78,16,105,141,56,43,33,19,43,23,36,21,19,22,65,10
"hsa-miR-451a",321,59,260,765,164,116,277,193,270,18,38,159,329,287,168,384,149,486,149,267,191,955,71,1200,204,147,423,595,339,126,135,241,113,612,109,485,133,347,630,3979,588,694,782,24,1255,27,836,918,372,73,1363,1695,14,1769,1060,48,81,39,16,18,22,49,23,170,151,564,95
"hsa-miR-4532",89,0,82,113,80,68,79,58,63,25,29,61,59,52,36,43,43,43,39,63,130,411,45,31,33,50,87,145,48,48,65,69,66,213,32,80,31,77,162,35,91,87,113,12,46,10,47,38,69,27,31,56,7,76,103,39,36,20,21,51,37,62,21,30,16,41,17
"hsa-miR-454-3p",54,0,136,101,23,57,113,62,112,93,23,110,174,40,58,62,67,315,27,67,96,117,7,38,42,27,55,116,118,44,96,57,26,154,32,93,74,79,104,369,264,145,207,17,86,0,142,60,102,49,144,76,0,142,139,44,26,46,21,0,17,15,29,50,34,67,45
"hsa-miR-4665-5p",7,0,20,17,12,26,18,10,35,18,12,67,34,0,15,17,16,37,0,18,8,28,17,0,17,0,0,0,0,0,8,0,0,0,0,0,0,0,0,4,17,0,5,0,29,0,39,40,42,0,46,0,0,29,25,0,0,0,0,0,0,0,0,0,0,37,0
"hsa-miR-4710",45,0,81,46,24,32,16,22,65,33,21,73,51,0,30,0,33,80,0,25,30,158,22,0,40,0,0,25,22,0,33,21,0,0,0,0,0,0,18,0,57,19,46,0,10,0,13,17,13,0,10,0,0,10,23,6,0,9,29,6,9,17,14,20,9,31,7
"hsa-miR-4732-5p",113,79,33,214,121,43,35,105,19,89,41,55,44,72,47,95,25,121,56,90,115,183,24,19,80,15,53,145,74,18,90,31,34,58,26,33,28,96,115,1366,65,106,66,0,303,10,39,144,46,13,225,149,18,168,206,12,19,14,26,18,13,25,13,11,28,83,29
"hsa-miR-4750-5p",11,14,16,15,12,20,16,14,18,31,13,37,21,0,17,20,0,26,0,0,14,49,25,0,21,0,23,0,0,0,0,0,0,0,0,0,0,0,0,8,8,0,8,0,29,0,27,70,29,0,28,26,0,21,25,0,0,0,0,0,0,0,0,0,0,37,0
"hsa-miR-483-5p",210,124,52,274,249,158,257,139,55,26,49,57,98,59,450,164,77,148,170,169,107,462,137,217,204,102,174,309,160,225,194,371,130,482,204,242,464,230,285,339,119,615,320,0,283,33,34,152,76,83,296,419,94,191,268,118,97,104,134,92,37,105,102,46,135,180,30
"hsa-miR-484",158,40,638,831,236,213,328,159,193,82,73,419,445,163,233,300,194,957,103,250,112,990,118,257,304,21,70,328,191,39,54,121,50,242,18,95,53,50,181,314,469,194,543,12,298,13,480,394,433,86,738,248,6,616,398,64,44,56,32,11,27,74,27,129,61,267,70
"hsa-miR-485-5p",39,18,205,435,48,190,118,162,298,84,74,174,27,112,74,23,205,772,35,86,100,44,144,0,297,0,17,202,57,18,131,10,12,44,31,35,38,29,14,22,253,54,53,25,77,0,40,232,110,27,329,63,0,250,307,37,0,14,34,0,13,37,18,16,47,158,63
"hsa-miR-486-3p",1002,521,1060,1615,461,433,479,533,512,800,397,849,1058,321,622,779,867,1234,381,1252,909,1548,361,120,716,228,620,1156,960,163,552,326,228,862,373,776,428,1004,1139,7784,909,885,976,66,1898,137,645,1463,558,85,1820,1407,83,1256,1197,216,263,182,164,109,120,204,222,192,183,1009,630
"hsa-miR-486-5p",18993,6238,17669,35711,9841,8595,9605,10991,13383,24627,4165,12164,23051,9532,9159,15124,17723,24442,6856,27909,18063,33877,3768,1259,13348,10216,23700,32895,27140,6851,11953,14644,7410,34676,6394,32292,8866,26962,35981,249337,30245,35346,24064,1498,70736,2461,27808,45326,22914,2206,48986,48591,1625,45993,52678,4253,4756,3836,2006,1609,2166,3369,5943,2274,3934,35713,5954
"hsa-miR-487b-3p",0,0,79,84,0,14,23,28,130,25,19,32,10,18,23,0,35,156,0,16,15,0,25,0,46,0,21,52,0,0,15,0,0,28,0,34,0,0,11,0,103,44,39,0,0,0,0,52,0,0,90,20,0,80,31,30,0,14,12,0,0,0,0,14,21,25,28
"hsa-miR-493-3p",16,0,177,190,19,57,74,57,228,93,10,78,11,48,29,0,129,248,21,57,107,24,78,0,86,0,22,162,31,23,93,9,15,40,24,51,31,6,14,8,116,83,17,15,42,0,47,96,43,0,179,37,0,170,159,43,20,16,25,0,0,0,17,0,29,79,72
"hsa-miR-493-5p",11,0,142,114,10,19,30,26,148,9,30,31,0,14,21,12,81,219,12,24,53,9,58,0,61,0,11,100,26,10,46,0,0,39,0,55,12,9,6,5,90,37,19,16,0,0,20,35,0,0,79,0,0,60,52,34,18,20,15,0,15,15,0,0,21,23,32
"hsa-miR-497-5p",0,0,4,5,4,3,0,4,3,3,4,7,3,4,2,0,0,4,0,0,8,13,0,0,5,24,0,12,18,17,15,13,8,65,12,6,7,14,43,2,15,50,22,0,0,0,54,0,33,0,51,41,15,24,51,0,0,0,0,0,0,0,0,0,0,45,0
"hsa-miR-501-5p",0,0,16,15,0,11,0,16,0,12,0,10,20,21,0,0,22,26,0,14,16,17,21,0,0,0,0,10,18,0,0,20,0,29,16,0,0,0,17,14,19,35,21,0,13,8,29,38,37,0,29,25,0,36,33,0,0,0,0,0,0,0,0,0,0,16,0
"hsa-miR-5010-5p",114,14,34,120,83,17,44,50,105,72,62,146,38,40,59,79,29,244,15,53,107,149,59,7,120,14,21,10,31,18,23,3,13,11,0,12,3,11,5,559,74,3,13,0,107,0,49,125,89,0,154,98,0,131,128,19,25,22,13,12,0,18,20,0,0,101,28
"hsa-miR-503-5p",19,0,41,59,7,16,6,10,56,22,0,11,39,0,19,11,15,44,9,41,50,107,0,0,24,10,33,51,22,0,22,28,0,35,18,12,13,18,15,122,65,74,29,0,29,0,72,39,48,0,58,27,0,46,79,19,17,0,0,0,0,0,17,0,12,46,17
"hsa-miR-505-5p",418,158,744,733,439,474,360,268,596,500,228,1033,531,151,567,367,468,943,131,307,284,1427,375,128,568,48,155,314,231,72,286,168,64,259,103,123,95,144,212,544,648,314,460,22,631,38,273,559,348,46,802,438,43,512,800,126,109,85,82,42,46,122,111,101,81,594,148
"hsa-miR-5100",34,0,28,41,13,13,22,36,11,14,0,0,22,17,17,27,0,17,0,14,0,47,0,84,13,0,21,12,15,0,0,18,0,49,0,15,13,14,22,0,21,28,21,0,31,0,38,33,45,8,44,38,0,55,98,0,9,0,0,0,0,0,0,18,11,46,0
"hsa-miR-517b-3p",14,0,8,7,9,13,24,0,10,0,0,0,0,0,17,16,0,0,0,9,0,14,0,0,0,8,12,0,15,27,9,11,0,23,9,26,17,0,54,7,12,7,32,0,28,0,55,0,18,0,21,21,0,0,24,0,0,0,19,0,0,0,20,0,0,29,0
"hsa-miR-5187-5p",23,42,43,56,29,63,36,24,48,36,33,132,41,12,52,45,36,86,0,20,16,92,52,0,43,0,0,22,24,0,28,0,0,8,13,0,12,0,13,29,66,10,23,0,60,0,32,85,47,0,95,33,0,62,69,17,11,0,12,0,0,11,0,15,0,56,12
"hsa-miR-520f-5p",0,0,0,68,51,98,70,64,150,0,0,46,41,41,67,83,49,55,26,52,0,69,0,0,65,0,0,0,0,0,31,34,0,0,0,0,41,0,0,0,0,0,0,7,6,0,10,0,6,8,0,6,4,5,7,19,0,9,18,4,26,23,16,0,4,5,2
"hsa-miR-532-3p",14,0,15,25,16,0,0,0,0,0,0,14,43,15,0,36,0,31,19,27,0,34,0,27,27,0,14,23,26,0,0,0,0,30,0,0,0,0,30,46,36,27,36,0,27,0,0,34,16,8,47,36,0,43,26,0,11,0,0,0,0,0,0,0,8,16,8
"hsa-miR-532-5p",211,56,373,331,102,199,185,141,167,322,81,220,447,191,149,213,286,344,98,373,147,453,58,250,198,87,150,255,239,111,106,128,94,334,80,158,103,144,451,792,291,401,300,40,287,58,608,381,416,36,537,302,21,478,467,75,53,35,18,21,26,49,87,61,46,213,87
"hsa-miR-548a",45,0,206,153,30,66,111,47,177,91,29,138,201,33,94,52,96,348,14,110,84,215,30,23,81,0,22,128,78,17,78,46,0,54,44,20,30,21,34,60,282,63,160,15,71,12,220,115,161,18,119,49,0,112,193,33,25,26,0,0,0,20,26,26,17,87,32
"hsa-miR-548ap-5p/548j-5p",46,10,176,145,49,30,112,62,173,22,28,164,87,17,37,42,63,465,21,95,107,158,12,13,87,17,65,160,123,38,84,25,0,62,29,53,37,50,26,52,606,115,247,16,114,0,228,137,189,22,140,75,0,171,219,56,18,16,0,0,11,16,15,23,19,156,40
"hsa-miR-548au-5p/548c-5p/548o-5p/548am-5p",13,0,42,17,0,0,0,16,45,0,0,29,52,0,0,0,20,32,0,0,24,39,0,0,15,0,22,11,0,0,12,0,0,27,0,17,0,17,19,30,91,32,33,0,21,0,82,39,55,0,33,17,0,32,29,9,0,0,0,0,0,8,0,0,0,9,0
"hsa-miR-550a-3-5p",38,0,10,21,0,0,26,11,0,59,10,43,30,9,11,8,6,0,0,40,7,19,0,0,11,0,11,10,0,0,0,0,0,16,0,0,0,16,0,24,16,10,11,0,53,0,23,46,30,0,0,38,0,37,51,0,0,0,0,0,0,0,0,0,0,36,0
"hsa-miR-550a-5p",67,31,14,79,30,37,10,19,20,84,8,36,80,48,23,34,24,66,6,86,40,169,46,23,31,10,9,54,36,0,23,0,17,22,8,36,0,26,31,229,10,16,50,0,71,10,42,76,44,0,106,59,0,105,93,13,16,13,0,0,11,0,21,18,0,43,15
"hsa-miR-556-5p",13,12,53,38,13,14,21,0,22,10,0,17,24,0,0,0,9,37,0,17,31,42,9,0,35,0,0,19,14,0,11,9,0,0,0,13,0,0,0,7,63,12,37,0,35,0,24,41,30,0,46,16,0,29,39,12,0,0,0,0,0,0,0,0,0,44,0
"hsa-miR-574-3p",32,0,146,111,48,57,52,31,55,59,36,49,82,31,49,53,33,99,16,36,23,147,83,60,41,0,24,22,16,23,25,25,0,49,0,23,19,21,40,23,50,38,65,0,32,14,21,56,41,19,136,30,12,61,41,14,19,16,6,11,0,15,17,36,8,26,10
"hsa-miR-574-5p",1281,605,4491,2603,2115,3006,1915,1938,1362,2537,1248,2881,2288,594,2132,1315,1708,3276,703,1545,1171,3977,1719,420,1328,260,525,1380,1257,384,1010,915,468,1572,628,668,687,946,1226,1499,2134,1611,1431,206,1424,253,2557,2823,1811,204,3065,1002,238,2164,3546,361,466,437,524,240,226,632,427,639,220,1426,349
"hsa-miR-584-5p",0,0,32,9,0,11,16,9,30,5,0,17,42,0,12,0,47,84,0,13,18,24,8,17,9,0,0,13,0,0,8,10,0,11,11,0,0,11,0,16,43,41,20,0,0,0,28,23,0,0,34,0,0,43,55,0,0,16,0,0,0,0,0,20,0,20,19
"hsa-miR-590-3p",19,0,52,32,0,0,39,20,25,0,0,21,66,0,24,15,0,95,11,19,21,35,0,10,16,28,26,40,55,24,14,26,0,61,10,37,0,15,52,52,161,53,117,0,14,13,65,17,32,27,34,35,0,50,35,24,0,18,0,0,0,0,12,16,15,0,24
"hsa-miR-598-3p",33,0,76,98,31,58,71,49,82,10,36,85,74,41,51,48,36,110,29,45,13,216,35,54,71,11,16,30,29,16,26,16,0,45,0,17,0,0,29,30,84,47,55,0,40,0,73,81,68,16,94,51,0,73,77,28,13,18,0,0,0,18,17,23,22,35,21
"hsa-miR-6087",119,36,98,179,130,70,111,138,88,0,65,111,87,99,70,91,58,134,97,93,204,198,53,47,94,50,98,147,102,695,56,90,65,192,52,80,47,121,186,72,83,94,132,6,78,7,18,83,49,59,75,146,26,136,240,68,96,54,81,119,45,78,35,18,28,69,7
"hsa-miR-625-3p",23,0,50,41,15,12,24,0,15,18,10,54,27,0,8,10,16,20,0,17,7,53,0,0,12,0,0,15,12,0,0,0,0,16,0,0,0,0,0,0,17,9,13,0,29,0,26,55,33,0,79,0,0,28,35,0,0,0,0,0,0,0,0,0,0,19,0
"hsa-miR-625-5p",841,25,2396,1435,439,1244,486,238,733,381,299,3048,899,227,338,451,867,1129,83,969,424,2348,132,90,473,82,307,781,581,143,263,187,75,473,163,262,122,183,403,273,928,539,832,110,581,47,807,1187,1429,65,1324,331,16,643,1525,151,67,97,49,38,84,123,188,121,97,514,438
"hsa-miR-628-3p",858,267,1556,1301,731,937,814,557,991,1132,560,1876,1543,339,1158,535,1095,2060,264,684,811,1892,459,161,782,99,205,677,796,103,563,233,144,396,251,215,295,322,496,967,1201,588,999,142,586,121,955,641,620,88,1163,339,92,907,791,464,216,195,187,38,158,186,349,261,162,616,460
"hsa-miR-628-5p",18,0,47,20,0,0,37,13,26,13,0,28,65,0,18,0,26,64,0,19,15,28,0,0,15,0,0,26,16,0,19,11,0,10,0,12,0,0,10,0,52,20,36,0,0,9,30,20,16,10,27,13,0,40,21,0,0,10,0,0,0,0,0,14,0,14,0
"hsa-miR-629-5p",98,50,381,365,83,219,236,130,246,57,50,243,373,103,157,135,232,684,137,414,456,470,82,40,211,117,210,526,325,80,182,109,93,303,135,173,76,133,464,2224,486,315,247,33,377,27,650,402,721,36,470,294,14,484,605,53,47,49,32,22,34,45,70,43,40,410,91
"hsa-miR-641",44,0,56,50,0,50,35,18,32,63,24,62,49,13,13,28,44,75,0,39,30,47,13,0,19,0,13,21,29,0,0,0,0,22,0,0,0,0,22,14,39,17,21,0,24,0,52,60,37,0,66,22,0,30,41,23,0,0,0,0,0,11,15,0,0,32,27
"hsa-miR-6515-5p",17,12,18,42,15,18,18,13,23,22,14,39,31,0,35,0,23,44,0,25,11,36,26,0,15,0,0,0,0,0,0,0,0,0,0,0,0,0,0,15,22,11,12,0,23,0,29,39,35,0,42,17,0,38,36,0,0,0,0,0,0,0,0,0,0,26,13
"hsa-miR-6516-5p",52,12,320,96,52,99,77,24,269,22,46,210,167,16,87,127,162,282,9,112,80,317,44,16,87,6,19,33,61,23,64,9,5,19,29,10,20,16,18,32,313,17,52,13,107,0,139,121,124,0,139,51,0,112,150,29,24,23,19,0,0,19,25,29,14,156,52
"hsa-miR-652-3p",2051,576,4802,4508,1908,2857,2613,1557,4818,3722,1501,5256,4885,982,3257,1845,3085,8043,936,2611,3504,7215,1653,725,2903,464,1183,4130,4054,897,3803,1332,724,1973,1229,1239,1174,1588,1749,5732,8347,2737,7029,341,3403,279,4106,4380,3985,518,5641,2382,247,4548,5253,1355,793,768,494,172,348,629,971,850,622,4443,1563
"hsa-miR-652-5p",45,0,140,86,14,53,82,25,65,31,12,51,120,22,47,35,55,180,18,63,72,49,14,17,48,15,31,70,100,32,48,30,27,58,21,54,23,24,57,52,270,56,173,12,51,20,126,68,108,11,79,28,0,105,62,25,12,29,12,0,13,14,26,20,0,50,26
"hsa-miR-660-5p",151,39,219,321,113,100,125,107,176,21,44,194,292,115,145,186,180,245,70,201,97,376,58,152,145,66,103,173,136,65,95,91,56,246,37,81,54,77,289,484,222,254,301,33,197,33,332,280,227,40,411,216,13,347,292,42,34,23,13,12,16,23,39,65,40,226,34
"hsa-miR-664a-5p",160,58,209,271,134,156,93,140,191,291,74,368,197,67,194,130,155,476,41,127,127,337,115,44,186,19,34,144,125,21,166,37,50,90,50,38,31,89,61,93,291,62,198,16,201,12,140,287,213,20,274,125,16,244,278,45,40,36,24,0,15,25,47,48,37,192,42
"hsa-miR-664b-5p",30,29,26,36,11,35,14,16,11,30,18,74,41,0,26,15,11,98,0,20,20,64,29,0,22,0,0,13,16,0,13,0,0,13,0,0,0,0,14,25,31,22,26,0,34,0,22,58,23,0,52,20,0,36,36,0,13,11,0,0,0,0,9,9,9,20,0
"hsa-miR-671-3p",9,0,25,36,16,9,23,9,32,13,0,25,24,0,21,15,0,42,0,19,16,48,17,0,25,0,13,0,0,0,11,0,0,10,0,0,0,0,0,8,59,13,36,0,24,0,30,46,33,0,58,15,0,38,22,0,0,0,0,0,0,0,0,0,0,30,12
"hsa-miR-671-5p",78,6,224,164,28,133,136,36,52,2,34,192,214,37,30,16,116,105,17,90,101,177,45,16,77,9,36,109,105,14,57,39,11,113,8,43,33,46,149,10,168,85,170,0,81,14,190,129,214,18,112,45,0,117,158,23,16,16,0,9,10,24,20,20,16,145,36
"hsa-miR-6721-5p",8,55,14,39,24,26,11,25,8,9,37,94,13,0,94,28,26,49,7,15,62,64,25,0,13,0,0,9,8,0,21,0,0,2,6,0,6,5,2,10,25,13,8,0,50,0,0,89,0,0,116,26,0,49,59,30,0,18,0,0,0,0,0,0,0,45,20
"hsa-miR-6734-5p",7,17,1,66,39,1,1,27,1,10,1,171,1,2,68,163,2,23,3,16,30,108,82,6,29,0,5,81,27,24,3,1,4,6,0,1,10,24,1,643,11,4,3,0,94,0,56,144,69,0,136,71,0,103,119,0,14,0,15,0,0,0,0,0,0,92,0
"hsa-miR-6737-3p",33,0,62,45,64,42,57,36,64,0,22,37,59,313,35,62,55,49,45,40,0,56,0,118,47,0,45,42,0,0,34,20,0,49,28,42,39,0,47,0,43,33,57,45,27,6,6,4,5,29,16,3,6,4,2,17,19,22,12,13,15,16,5,3,69,3,46
"hsa-miR-6757-5p",0,0,30,25,0,25,48,25,46,0,22,27,37,102,28,43,42,24,0,21,0,31,0,18,26,19,27,20,0,0,19,37,27,41,18,51,21,0,23,32,35,37,31,24,5,9,4,3,4,15,2,4,8,7,5,6,9,14,7,15,7,8,11,8,19,5,12
"hsa-miR-6852-5p",14,0,38,51,15,31,24,0,31,17,27,63,48,0,15,11,25,64,0,42,15,42,19,0,15,0,0,0,15,0,0,0,0,0,0,0,14,0,0,8,27,0,20,0,28,0,35,28,66,0,36,14,0,27,42,9,0,0,0,0,0,0,0,0,0,57,13
"hsa-miR-6877-5p",0,0,17,46,19,26,15,0,16,14,0,35,33,0,16,12,15,33,0,10,16,24,13,0,17,0,0,0,0,0,15,0,0,0,0,0,0,0,0,15,20,0,15,0,22,0,27,33,33,0,30,16,0,16,31,0,0,0,0,0,0,0,0,0,0,29,0
"hsa-miR-7-5p",999,113,2698,1252,367,571,588,462,569,1857,247,915,1694,1303,441,572,1606,911,336,2127,1229,1601,78,291,311,298,512,899,1333,100,425,301,175,1275,291,381,325,656,1451,6828,931,1293,774,114,1408,171,3006,1605,2228,96,1191,670,28,1680,2108,178,127,108,95,71,150,143,386,155,152,1298,299
"hsa-miR-744-5p",3898,1052,9744,6584,3807,5414,4664,2657,6266,5097,2600,11171,8914,1817,5125,3246,6030,9358,793,3888,3486,13713,3593,686,4567,463,1213,2522,2356,902,2839,904,381,1331,600,906,766,1047,1631,2810,7447,2364,4527,479,5913,362,4522,5628,5397,431,6366,2754,183,5495,8050,1351,557,654,533,202,339,814,1054,884,613,9613,1943
"hsa-miR-760",52,36,70,71,52,87,67,23,37,75,39,206,62,12,70,43,57,133,0,39,78,139,53,17,72,0,19,30,54,15,34,11,15,20,0,16,0,0,0,18,62,34,49,0,56,0,42,128,76,0,128,26,9,74,52,14,18,15,20,0,9,10,0,11,10,92,16
"hsa-miR-7641",475,152,463,745,293,475,488,401,224,603,117,140,431,712,220,481,467,268,205,299,682,423,35,223,250,183,439,554,260,86,236,396,217,1235,99,307,140,324,1239,38,284,638,356,31,450,26,1219,463,1463,48,560,516,18,906,2615,101,119,78,60,59,49,84,80,53,85,614,57
"hsa-miR-766-3p",34,0,100,116,58,63,47,44,117,18,0,113,61,17,34,61,38,137,18,33,0,253,42,99,90,0,0,43,41,0,19,16,0,15,0,14,0,0,18,20,103,24,75,0,58,0,67,137,110,7,166,53,0,107,106,12,0,10,0,0,0,7,9,23,13,112,19
"hsa-miR-766-5p",24,12,82,89,30,55,83,17,139,143,47,146,71,9,43,23,50,274,6,35,36,277,34,12,78,8,21,55,19,7,21,6,0,34,8,17,0,14,3,10,178,34,131,0,78,0,79,111,108,0,90,69,0,82,116,15,14,26,16,0,0,14,17,21,14,72,0
"hsa-miR-769-5p",24,0,44,45,17,10,34,0,67,0,0,36,59,0,14,12,18,75,0,28,10,97,13,53,28,0,22,22,24,17,21,19,0,25,0,36,0,14,86,11,98,56,95,8,36,0,158,48,96,0,44,27,0,69,84,13,0,7,0,0,0,0,10,10,0,81,17
"hsa-miR-7704",138,61,143,258,206,93,101,161,64,121,34,85,155,215,73,146,148,124,74,117,158,116,48,44,91,88,147,217,86,41,81,142,110,335,38,126,71,120,254,34,123,141,143,9,194,5,243,106,288,32,196,174,7,347,493,29,23,43,43,36,28,79,37,28,22,223,12
"hsa-miR-8485",123,29,208,128,76,122,121,113,148,192,131,340,164,49,69,183,84,212,96,119,64,161,111,35,112,27,48,50,80,18,113,61,46,70,25,28,47,71,62,157,52,67,172,32,68,11,102,102,100,23,140,71,21,112,128,27,30,19,15,52,17,38,28,33,36,99,56
"hsa-miR-877-5p",595,371,759,1203,582,605,553,511,620,796,368,1456,613,166,787,550,475,1764,204,526,692,1747,691,165,659,70,162,622,424,126,343,156,118,217,106,143,158,195,274,621,744,423,477,39,811,55,336,1210,592,81,1656,501,66,831,850,136,175,125,154,45,45,125,158,154,77,783,186
"hsa-miR-889-3p",0,0,114,125,18,16,39,14,79,0,17,68,0,16,19,0,42,145,14,40,38,17,61,0,45,0,0,35,19,0,24,0,0,0,0,18,0,0,0,15,72,24,15,0,0,0,13,25,0,15,53,10,0,37,7,19,24,11,12,0,0,12,0,10,9,7,19
"hsa-miR-92a-1-5p",24,0,39,29,20,41,15,22,25,62,10,30,49,0,20,16,28,29,11,36,38,51,14,11,36,0,24,60,39,13,22,32,20,99,31,26,29,19,40,28,54,48,54,0,51,0,44,40,43,12,42,39,0,40,67,15,12,0,17,0,0,18,15,12,14,42,13
"hsa-miR-92a-3p",1183,292,2074,2733,1001,775,1454,1011,2196,773,428,1652,2371,892,1117,1614,1106,3683,502,1545,765,4533,514,2258,1400,306,1138,1687,1005,420,787,879,311,2161,334,1260,338,730,1625,4864,3112,2325,2981,219,1971,87,2612,1292,1182,438,4832,1628,75,2934,2620,389,354,352,228,127,143,341,239,1163,765,981,847
"hsa-miR-92b-3p",136,59,159,167,52,122,258,125,172,93,78,160,372,66,155,89,97,379,94,140,184,248,64,28,166,141,195,245,277,179,121,243,119,574,102,213,130,210,323,456,412,528,395,55,153,129,138,124,70,156,212,174,22,138,162,105,73,108,50,29,29,52,65,52,83,88,90
"hsa-miR-92b-5p",24,0,11,26,15,0,21,20,14,14,0,17,11,0,9,15,14,18,0,19,18,49,0,0,20,0,0,11,26,0,0,0,0,17,0,0,11,23,25,80,7,37,28,0,31,0,20,33,20,11,44,31,0,24,31,0,10,0,0,0,0,0,0,0,0,21,0
"hsa-miR-93-3p",65,0,128,140,39,49,116,26,111,72,18,83,126,60,66,112,46,247,36,104,19,269,45,69,130,15,70,97,32,24,31,26,0,79,0,49,11,16,92,129,246,117,191,0,109,10,232,136,181,13,156,100,0,178,178,22,12,15,10,7,0,16,18,24,16,132,29
"hsa-miR-93-5p",10861,3561,19242,20463,8798,9233,8821,6099,13498,17050,6068,20391,19177,7839,8129,8798,14329,20191,3158,16030,9209,25947,11759,5302,8772,4089,6868,14300,12737,3136,6943,3262,2142,10798,3550,6069,3862,7451,15751,79215,18903,14057,13868,2705,14834,2187,28087,12349,12118,2030,26594,10209,1237,17592,17082,3874,2512,2213,1787,917,1583,1948,4368,3673,2994,11408,7096
"hsa-miR-941",33,18,26,62,16,79,44,23,50,62,42,53,100,21,32,34,34,45,0,57,25,94,25,33,45,0,45,39,38,25,39,0,17,97,0,32,0,20,37,90,40,47,74,9,54,9,72,69,60,0,82,36,0,105,57,9,13,10,6,0,6,15,13,21,13,50,15
"hsa-miR-942-5p",2,0,22,40,1,3,38,13,22,27,0,2,25,4,6,1,5,141,6,1,3,40,0,18,2,0,53,6,32,27,12,7,0,29,6,42,8,5,7,10,105,60,52,0,66,0,81,89,74,0,78,51,0,101,86,0,0,15,0,0,0,0,0,0,0,48,0
"hsa-miR-944",0,0,35,39,0,0,27,40,32,0,0,0,43,28,0,47,36,47,0,0,0,0,0,47,30,0,37,0,0,0,0,22,0,38,0,23,27,0,0,0,29,30,30,18,2,5,1,0,2,9,0,2,3,1,1,3,5,9,3,5,7,4,5,0,17,2,9
"hsa-miR-95-3p",226,43,283,233,87,142,178,122,147,139,56,101,460,127,147,192,208,163,101,298,162,182,34,117,173,131,200,231,206,69,99,233,124,405,81,165,114,149,569,131,149,573,469,24,108,108,565,40,168,69,78,139,22,184,335,87,85,81,51,29,54,95,91,48,106,81,54
"hsa-miR-98-5p",13553,4703,25237,24763,11703,17002,14419,9525,18418,13928,7849,29982,23973,6004,18138,12065,18461,33819,4706,11621,13232,34325,9007,3838,12900,1549,3489,12708,11243,2194,12026,4283,2728,6818,3831,4004,4776,6115,7946,27176,21277,10045,18751,1356,13387,1316,15887,20221,11719,2281,29409,10008,1622,20218,20512,5857,4169,3213,2564,922,1713,2692,3739,4391,2308,12540,6417
"hsa-miR-99a-5p",320,118,387,495,227,282,414,278,189,47,81,259,456,185,325,297,216,320,228,298,275,575,121,183,215,140,143,305,242,195,252,363,173,551,100,196,116,145,628,186,365,783,721,29,170,150,310,400,254,136,295,284,31,462,449,139,96,202,87,87,35,67,45,116,80,233,36
"hsa-miR-99b-3p",19,0,55,99,50,54,82,21,17,51,18,55,174,48,56,41,51,112,15,57,38,59,24,41,64,0,26,38,31,27,20,25,0,67,19,31,19,17,42,11,35,81,89,11,42,8,104,77,50,11,127,34,0,75,126,14,0,12,10,0,0,14,26,14,17,58,13
"hsa-miR-99b-5p",348,148,723,840,382,506,758,408,478,794,209,454,1237,321,562,573,585,1452,313,488,382,910,273,164,576,229,322,641,700,355,386,509,195,943,283,395,358,378,816,434,1373,1273,1582,89,344,132,895,678,224,237,1058,373,75,958,995,185,245,320,155,50,99,173,244,207,282,436,117
"hsa_piR_000651",663,165,788,808,598,439,377,455,296,412,176,355,400,319,306,396,446,485,253,451,725,752,160,199,390,169,357,405,272,394,283,402,336,883,113,273,117,422,789,126,381,393,462,41,376,36,517,446,715,90,429,455,34,805,1901,228,155,99,124,147,105,177,129,114,74,582,35
"hsa_piR_000753",141,38,216,265,140,147,158,160,124,93,40,145,145,151,89,213,131,188,238,131,231,190,65,44,135,86,131,224,116,42,102,358,122,379,68,146,90,138,294,116,166,191,217,57,92,12,190,80,378,41,106,125,19,220,642,93,61,59,30,32,53,77,33,22,79,111,43
"hsa_piR_000765",85,13,812,477,22,93,31,19,173,363,27,205,76,0,72,15,108,456,191,43,96,305,62,114,150,33,33,45,30,0,104,78,16,148,0,52,20,93,56,2,218,148,97,15,35,0,198,46,174,0,27,33,0,25,121,37,23,18,208,14,15,36,58,96,14,104,54
"hsa_piR_000775",0,0,29,37,21,0,0,26,0,0,0,0,31,19,0,23,0,0,0,30,32,0,0,0,32,0,18,0,0,0,0,24,0,42,0,23,0,23,41,0,0,38,38,5,8,0,18,5,16,0,8,19,0,28,46,6,0,5,0,5,4,6,0,4,0,11,2
"hsa_piR_000794",0,0,43,31,0,25,29,0,0,21,0,31,42,71,0,38,0,31,24,47,21,46,0,23,0,0,29,0,20,0,0,24,0,28,0,18,0,0,42,0,22,35,39,12,2,0,26,6,16,14,8,6,0,6,37,5,6,5,0,0,0,5,14,9,20,30,6
"hsa_piR_000805",374,119,482,623,272,267,299,230,274,167,115,308,435,157,258,330,318,494,142,283,467,556,147,147,238,230,315,429,369,142,299,335,221,847,145,239,163,372,553,238,427,440,437,34,273,31,320,275,418,81,474,451,38,633,1106,118,118,86,115,97,72,191,71,121,61,421,50
"hsa_piR_000807",209,28,148,141,94,191,671,241,1115,1,91,117,109,700,98,605,201,71,75,166,36,75,53,925,236,140,889,43,62,232,136,626,412,855,67,940,155,145,198,11,243,644,202,500,95,44,101,49,76,61,57,73,20,93,122,68,45,49,33,34,48,60,67,68,506,70,602
"hsa_piR_000823",155,25,117,184,108,121,127,101,148,37,30,88,124,56,95,130,104,181,69,97,116,263,50,53,184,48,217,155,81,78,112,244,86,493,44,151,70,164,221,30,217,410,380,13,133,13,81,141,156,47,103,246,33,105,578,87,153,45,21,23,24,63,16,18,63,132,16
"hsa_piR_001040",189,35,201,286,188,142,146,168,103,66,68,76,148,156,65,137,127,194,100,159,253,196,76,83,139,82,174,203,118,241,89,160,115,427,72,126,56,167,315,46,146,195,168,17,137,7,208,160,291,43,167,211,12,315,735,88,75,41,32,77,41,70,54,45,27,154,6
"hsa_piR_001184",192,50,188,326,154,86,166,212,146,126,55,93,166,157,85,153,111,200,98,115,203,215,47,76,127,49,157,188,184,94,150,200,137,490,76,203,94,155,309,51,164,322,285,83,89,14,93,89,108,50,126,182,22,272,420,72,68,80,40,51,41,79,32,41,70,81,67
"hsa_piR_001318",144,64,113,198,137,67,145,144,66,117,38,51,100,100,84,99,109,138,88,106,172,171,48,47,105,68,124,172,69,86,97,154,91,302,37,128,60,123,227,24,122,175,173,0,131,9,129,103,174,29,119,157,23,218,458,75,56,45,38,53,25,47,43,23,29,124,18
"hsa_piR_001356",0,0,17,24,0,0,28,21,16,16,0,0,0,31,0,0,0,26,24,23,40,17,0,0,0,0,19,28,32,0,0,19,15,67,14,29,15,54,40,0,30,68,26,23,7,0,34,7,24,0,11,10,0,37,63,6,0,8,0,0,7,0,11,0,10,15,14
"hsa_piR_002468",26,0,59,26,0,0,19,18,29,0,0,26,37,0,0,0,22,61,0,17,25,28,0,0,19,17,0,28,24,0,0,0,0,32,0,20,0,0,20,0,24,29,45,0,9,0,34,14,31,0,11,13,0,13,76,14,5,10,0,0,0,0,6,10,0,16,8
"hsa_piR_004153",98,91,214,129,52,59,58,115,60,281,114,83,115,27,108,67,102,129,51,96,137,118,68,34,137,22,49,96,68,20,141,45,28,132,28,72,53,90,113,33,167,124,135,10,62,23,110,129,133,15,114,33,0,65,119,42,49,28,40,18,40,32,47,42,23,153,49
"hsa_piR_004307",35,20,45,54,19,26,44,37,34,0,0,26,39,21,28,30,41,40,139,41,69,60,0,68,20,20,50,41,48,0,35,59,25,104,0,38,21,29,61,23,49,105,45,12,36,7,103,59,102,17,39,44,0,39,175,34,34,8,0,9,0,13,6,16,18,27,8
"hsa_piR_004308",14,10,24,13,0,0,9,0,18,0,9,0,25,17,11,0,9,16,68,12,19,20,0,118,8,14,26,25,12,17,14,17,15,66,0,33,11,24,60,7,23,49,34,17,43,0,60,38,48,13,35,45,0,29,124,28,16,0,0,13,0,0,0,0,0,36,0
"hsa_piR_004506",17,0,22,0,0,11,0,13,11,0,0,14,12,0,0,13,13,10,15,0,0,11,0,0,11,18,0,22,17,0,14,21,0,37,0,0,14,0,26,14,19,51,29,0,13,0,40,21,34,0,27,27,0,25,56,15,8,0,0,0,0,0,0,0,0,15,0
"hsa_piR_004721",84,53,346,281,279,74,80,128,174,34,110,142,252,75,175,123,83,298,36,128,66,412,90,191,138,33,100,122,110,43,65,79,29,264,25,55,22,31,149,8,331,179,222,7,177,11,284,287,267,19,355,203,12,233,483,37,45,24,11,8,10,24,19,30,30,394,23
"hsa_piR_004987",202,50,357,306,143,170,209,168,184,57,61,149,290,121,205,184,161,267,138,219,292,296,42,138,188,102,187,275,232,94,233,262,116,526,98,184,168,277,428,123,347,696,396,49,109,29,331,225,397,84,153,182,14,290,1135,124,131,56,45,51,39,42,106,53,73,169,25
"hsa_piR_005019",43,15,74,104,21,30,57,37,59,0,24,24,68,17,53,41,65,73,21,45,37,44,14,26,43,50,43,52,55,31,44,60,30,118,19,38,20,41,141,0,67,85,89,0,60,8,71,47,76,20,40,125,8,73,147,23,14,28,9,0,22,16,8,11,7,67,8
"hsa_piR_005659",31,0,32,60,30,69,123,66,189,0,0,32,0,0,91,0,35,66,37,54,0,0,36,22,92,0,0,0,30,0,0,0,0,29,0,26,0,0,0,0,0,28,0,6,9,3,6,0,3,3,2,2,9,10,7,21,0,17,20,0,19,17,25,0,4,6,6
"hsa_piR_005799",112,36,98,123,65,47,74,76,54,48,48,80,74,45,54,53,79,71,33,89,105,110,50,19,40,25,26,51,45,28,61,43,29,101,0,37,36,42,99,0,50,77,64,15,38,10,50,47,58,8,61,51,13,78,255,35,14,15,28,19,16,22,19,14,12,76,5
"hsa_piR_006426",127,41,157,301,162,121,143,152,87,82,36,194,132,132,109,161,132,179,446,147,190,195,43,53,120,61,128,233,93,44,87,234,95,325,75,133,103,178,243,96,152,223,198,48,95,13,132,88,507,33,112,142,12,242,674,77,66,48,40,53,27,57,33,21,61,139,30
"hsa_piR_006976",0,0,27,0,0,26,39,0,41,0,0,29,25,20,38,25,0,0,201,0,0,38,0,21,0,0,0,0,0,0,21,29,0,26,0,0,0,0,22,0,36,37,23,24,3,0,0,4,0,11,0,5,4,0,0,4,6,7,5,7,6,4,0,0,18,0,24
"hsa_piR_007979",291,54,345,412,253,200,207,263,101,163,77,131,225,204,129,233,235,214,133,229,389,317,53,79,193,102,213,301,120,65,121,261,174,655,88,216,103,246,448,60,230,298,277,22,184,20,243,165,379,49,184,222,14,448,1065,106,71,67,54,62,60,134,72,75,42,290,12
"hsa_piR_008112",56123,29327,82945,83720,46083,50824,45468,38432,50726,70644,39820,92070,90925,16925,68553,45170,66537,97228,22328,42425,44175,94430,38445,10439,40886,5367,15152,42851,33667,6478,43685,12478,8602,21888,16847,12917,17081,25654,32480,81921,57809,26067,57428,3547,28294,10188,36421,54929,24236,9864,72593,21946,8908,42673,40116,22256,20026,15184,15895,6781,9071,12297,14227,13750,8179,40486,19090
"hsa_piR_008113",73385,44639,81993,89714,55251,54648,52797,43921,46441,76484,47628,90182,166034,17044,73966,56265,71227,96772,82683,52488,50845,97170,47869,9413,49051,8240,62427,53776,40327,9938,53137,19892,12813,35030,24061,19472,27991,42239,56624,119553,55223,42731,73731,4861,44736,17004,37903,59804,23449,13176,77211,37653,15853,47577,57723,22913,28250,18726,21870,14308,11841,19042,18905,13548,13378,52298,20200
"hsa_piR_008114",2563,1939,2310,2545,2025,1934,2294,1733,1449,2385,1674,2620,3779,684,2529,2044,2255,2860,3161,1689,1709,3494,1989,361,1825,479,1623,2165,1947,692,1687,1328,788,2311,1059,1046,1808,1979,3137,2268,1967,2857,3481,269,1762,855,1294,1960,1100,570,2598,1524,577,1796,2609,714,892,734,782,632,469,761,752,585,653,1634,718
"hsa_piR_008488",242,68,253,281,97,147,148,102,153,140,44,168,191,76,137,131,169,180,275,184,234,325,44,55,125,62,97,155,132,54,134,129,76,301,43,78,56,164,253,61,122,241,183,33,96,23,168,98,206,31,149,98,13,183,571,51,43,34,57,73,37,50,50,41,51,133,34
"hsa_piR_009051",110,0,211,180,0,63,132,35,131,0,36,79,103,23,76,31,124,412,39,78,85,184,22,61,37,0,22,54,60,22,70,25,0,59,0,69,29,37,81,0,234,131,169,6,27,4,238,37,167,32,34,17,11,131,220,53,10,22,9,4,0,3,11,42,22,66,35
"hsa_piR_009228",127,30,180,190,113,141,121,139,94,78,30,108,151,106,80,160,113,163,3648,113,183,165,32,51,122,61,88,204,101,44,88,182,92,275,46,109,83,141,222,107,181,188,188,188,36,3,69,71,316,44,68,191,6,265,1144,71,137,48,29,81,35,62,26,14,174,101,51
"hsa_piR_010431",1214,384,1774,1723,753,962,1082,863,908,868,357,982,1802,556,1048,925,1047,1189,405,1014,927,1666,269,306,792,426,635,758,758,298,779,1144,506,2350,350,634,419,774,1788,213,1076,1972,1411,49,1249,136,1585,1448,1378,165,1872,1268,71,1837,3839,314,404,233,163,157,120,284,281,213,251,1542,154
"hsa_piR_011188",36,0,21,23,17,29,24,16,0,0,17,0,23,23,18,0,33,19,0,22,0,23,0,0,23,0,24,0,0,0,0,18,0,27,0,15,0,0,18,0,0,21,0,9,13,0,13,11,18,0,13,9,0,23,38,7,6,0,0,0,9,8,0,0,0,16,0
"hsa_piR_011291",0,0,0,155,115,153,215,168,242,0,33,90,0,71,166,68,59,175,114,111,0,56,69,0,147,0,0,0,0,0,0,0,0,0,0,0,0,0,0,0,0,0,43,2,6,1,9,1,6,8,1,5,28,6,10,47,0,25,29,0,40,52,37,0,0,7,1
"hsa_piR_011459",0,0,84,319,195,417,568,369,794,0,0,73,84,71,351,125,169,375,155,314,0,102,110,0,235,0,0,0,0,0,0,0,0,0,133,0,0,0,0,0,0,0,0,1,8,9,71,1,9,1,1,4,12,11,25,86,1,64,62,1,170,113,123,1,1,12,1
"hsa_piR_013624",27,0,37,52,21,0,24,0,0,0,0,0,0,24,0,28,0,0,0,30,38,46,0,0,27,0,39,32,22,18,22,22,17,57,0,20,0,27,43,0,41,39,25,5,10,0,24,4,24,5,6,23,5,16,114,0,11,4,0,10,0,10,5,3,6,18,2
"hsa_piR_014620",979,170,1548,2662,447,563,521,504,1160,755,355,837,479,440,450,613,1153,1816,376,531,705,1069,191,227,361,166,165,800,397,82,408,225,170,384,99,307,141,461,347,59,375,324,493,51,444,53,608,302,596,98,171,381,90,441,740,303,152,164,171,125,150,379,229,416,63,462,143
"hsa_piR_014923",146,47,136,245,155,78,116,137,74,128,55,84,95,141,68,112,80,174,88,105,138,149,56,54,110,49,65,165,96,125,64,105,115,278,52,83,47,133,218,42,97,135,152,14,82,8,116,102,125,24,100,155,10,212,429,57,68,51,33,54,32,53,40,37,20,164,9
"hsa_piR_015249",348,130,292,435,183,205,301,315,205,125,127,140,389,192,290,326,236,359,271,257,546,344,66,106,238,174,304,512,495,156,305,483,299,1094,164,424,276,503,1047,144,469,1146,759,70,221,66,215,230,277,219,157,352,54,283,967,248,322,127,57,123,80,70,352,48,128,145,55
"hsa_piR_015254",152,52,138,189,95,85,94,82,84,78,48,110,84,53,88,101,130,162,119,149,257,199,27,47,86,63,81,153,138,42,86,81,74,274,40,107,65,104,179,50,110,159,136,21,84,15,120,86,149,29,122,96,8,164,482,59,64,35,34,41,21,28,25,30,51,103,13
"hsa_piR_016658",557,147,1072,2825,414,487,1117,366,1202,583,316,1061,1945,249,718,685,664,3670,181,229,218,2978,551,1420,1654,95,160,689,338,188,295,216,110,372,149,285,187,232,297,370,2661,764,2700,89,1069,11,1203,1151,1426,166,1758,712,19,1477,1429,187,108,151,130,24,35,193,97,637,250,1713,313
"hsa_piR_016659",73,33,94,469,78,63,167,72,114,9,36,178,168,42,129,162,56,576,78,30,56,401,95,144,199,27,40,136,53,21,49,29,29,129,11,52,21,48,60,123,263,114,429,11,137,0,183,220,242,24,381,108,0,284,238,25,24,27,30,12,7,34,17,94,39,244,45
"hsa_piR_016677",137,29,169,153,48,85,104,107,47,56,35,51,116,59,49,84,67,123,76,180,112,149,23,34,68,25,88,69,113,30,81,122,69,223,43,71,61,133,191,29,165,236,218,0,83,19,142,192,133,14,215,76,0,136,282,34,41,32,36,21,18,31,35,45,40,179,29
"hsa_piR_016735",1295,329,1399,2603,1036,880,1104,1499,1084,32,292,540,1746,1015,689,1692,867,1555,811,943,1676,1788,383,397,1109,790,1911,2177,1136,529,739,1809,1127,4609,594,1599,756,1350,2230,516,1791,2572,1617,53,2820,119,2451,1387,2679,200,2654,3523,104,4371,6513,330,301,337,121,253,168,438,198,234,207,2420,109
"hsa_piR_016742",37,0,70,37,23,0,25,26,37,41,0,0,61,135,22,25,24,41,0,58,37,55,0,35,34,28,33,28,21,0,21,19,20,67,0,29,27,0,70,0,35,58,55,12,8,7,74,21,51,10,22,5,0,11,52,10,0,0,8,8,8,12,16,33,30,40,21
"hsa_piR_016926",308,112,324,409,103,163,113,112,251,56,103,257,155,79,178,204,382,369,98,265,74,307,87,55,195,65,153,140,82,90,97,72,57,400,34,112,52,79,170,35,241,197,171,9,114,21,125,88,175,50,138,158,16,145,319,58,50,50,44,86,58,79,74,60,30,170,57
"hsa_piR_016945",65,0,108,72,47,39,60,47,55,61,31,45,68,170,31,53,77,68,24,86,64,86,0,85,42,29,52,58,44,26,20,40,18,104,18,34,37,49,73,36,57,95,80,34,20,12,93,14,114,37,31,24,9,26,171,8,21,13,10,14,11,13,24,17,30,49,21
"hsa_piR_017591",23,0,51,27,34,28,49,45,72,0,0,76,41,211,30,33,34,27,24,36,20,37,0,65,26,17,21,34,39,29,35,40,16,39,0,43,28,19,31,23,30,72,59,32,14,20,10,6,9,18,7,10,14,7,7,18,11,10,10,10,18,19,29,8,33,6,30
"hsa_piR_017716",231,94,342,281,133,148,203,152,179,130,87,142,215,91,134,159,147,301,148,265,271,313,69,63,209,71,160,253,216,102,197,230,99,536,70,192,136,230,425,95,368,496,433,18,147,23,241,266,252,29,279,151,15,185,687,97,130,59,98,66,33,103,62,103,53,275,27
"hsa_piR_017724",13,0,16,16,0,0,0,17,19,0,0,0,12,0,11,0,17,14,24,13,16,22,0,61,0,11,26,19,16,0,14,18,0,58,0,27,16,10,33,0,31,39,34,0,20,0,53,32,52,0,45,41,0,37,93,11,13,0,0,0,0,0,0,15,0,34,0
"hsa_piR_017936",315,70,349,558,287,228,234,270,166,277,98,193,260,236,148,315,228,302,150,240,312,349,70,71,235,115,275,380,184,144,157,317,186,687,95,200,125,259,533,91,266,338,311,30,223,26,167,177,204,63,171,319,39,328,718,150,124,116,92,95,66,152,114,74,69,166,23
"hsa_piR_018570",14,0,47,54,0,0,20,22,29,36,0,19,48,0,0,19,0,43,58,19,27,35,0,13,24,0,19,18,23,0,15,22,22,62,0,24,0,24,63,0,78,67,52,0,14,0,70,18,79,0,17,11,0,18,102,12,9,11,16,8,0,0,9,15,0,24,8
"hsa_piR_018573",101,87,122,181,117,72,142,139,40,131,38,60,122,90,75,124,109,124,70,94,136,141,41,47,100,60,96,177,99,98,68,120,86,267,45,103,64,127,212,18,121,173,138,0,129,16,93,89,128,26,107,137,17,217,429,70,80,48,40,36,20,59,27,36,35,118,11
"hsa_piR_018629",39,0,26,33,18,23,67,40,36,0,30,17,19,32,19,41,24,29,0,15,22,13,25,92,29,18,31,0,51,0,44,56,39,44,17,48,28,0,20,17,22,44,28,22,12,8,10,0,7,12,11,8,9,8,10,10,9,10,8,0,12,8,11,73,23,8,27
"hsa_piR_018849",23,45,3,44,4,0,7,15,6,33,5,1,10,0,4,24,4,7,3,5,5,28,11,0,12,9,21,63,27,5,34,2,0,3,9,26,11,49,28,1090,33,30,70,0,83,0,46,91,29,0,74,88,0,148,55,0,19,17,0,0,0,0,0,0,0,60,0
"hsa_piR_019091",0,0,50,0,0,0,26,27,54,0,24,762,32,21,36,80,31,0,0,0,0,33,0,23,31,0,49,0,0,0,25,41,31,28,21,64,0,0,0,28,0,42,26,50,4,5,2,2,0,10,0,6,0,3,3,8,10,0,0,6,7,5,3,5,44,3,32
"hsa_piR_019324",265,82,321,384,304,185,225,258,134,145,83,170,194,188,121,195,199,207,140,245,405,340,72,110,191,87,169,341,155,161,131,216,173,566,69,128,77,191,467,63,183,241,244,21,171,17,295,228,378,45,229,217,27,418,883,108,103,68,66,89,42,86,56,43,45,227,12
"hsa_piR_019443",23,20,12,32,17,0,0,20,16,14,90,68,21,14,26,19,25,39,21,20,95,59,108,0,30,21,23,54,75,29,47,0,18,18,20,0,26,35,34,111,96,47,22,0,17,6,0,22,8,16,20,11,35,9,14,20,19,21,23,13,11,7,9,15,13,10,7
"hsa_piR_019521",148,0,90,156,29,59,52,0,48,54,41,105,54,0,28,27,65,120,0,44,49,128,24,20,29,0,0,0,0,0,24,0,0,0,0,0,0,0,30,0,46,0,30,0,8,13,8,12,20,0,3,1,0,21,63,44,15,10,18,10,8,3,3,11,13,19,4
"hsa_piR_019675",81,24,105,149,74,88,204,227,446,84,54,40,79,215,120,152,85,108,145,112,121,91,27,62,137,155,322,207,146,96,220,380,176,546,195,291,179,231,253,60,216,466,487,179,73,38,132,46,135,96,54,66,28,134,135,98,56,78,54,38,52,58,53,32,165,56,174
"hsa_piR_019752",753,283,1678,1198,371,667,531,492,846,225,339,863,723,371,616,483,884,1058,1745,802,490,1142,344,315,569,164,518,502,590,229,597,297,536,978,165,299,356,380,576,342,773,1562,703,29,500,61,887,529,1983,143,722,426,62,573,1654,206,183,159,218,178,195,272,433,415,77,896,148
"hsa_piR_019912",120,62,115,153,40,74,99,66,86,59,44,99,84,22,102,78,86,111,50,95,107,131,41,22,56,38,114,60,132,37,68,33,41,190,24,59,75,87,114,52,121,211,145,15,71,11,125,97,269,17,98,82,7,47,379,39,24,28,18,12,14,26,24,30,22,87,29
"hsa_piR_019914",371,59,1126,559,231,211,300,307,473,1301,176,306,498,443,247,343,368,708,211,650,370,1129,107,213,526,181,371,269,239,171,249,245,123,708,85,324,135,246,703,143,678,843,475,90,257,59,1247,297,1476,132,466,187,25,169,971,116,108,71,66,64,69,113,160,113,116,617,144
"hsa_piR_019949",52,0,74,58,139,59,115,101,135,60,44,58,107,557,56,91,80,65,78,55,53,125,0,180,84,57,155,100,123,58,64,286,104,207,79,161,57,40,80,104,129,268,147,124,35,50,38,16,28,81,26,22,26,32,36,41,36,35,22,31,31,28,57,154,115,16,94
"hsa_piR_019951",40,22,74,75,41,31,49,53,63,82,24,35,66,176,42,56,30,84,36,48,29,68,0,150,44,33,47,46,58,37,22,47,44,97,35,77,18,28,73,42,74,107,97,48,16,13,86,29,50,26,19,11,6,21,52,25,24,17,22,11,17,21,27,34,54,28,50
"hsa_piR_020008",384,49,455,455,101,147,131,75,122,104,57,343,127,45,130,110,146,360,60,139,127,346,83,65,68,0,0,54,51,0,55,26,27,38,0,40,24,37,66,0,131,55,89,9,14,20,79,29,67,14,19,10,25,73,136,115,31,34,41,40,12,33,21,92,44,79,17
"hsa_piR_020009",76,0,146,193,37,54,65,40,111,0,41,128,81,0,56,69,79,242,0,45,0,262,51,202,58,0,0,0,0,0,0,0,0,0,0,0,0,0,0,0,129,49,115,3,12,0,42,33,52,11,55,24,4,105,27,13,2,4,2,0,0,7,2,141,33,43,34
"hsa_piR_020249",0,29,70,54,85,41,68,75,493,0,105,81,55,52,103,89,104,72,41,48,0,88,25,23,45,0,39,0,25,0,0,0,0,0,0,28,36,0,28,0,0,0,30,0,8,24,2,9,3,18,3,11,58,8,2,29,21,15,22,16,6,15,32,4,2,4,0
"hsa_piR_020326",25,0,37,32,0,14,11,10,17,20,0,21,13,0,0,14,11,30,21,0,21,23,0,12,18,0,16,30,15,0,42,27,11,67,0,22,0,23,19,0,50,67,37,0,12,0,28,20,23,0,17,19,0,15,72,19,16,0,25,0,0,0,13,12,0,27,0
"hsa_piR_020364",28,23,38,43,19,30,39,44,66,0,16,28,48,183,30,42,28,62,15,41,40,70,16,41,29,23,67,49,58,30,52,83,43,123,23,65,38,74,85,38,112,143,84,53,19,9,39,27,37,28,23,32,8,33,98,30,23,20,6,11,16,7,11,28,41,19,29
"hsa_piR_020365",696,151,1341,1183,434,611,509,450,591,467,191,593,679,293,704,455,534,831,389,803,676,1130,169,283,535,322,532,636,496,247,450,581,286,1268,187,411,358,513,963,247,887,1902,1160,80,409,126,1099,993,1280,126,610,431,48,422,3157,300,247,171,84,90,104,138,219,179,215,812,138
"hsa_piR_020381",118,34,129,512,391,711,840,592,1461,102,50,108,114,245,553,194,113,501,316,443,109,159,174,34,803,72,188,83,39,106,103,165,95,341,73,191,85,111,180,57,124,140,205,74,140,26,156,27,126,53,67,103,87,142,195,184,31,166,131,30,137,241,172,27,81,116,76
"hsa_piR_020485",761,272,1199,1160,444,2522,838,556,517,295,306,883,687,672,535,648,577,722,535,610,894,718,290,320,691,349,506,715,2672,251,1927,696,491,1551,769,861,432,623,1293,326,1162,2737,2002,209,265,207,389,636,732,242,317,501,165,787,1469,483,468,394,143,311,178,261,330,932,230,407,305
"hsa_piR_020490",104,19,151,189,115,75,74,94,79,101,25,86,123,109,54,96,84,122,54,88,91,127,0,49,85,56,70,133,71,37,40,141,80,307,32,81,31,111,244,45,80,141,175,33,68,8,197,49,138,22,63,116,8,174,521,42,37,25,16,24,18,46,32,31,19,110,4
"hsa_piR_020492",95,65,170,159,122,56,107,101,53,44,35,59,57,71,90,107,61,102,202,176,229,190,60,30,117,136,91,177,93,189,118,126,85,403,64,127,90,122,195,58,170,121,143,16,87,17,31,79,51,57,78,92,29,117,169,78,73,47,94,80,49,76,49,26,33,56,21
"hsa_piR_020496",2075,409,3420,2920,939,1606,1429,1316,1485,734,590,1472,1918,1062,1173,1350,1438,1949,852,2039,2482,2355,310,518,1924,734,1562,1582,1641,595,1609,2374,1038,4633,644,1989,1054,1951,4554,488,3369,4416,3680,212,1588,246,1786,1161,3765,235,1238,1853,173,1832,7853,1357,1088,525,153,472,449,491,725,332,737,1987,205
"hsa_piR_020497",294,85,536,410,190,217,220,192,203,53,187,316,343,446,178,361,282,274,265,207,297,360,110,156,317,84,104,171,180,64,236,183,112,369,117,159,124,127,284,81,191,383,358,75,152,32,191,166,261,50,270,93,26,174,260,67,60,51,136,79,82,139,103,88,107,206,105
"hsa_piR_020499",249,79,465,376,155,236,266,238,260,349,94,285,225,207,156,303,216,189,111,205,307,294,60,93,209,101,294,216,163,108,259,236,123,531,80,227,107,236,534,84,291,592,416,65,122,47,207,209,518,57,122,145,32,246,725,145,122,62,32,94,66,61,118,50,78,216,68
"hsa_piR_020500",1021,379,1735,1654,597,733,739,913,910,218,675,671,799,954,725,1100,991,615,704,785,1029,875,284,404,1355,333,533,605,653,214,1058,1131,720,1977,415,902,432,795,1922,178,1199,1748,1910,314,506,139,426,639,751,334,392,477,146,571,1095,508,500,282,224,292,320,359,408,206,530,510,411
"hsa_piR_020541",226,81,242,248,152,180,163,178,144,85,80,123,214,118,191,194,149,226,115,186,231,231,40,72,194,118,237,198,208,96,166,268,184,524,118,172,126,226,495,64,262,520,418,37,120,43,145,146,241,62,105,182,38,152,679,126,221,77,40,49,59,57,81,35,105,153,20
"hsa_piR_020548",195,74,222,402,254,183,177,225,121,112,62,122,206,140,113,174,179,270,130,180,337,249,69,82,144,134,179,351,154,62,142,229,180,549,99,175,98,195,436,113,227,278,315,28,137,13,310,100,286,35,199,218,35,321,840,96,88,87,54,62,58,104,56,48,50,244,14
"hsa_piR_020575",3,40,0,3,6,7,21,0,10,0,0,0,3,0,10,5,3,16,40,25,7,9,6,9,13,45,0,0,17,17,8,8,9,22,0,46,0,0,40,4,54,3,0,0,0,0,0,0,0,0,23,0,18,24,21,0,0,0,15,12,0,28,0,21,13,0,15
"hsa_piR_020668",104,23,140,162,92,494,179,130,120,64,37,94,116,337,77,113,96,133,450,103,146,134,57,34,107,47,179,156,61,122,90,127,65,301,63,104,78,109,212,76,112,138,204,41,45,5,289,39,370,70,43,72,34,196,589,60,46,30,27,46,44,57,31,24,99,87,38
"hsa_piR_020786",62,67,34,59,63,29,34,58,29,26,39,31,23,47,47,37,43,67,90,77,141,94,44,33,61,80,65,117,38,98,83,54,61,157,27,77,38,99,107,26,55,50,72,0,46,16,25,49,32,25,47,58,13,56,82,59,48,39,41,48,23,45,28,20,16,33,11
"hsa_piR_020829",451,144,592,676,275,365,357,361,429,328,146,349,361,181,415,362,369,664,334,561,804,808,125,333,569,408,608,670,542,307,397,592,335,1457,278,524,407,614,1091,329,879,1715,906,59,460,79,1281,626,1153,156,720,644,54,515,2572,367,466,114,47,128,58,83,104,106,224,665,52
"hsa_piR_021032",23,0,17,34,13,14,7,0,36,6,5,8,22,10,11,11,31,16,9,16,49,22,0,0,15,0,20,97,58,11,33,14,13,50,0,24,19,41,37,239,41,33,49,0,56,0,47,38,46,15,65,39,0,44,44,26,24,16,0,0,0,0,0,0,0,29,0
"hsa_piR_021214",0,0,40,0,0,27,27,0,41,0,0,0,0,37,0,29,0,32,0,0,0,34,0,40,0,21,22,0,0,0,0,44,0,39,0,40,0,0,0,0,37,34,44,20,1,2,2,2,2,6,1,0,0,2,5,2,7,0,0,0,4,2,2,24,29,2,8
"hsa_piR_021462",9,0,11,23,5,0,7,10,25,6,7,16,22,0,24,8,13,23,0,7,18,30,9,0,17,0,8,42,19,0,16,0,0,12,0,0,0,14,15,206,18,11,27,0,33,0,38,32,0,0,46,31,0,41,27,0,17,0,0,0,0,0,0,0,0,20,0
"hsa_piR_022421",62,23,51,104,28,35,32,21,35,0,19,43,29,26,37,53,36,46,28,41,78,106,38,27,43,0,29,51,57,0,20,45,33,78,17,26,26,50,81,8,30,29,51,0,35,0,16,53,47,0,55,34,11,68,144,23,23,16,11,22,9,12,8,13,13,51,9
"hsa_piR_023338",27,19,29,30,20,17,23,0,0,0,0,19,0,17,0,21,0,30,0,30,42,34,0,0,0,0,19,22,0,0,0,0,0,34,0,16,0,20,44,0,23,25,20,0,14,0,23,16,18,0,22,20,0,21,36,6,0,0,12,0,7,7,11,6,0,13,0
"hsa_piR_015988",0,0,0,70,46,81,79,78,108,0,0,0,0,0,63,0,0,63,26,43,0,0,37,0,88,0,0,0,0,0,0,0,0,0,0,0,0,0,0,0,0,0,0,0,4,0,1,0,1,0,1,3,12,2,2,21,0,18,8,0,10,14,6,0,0,3,0
"hsa_piR_023391",0,0,0,147,121,161,176,117,262,0,0,0,0,0,122,0,0,144,51,128,0,0,50,0,147,0,0,0,0,0,0,0,0,0,0,0,0,0,0,0,0,0,0,1,3,0,11,0,6,1,1,3,8,3,6,16,0,20,18,0,17,40,27,0,0,3,0
