"","X17_18_001WR_S4","X17_18_003TB_S5","X17_18_005JB_S6","X17_18_011AS_S7","X17_18_014DM_S8","X17_18_016AB_S10","X17_18_017AF_S11","X17_18_018SD_S12","X17_18_020DH_S13","X17_18_021KD_S14","X17_18_022MB_S15","X17_18_026SM_S17","X17_18_027PL_S18","X17_18_028LB_S19","X17_18_029AS_S20","X17_18_031XK_S22","X17_18_034MJC_S25","X17_18_037SD_S27","X17_18_038WP_S28","X17_18_039DK_S29","X17_18_041JW_S31","X17_18_043BA_S32","X17_18_044JC_S33","X17_18_046IC_S34","X17_18_047AJ_S35","X17_18_048LW_S36","X17_18_050JMC_S38","X17_18_053AT_S41","X17_18_054RT_S42","X17_18_055GP_S43","X17_18_056SB_S44","X17_19_059OC_S45","X17_19_061LC_S46","X17_18_032AM_S23","X17_18_049CS_S37","X17_20_072CS_S53","X17_18_015ES_S9","X17_18_030LO_S21","X17_18_025MA_S16","X17_18_040RO_S30","X17_19_064WC_S47","X11_16_115CS_5_6_12_S188","X11_16_116OC_16_8_16_S189","X11_16_116OC_30_4_13_S190","X11_16_116OC_8_5_12_S191","X11_16_116OC_WAT8086A8_S192","X2017_CPH12_S57","X2017_CPH13_S58","X2017_CPH15_S59","X2017_CPH16_S60","X2017_CPH17_S61","X2017_CPH18_S62","X2017_CPH20_S63","X2017_CPH24_S64","X2017_CPH25_S65","X2017_CPH3_S66","X2017_CPH30_S67","X2017_CPH31_S68","X2017_CPH32_S69","X2017_CPH33_S70","X2017_CPH34_S71","X2017_CPH36_S72","X2017_CPH37_S73","X2017_CPH40_S75","X2017_CPH41_S76","X2017_CPH43_S77","X2017_CPH44_S78","X2017_CPH48_S79","X2017_CPH50_S81","X2017_CPH54_S82","X2017_CPH61_S84","X2017_CPH67_S85","X2017_CPH68_S86","X2017_CPH7_S87","X2017_CPH71_S88","X2017_CPH77_S89","X2017_CPH79_S90","X2017_CPH8_S91","X2017_CPH82_S92","X2017_CPH86_S93","X2017_CPH87_S94","X2017_CPH88_S95","X2017_CPH9_S96","X2017_CPH90_S97","X2020_t0_CPH13_S101","X2020_t0_CPH14_S102","X2020_t0_CPH16_S104","X2020_t0_CPH19_S107","X2020_t0_CPH20_S109","X2020_t0_CPH25_S112","X2020_t0_CPH28_S115","X2020_t0_CPH29_S116","X2020_t0_CPH32_S120","X2020_t0_CPH39_S127","X2020_t0_CPH42_S131","X2020_t0_CPH51_S141","X2020_t0_CPH6_S150","X2020_t0_CPH67_S158","X2020_t0_CPH69_S160","X2020_t0_CPH72_S164","X2020_t0_CPH73_S165","X2020_t0_CPH78_S170","X2020_t0_CPH8_S172","X2020_t0_CPH85_S178","X2020_t0_CPH91_S185","X2020_t0_CPH93_S187"
"hsa-miR-100-5p",3.30035293636643,3.43613221168761,2.41324026077535,1.31177469958706,1.08323814244408,1.77777483655885,3.20802670191648,0.921432947001257,1.47123601096174,1.88843563512363,1.61930544793558,1.42518236713878,1.03529293324491,1.20616603400523,0.858486631250041,2.00309832834533,0.933690460140157,0.491371225054124,1.2010712135447,1.90535851846929,0.889540661759565,0.765726152947514,1.37815258415071,0.942253257270604,0.909861878505753,1.01661751455765,1.31553563808355,1.39033459047805,1.63867845040098,1.19726910326316,0.984533011080172,1.18067191320373,1.23358761659111,1.00353584469186,1.72548259533848,0.767395289437879,1.30934387833972,0.664109343433825,0.304372575943636,0.953659577408629,2.19434019016963,0.631040172923491,0.788887027869759,0.401253625727558,0.624599826465843,1.65049076096518,1.18333053020778,1.4549502645638,0.560399371247281,0.731570069748135,1.41183601788779,0.9472213994679,0.846763176969183,1.06023577146839,0.508882052427942,0.897363548191748,1.00546958839349,0.625671791129799,1.34210016641135,1.03415167113447,0.897838805552198,1.2039025641345,1.12035950265725,1.41041429840498,1.58348451038996,0.72945115589761,1.23470906297069,0.922877148788541,0.476380086165954,1.5636936332087,0.936004840485195,0.991707377331142,1.10823617890381,0.880826375903334,1.39900275293349,1.06354174682402,0.713281110562499,1.72719219711478,0.598120235366671,1.10279138712503,1.66558385500108,0.623480737549255,0.696248384770771,1.5349994808532,1.59503140548468,1.61120235886276,1.10576464896595,1.45845212713589,1.56412864841955,1.00771428970685,1.50407804544372,0.908287096641591,1.43999011776515,1.54492844662245,1.48110365120564,1.61454668575834,1.75473697613729,1.61355913664931,1.61995911469868,1.8570316249061,1.67441759449449,1.48643986115839,1.28264045614029,0.680831199286719,1.57088523931562,1.56453311305661
"hsa-miR-1185-1-3p",0.325341624726096,0.142521226871946,0.129596238565908,0,0.39780758025169,0,0,0.0565580349472746,0,0.217620720744344,0.338096878860635,0.130202108478797,0.106156368628371,0.146102411856873,0.109691525937303,0.428095179060335,0,0.12196616142313,0,0,0.0992041659091682,0.13918319178082,0.191926468813705,0.367001435512209,0,0,0,0.201651644982938,0,0.357112959395765,0,0.138574971822588,0,0,0,0,0,0.195145533008876,0.399261159273384,0.049815827993637,0,0.294200466707474,0,0.105962550441772,0.128369859093287,0,0.0758518017421024,0.0662013955138015,0.227136191981033,0.146299010553167,0.0639539989583514,0.0984801598988788,0.144827255124684,0.0944064866374696,0.245288276493676,0.139973568813407,0.0917982601770445,0.233244736910585,0.0650078116736145,0.0857012703317793,0.139984060109029,0.14418827530349,0.118819092072548,0.0717694920343088,0.0651249289370362,0.168824684895747,0.0837889164287852,0.143552344009624,0.24549032139255,0.0630863491642526,0.105372640230458,0.0845998670840769,0.092237688155577,0.119244916762131,0.0960181226080044,0.0908511595572254,0.177061151668879,0.164880502824379,0.248958256003903,0.101930355374521,0.0896047817559719,0.150464746664958,0.125140327651075,0.0889463899685663,0.162227193573007,0.195830326589986,0.116722215337574,0.0737086810653588,0.179696266934551,0.0866439755804354,0.0531561452372925,0.217755424710573,0.0567605881770348,0.16636089010275,0.0522115444230297,0.196820674559277,0.0776500456035786,0.19278409959612,0.200399641148792,0.042657079447377,0.0379348684752506,0.0696471303990818,0.107830763230251,0.21857106608576,0.173992622101933,0.155029306781495
"hsa-miR-150-3p",0,0,0,0.190861018522062,0,0,0,0.189385787293168,0,0,0,0.143197517785315,0,0.0823244294224453,0.0954234723085661,0.323289867645902,0,0.0445677837163207,0.289644945273224,0,0.231690393323795,0.109208549264764,0.256933309413467,0,0,0,0.330984094121009,0.321950862042336,0.36087924810385,0,0.400858763779778,0,0,0.268623358422812,0,0,0,0.0626426878377751,0,0.205292548835572,0,0,0,0.114306118224553,0.0494860225003303,0,0.0713673108598846,0.0640150297361143,0.0344480255729804,0.0636466599925995,0.0633238260882061,0.0706430829796073,0.0622275620297676,0.0805191938972967,0.0223594242615308,0.0554891463188077,0.0606367653224443,0.0354075479607888,0.0637116064702065,0.0867461874162798,0.0609980851583474,0.0488664805664916,0.0660524880395216,0.0505917001725924,0.0536321938851515,0.0523192552440265,0.0766470534119741,0.0554689179253289,0.0240258783953552,0.168912629010795,0.0828557281337497,0.0758042688600198,0.0614553855438806,0.0694984839527109,0.0597796827091344,0.0683035058747312,0.0484613959448979,0.0777733262487232,0.0263458879397376,0.0672979859534302,0.0390652810340143,0.0610430423459549,0.0641144672355703,0.0948183135952421,0.171349587585828,0.203753551620017,0.0536777573635773,0.0328981479125208,0.183671202463373,0.0600507803514837,0.139190663670364,0.0489250425594557,0.143777187874423,0.176573278114843,0.15577219402985,0.193646080790987,0.0194189583392054,0.199174924202104,0.211921133925426,0.0338243567172097,0.0750423715825334,0.136828336117062,0.0506434801603796,0.0213935156587682,0.189728321582951,0.116777197651261
"hsa-miR-199a-5p",0,0.103830633946045,0.117366766844368,0,0,0,0,0.0747215290090386,0,0,0,0.0856223101370513,0.237432824742229,0.186467805359125,0.169270178298594,0,0,0.295331569412949,0.178959764484351,0,0.160263011795166,0.150925918533267,0.173853105237389,0.12976649937492,0,0,0,0,0,0,0,0,0.2983597525625,0,0,0,0,0.159044650888222,0,0.236789707750108,0,0.0976854240309439,0.182452863675155,0.0975487813959674,0.159125495263644,0.345502478013591,0.141175846676029,0.108036789435542,0.0844141113769278,0.129683166355645,0.150516623162472,0.120513248928106,0.0982050235725593,0.0846761367724316,0.0834190060115275,0.116056124050737,0.130789504326489,0.0930037638590106,0.127957204077863,0.128840970551033,0.118962979397649,0.123387013983423,0.0394949683734512,0.162172210200554,0.14213240280449,0.0960535495729232,0.143755258382764,0.119481337808943,0.101807859953301,0,0.119876999908119,0.137891338101069,0.124283830683802,0.0949638430735843,0.168047285349104,0.12751458458193,0.125060333829015,0.0769862724538812,0.0902761416521651,0.182310838224941,0.0538548589731684,0.136527797942031,0.0967863355770593,0.0700391953839487,0.00496894928895915,0.00564828016374633,0.105616197247661,0.0722156331317151,0.000489427994042284,0.103465242889663,0.000645870138135748,0.115739932147256,0.000456906767918949,0.00480145848757981,0.000432900311553841,0.00565159466302082,0.0244879407594894,0.00739283614713855,0.00494642516220931,0.00961955656081624,0.00048209403379536,0.00106891508941663,0.133721763487861,0.123333748158054,0.000604536202131525,0.0527401719537793
"hsa-miR-221-5p",0.215365150762932,0,0.188595991078965,0,0,0,0,0.169119862359466,0,0,0,0.130202108478797,0.292659972491671,0.209927402255013,0.306263937869109,0,0,0.255404916591718,0.213470320948853,0,0.384794814427839,0.234858320874276,0.205270307362658,0.12976649937492,0,0,0,0.219748935033137,0,0,0,0,0.174965891752324,0.225647095350242,0,0,0,0.212718724295115,0,0.20848728458811,0,0.084301132472418,0,0,0.1889633781822,0,0.0419384728470821,0.032606268287901,0.0591265976366808,0.117199868358604,0.0327702098525387,0.0248667297069161,0.103446514070013,0.0834343129547562,0.0712576334402502,0.0329573940492303,0.0220448575739758,0.0621332278074009,0.0309583981297858,0.105726776155939,0.0307979130126271,0.0522543947251371,0.0484574612943314,0.0342244222149579,0.0446075738023795,0.0344678065764877,0.111909539346499,0.0410468890558372,0.0850381826749915,0.0545803815323617,0.0867896569332592,0.0895144295004532,0.027274652122971,0.0769747921322426,0.0823843168658241,0.0416132178705569,0.130642886566958,0.0821043340314453,0.069787762742306,0.157425696524752,0.0242025937683653,0.127587515919218,0.0497531318380496,0.0578535973876735,0.00523583943784805,0.00617827980999829,0.114906793196448,0.0528984682806224,0.00334460613080454,0.0775490000832138,0.0104118142550795,0.120577669779785,0.0145512564924833,0.00878193388391017,0.0240427689577806,0.0062735419088739,0.0135813683805143,0.00835004185956733,0.00544039165653924,0.00591041159591104,0.00578416887241177,0.00926961147554063,0.0553425752587609,0.121308847006101,0.00308904802540976,0.0463865471737066
"hsa-miR-2278",0,0,0.0733459624183556,0,0,0,0,0.0792113178090535,0,0,0,0.330988537342054,0.28967051854571,0.280781040504067,0.493253612739545,0,0,0.0775480830723286,0.0998320620752092,0,0.163958183865675,0.199349074955742,0.169283260583096,0,0,0,0,0,0,0,0,0,0,0,0,0,0,0.312127855276699,0.209525947059777,0.145970055504969,0,0.106509788022198,0,0.13078726851013,0.123897949718628,0,0.060257933908933,0.0348514796745058,0.126270104611046,0.0832277948569951,0.0400316374365135,0.080703866586624,0.0758532408114071,0.034445113505165,0.132815375718698,0.094020010816993,0.0765863110693367,0.12810419563514,0.0414486080291977,0.0577917124255063,0.0979750206809573,0.078355944455291,0.0176885232908574,0.050297246255948,0.0289460444749378,0.108842193089879,0.0527449247424708,0.0945870368429898,0.135717684016758,0,0.0713221288255007,0.0570326848801734,0.0726129161175362,0.0645183138529645,0.0567545090692673,0.0653331868053499,0.101908230486021,0.0355155449107611,0.131550872256561,0.0830987568020259,0.0122714087973427,0.0923962804550836,0.0868149059898671,0.0158036764696726,0.00244860571461039,0.00288934972678259,0.0553135827390332,0.0278100937534953,0,0.0496592938392011,0,0.0982555074191768,0,0.00239051590825579,0,0.00293390023725212,0.00824582062246019,0.00390500137700477,0.00254426711476771,0,0,0,0.0640461734376494,0.122232284435439,0,0.0303547825494386
"hsa-miR-27b-5p",0.25338379850986,0.151964417354252,0.153615445235124,0,0,0,0.169829909907588,0.220980498276037,0,0.258674131034566,0,0.209790594719966,0.327853239953451,0.295078712028183,0.355467186143877,0,0.371769275021824,0.167464560583721,0.230289019743843,0.414088154441189,0.196614300891421,0.348865245415668,0.261120460827421,0.287094394814851,0,0.280633918112503,0,0.399800995456612,0.36087924810385,0.309810630793932,0.228262677331025,0.249792681801528,0,0.301722195526903,0,0.289494539763506,0.2283774597791,0.312127855276699,0.199527103602446,0.195646643230837,0,0.186671870591078,0,0.14700118878811,0.110360966965222,0,0.13418487726219,0.131536012938781,0.199642428369938,0.200420934531392,0.115477150619983,0.143248811528635,0.207166927708964,0.183211074348024,0.20853270663023,0.154245266558051,0.137414239758016,0.187947687850358,0.126842310775894,0.182863212339364,0.14567304643859,0.159220328966731,0.175868323035436,0.11657515200368,0.126888372920509,0.169913740076585,0.17391775262035,0.156319790678904,0.201555958137392,0.269380057534796,0.178998921465941,0.1722120271784,0.128911298435782,0.19671974259276,0.144228912246727,0.154358054650736,0.20588756073062,0.136272688801938,0.195298947190736,0.189516643218169,0.174685461132231,0.206336966037467,0.194595103422042,0.208675774406,0.0953319869975024,0.0720656541460367,0.182593731242939,0.171003459097727,0.0801180680980078,0.207397769865653,0.165575355150534,0.159468504676341,0.170788489461019,0.112461811549261,0.208739934077425,0.0845084397961886,0.168725765112659,0.0828859050439997,0.0668756773882461,0.186909872348897,0.168171192692352,0.146010067702195,0.139536998660545,0.184415027541021,0.0891851732746752,0.0957008241179008
"hsa-miR-3135b",0,0,0.104985881525466,0,0,0,0,0.148434719223215,0,0,0,0.112607946140254,0.0769582264243111,0.125291790626008,0.212800064432047,0,0,0.0677676969133222,0.0741694116829094,0,0.107043540465988,0.336820978830766,0.277695915881551,0.367001435512209,0,0.210242684932179,0.17912380182852,0.353821803461364,0,0,0.180021036928425,0.138574971822588,0.311175560992384,0.14330450353288,0,0,0,0.217064189889679,0,0.128847240794538,0,0.174434147462954,0.167175291627145,0.413648929251762,0.150434266224861,0.345502478013591,0.245482826098659,0.204227708075322,0.125285869969337,0.127700584830918,0.239895358581653,0.267237215035204,0.114710569216549,0.153954966961481,0.0686526391271857,0.227119873529142,0.255573226822067,0.123322259208506,0.219953286449731,0.160390424234427,0.242010742477505,0.15473877684016,0.0943390982810991,0.220142537855873,0.184380812015208,0.209188623936433,0.138007601225452,0.21236555135469,0.070894272471221,0.128889472411919,0.189485605279404,0.186191416600835,0.239152455951908,0.172751302073335,0.164773404603275,0.235983485251975,0.0865022882777745,0.0808041840697264,0.0785952740735991,0.115607839893899,0.130018212105192,0.114747641267988,0.209938032431086,0.195158007743134,0.0423124723948264,0.0580298438128701,0.106356144387158,0.0848230400798746,0.0646181583107967,0.134610856579363,0.0721678665998127,0.125502765844543,0.102216333140063,0.083131691875432,0.10257876974199,0.058488699358317,0.0749810005765208,0.0588368697668498,0.0587850618404628,0.0598828235954261,0.0511792769067018,0.0721731691682704,0.160726339505184,0.0959578712701073,0.0708540146743301,0.0549565497422122
"hsa-miR-320e",0,0.206824182699725,0.0924497862410303,0,0,0,0,0.31373290204892,0,0,0.393886073960861,0.448631264342947,0.301575084456649,0.664690208695492,0.440394779905315,0,0,0.290099226273266,0.241346364081163,0,0.282100277721555,0.294750174808459,0.386614772967967,0,0.227819418765423,0.210242684932179,0.287797314994551,0.305626207664111,0,0,0.28916522222365,0.150270136138316,0.203732561510898,0.293549624761798,0,0,0.212546955292795,0.558941468408453,0.209525947059777,0.227444287862867,0,0.141048571735681,0.197500539369365,0.216876369576465,0.114893686171128,0,0.173203306409102,0.134888477252462,0.192262286102601,0.218445551501028,0.151294839300037,0.18398088953743,0.229114979165102,0.196165273967721,0.192015644299459,0.183364102564526,0.17497810055378,0.201196458679613,0.165943250944139,0.210046983060104,0.191370478444738,0.186494640695371,0.167189212173176,0.165819781895756,0.14970560485964,0.188672519628565,0.219716536605404,0.191740257807334,0.209287960547084,0.135653932511753,0.203708640197548,0.195301822138455,0.163366248831903,0.187505818495101,0.198278157298074,0.181410035594795,0.228738796964454,0.128752180935091,0.203481440438206,0.294552414850344,0.138752442973838,0.232972524440349,0.178636004000707,0.158813470179165,0.0887775972608244,0.111662031236051,0.216442130184347,0.160120107859329,0.12300587155266,0.164722413097787,0.0999647596814629,0.152615717832159,0.139033346361041,0.135804236743737,0.121417811470002,0.105771925657671,0.108520156326367,0.10836257624672,0.11159900538814,0.0776559078000471,0.0833753886758286,0.113736169823906,0.173264571751705,0.183888054730869,0.124825612235447,0.167041216307181
"hsa-miR-338-3p",0,0,0.399587030753662,0,0,0,0,0.173206037179681,0,0,0,0.13888445201888,0.211873103621453,0.091066867211014,0.20424435663332,0,0,0.115740243320029,0.294870242737289,0,0.27552398258922,0.159643348599937,0.0931742323211151,0.177298542654479,0,0,0.257933875798851,0,0,0,0.180021036928425,0,0,0.216825677750784,0,0,0,0.242747751640252,0,0.172770964984398,0,0.0752777020745629,0,0,0.265731997382008,0,0.0271054788020286,0.00945852756651924,0.0372645541328621,0.0635342959416383,0.0137025286513527,0.012888596625081,0.0502340375856176,0.0326160149261944,0.0452397954360966,0.0221878817058452,0.0123982013299223,0.0395175462895736,0.013901502792216,0.0679644594545654,0.020984798575473,0.0405427685131433,0.0162209163333814,0.0224512926137313,0.0301736532035526,0.0227826683192424,0.0698051014588953,0.0259145513818467,0.0466112799641999,0.0112419272851813,0.0559513132156116,0.0478316254521733,0.0226751117004133,0.0424581993435627,0.0564416886210738,0.0161879044078135,0.0869547539626274,0.127446301877943,0.0422982709468344,0.0789896694711795,0.00966147722166009,0.0624335180482805,0.025123870569796,0.00509539271369001,0.0349039942615015,0.0585317735695039,0.0785885746848128,0.0314626177402741,0.0397993637473055,0.0430369348358922,0.0228909434650276,0.156642329190228,0.0356921788888631,0.0545991908227776,0.0243372205340951,0.0529227477072069,0.00763688530101305,0.0603660190357481,0.0610397834745967,0.00862480821908659,0.0105858346803908,0.0254409930029906,0.0419310831663332,0.1199141077922,0.0459556732529228,0.0554662470701066
"hsa-miR-34c-5p",0,0,0.188595991078965,0,0.595679117467545,0.395241506605222,0,0,0,0.174809506689338,0.318786711729513,0,0.0806549584755652,0,0,0.246772768069965,0,0.0545765815228328,0.106146127191205,0,0,0,0,0.165625658052934,0,0,0,0,0,0,0,0,0,0.133722324988551,0,0,0.18011369601468,0,0,0.079282240326823,0,0,0.470299045486294,0,0.0543025582774921,0,0.00334177743104579,0.00319887946318999,0.00792841892718919,0.0168032382579098,0.00167483935294455,0.00295497251467294,0.0311845786982828,0.0146386241063692,0.0136716131291753,0.00389105060947095,0.00374609318325839,0.00831154804068428,0.00133379158611689,0.0103973289599782,0.00360688375003236,0.0162421097314196,0.00967860217297085,0.00471535777499584,0.0152170133093795,0.0041069247309995,0.0287984816011936,0.00567700484425089,0.0154645355648305,0.00690113609047137,0.00799311101941694,0.0111171486084669,0.00174469720591609,0.0174555061587997,0.0103353392805031,0.00566483203534515,0.0387129285682128,0.141197137777782,0.0135245415687401,0.0317381361761968,0.0276085354735482,0.0202826750444565,0.00634901244918857,0.00962919362896454,0.115748699149741,0.133062377689552,0.0594846976930719,0.0692118289470264,0.119922111704224,0.0145925511342185,0.0347616075609584,0.0721252954811827,0.0340301577951772,0.112048883609292,0.0228313072774249,0.133440682927073,0.0408786529661249,0.131902375913548,0.134084454420336,0.0191198860185343,0.0240780214346857,0.0503734218347809,0.00529304558287999,0.0494852485712832,0.115746744108206,0.118778562483921
"hsa-miR-3928-3p",0,0.161319267553863,0.0668960498996441,0,0,0,0,0.189385787293168,0,0,0,0.376315517862513,0.280648158731279,0.232849238026399,0.423286513034028,0,0,0.12196616142313,0.118655899274459,0,0.182231963282985,0.269149779395495,0.146115435531974,0.244611453589625,0,0,0,0,0,0,0.196361536787829,0.126741410466241,0,0.171512148004396,0,0,0,0.380693417322584,0.189427272666783,0.11142612004624,0,0.110892939744318,0.197500539369365,0.275136717637753,0.141666836966444,0,0.139386608070375,0.0911096002441417,0.161133042132053,0.129559989022217,0.102811429145354,0.172974502417239,0.112153610913056,0.0700332816657039,0.146095922364941,0.172567580939012,0.167079951459241,0.164819420259968,0.107687733339868,0.119349731854875,0.183301415674031,0.147399198588033,0.037801929297435,0.133835410707685,0.0824015133947612,0.17886944694973,0.108996819103141,0.173699536952959,0.150894486615783,0.0051965467797981,0.136656276436719,0.117601903369383,0.152620246358274,0.116037832264035,0.13687630031839,0.144821539365961,0.128062304449962,0.037464664483206,0.15400778339739,0.122053867623262,0.0621578086298252,0.130240974527395,0.151999114599644,0.0515970906448376,0.00353766016872538,0.00394162419741403,0.0997070963989492,0.074348165533611,0.000529793234585336,0.0929672777797817,0.000699137837986957,0.125976871552448,0.000494589842482116,0.0034000332414516,0.000468603469974982,0.00391171465279402,0.0456804339805646,0.00506639559547349,0.00344135083913329,0.0155074660251004,0.00821228670956214,0.00115707313356127,0.127450656911608,0.141852744235087,0.000654394913756251,0.0525944214542539
"hsa-miR-4446-3p",0,0.215681856213238,0,0,0,0,0,0.156760191492204,0,0,0,0.213809020566628,0.069523510503529,0.247843674984965,0.123758862693605,0,0,0.238976938680768,0.106146127191205,0,0.14157951909181,0.165413034202588,0.273577738299059,0.12976649937492,0,0.180637601597103,0,0,0,0,0,0,0.245388070041449,0,0,0,0.2283774597791,0.304210950492343,0.276851033839898,0.176071132459798,0,0.0707352686904854,0,0.17083955693523,0.0827245293448397,0.53156270028622,0.219031156203848,0.172722287336067,0.179233217440529,0.163463798056963,0.239076059617741,0.196210656296299,0.123552037108508,0.104108550507931,0.193794553534692,0.199148953357267,0.21039169014741,0.19990557214002,0.206697390811752,0.172824222352153,0.2092951028942,0.223063520457443,0.0497248824415135,0.250300048311489,0.222014242893618,0.179240722745338,0.181684274282952,0.20334484855552,0.206754558866969,0.0236446583949773,0.170439277831037,0.177262255248454,0.206526920562443,0.122657591508329,0.244994808365128,0.191649298671562,0.163712620657489,0.0482718403997873,0.208270489505769,0.197732728695762,0.088242703425177,0.169561461077496,0.146169482694061,0.113936957774777,0.0204277421045599,0.0208851844131372,0.0893292166117704,0.0682188473747648,0.0267598524645194,0.133865723880714,0.0334352843174315,0.11211649859922,0.0460367240275626,0.0385929198919044,0.0400116779878413,0.0247838539905483,0.0342263838401331,0.0227655621407436,0.0193483628625119,0.0300950227845543,0.0220505688568031,0.0331653836952494,0.222504448841183,0.15626298092142,0.0287072645562444,0.0393309721416175
"hsa-miR-4484",0,0.170587414996084,0.297079022170828,0,0.424790958810656,0,0,0.0836810384737283,0,0,0,0.0810530459707701,0.0880076759740386,0.0690657738664074,0.370132167664391,0.226692336560978,0.278874644949158,0.140414668098023,0,0,0.126377250972207,0.0688479837742791,0.0630705474614358,0,0,0,0,0.399800995456612,0.414495296113044,0.736925206608922,0.303828456544865,0.280881206709753,0.360856892365184,0,0,0,0,0.0727119836345564,0,0.049815827993637,0,0.294200466707474,0.481604132047204,0.878201674728211,0.481757436421652,0,0.363197711824843,0.266648547258067,0.274160932353926,0.244697433180158,0.277784857585296,0.49734557754866,0.215652698025496,0.241306726726641,0.167744322440406,0.427299467414053,0.469120287249015,0.243144598771986,0.296394712913167,0.225363658312243,0.446832422534421,0.224848815694807,0.274430510055176,0.313997480493191,0.165818633739861,0.429791312880862,0.164083492327531,0.404277958918071,0.163895560512431,0.196411184034698,0.302512707468838,0.294677627289291,0.388833221463045,0.315018711485432,0.211809169175156,0.419554451413663,0.15886087015292,0.146752509604471,0.156337081081072,0.131974124672266,0.155956237067357,0.233207990487963,0.447343114874627,0.218925492015982,0.0736509926365752,0.0755616663712911,0.18237914890447,0.140105566634004,0.0734088630402504,0.250483541797127,0.102150929212887,0.235561366599453,0.0930648814825731,0.0693670894401938,0.134381873702927,0.0748667264320474,0.118100596066589,0.072935693534322,0.0796877620479821,0.0613125241254674,0.0819579932824802,0.0854358978208858,0.209269241443043,0.211169243414948,0.0893737116875407,0.123625635358186
"hsa-miR-4710",0.25338379850986,0.151964417354252,0.141677955453171,0.225021370142864,0,0,0,0.101362776428694,0,0,0,0.108160608542374,0.106156368628371,0.15838402785744,0.1330283374681,0,0,0.0677676969133222,0,0,0.0833386050555539,0.159643348599937,0.122398106387502,0.141862991842903,0.227819418765423,0,0.316794729182103,0.887849771762294,0.388046564151644,0.466417950491506,0.536536163157862,0.330639546270694,0.56805003032608,0,0,0,0.30397581659503,0.319982574673235,0.158500926076894,0.100825883411594,0,0.136795900925925,0,0.443981214263925,0.163442946388511,0,0.226732279907134,0.223604680554399,0.176337632274537,0.172468628053732,0.222843403495626,0.284446517541148,0.191269932457898,0.266482871855737,0.134211841216555,0.240021693023869,0.255242283774969,0.173342807532948,0.23684656494399,0.171482554913032,0.256440908792738,0.150827942571358,0.314418566178497,0.186975755816367,0.141292291529317,0.244518165872056,0.127948340424823,0.232009672394726,0.135836489282082,0.33300883806874,0.204582888149779,0.203982714779558,0.217883917788076,0.215768384930472,0.135884205755452,0.265204091580168,0.139489814067952,0.118547464826004,0.138284325493553,0.131151137483603,0.186281754635023,0.171176080930806,0.248893760606407,0.315029367684568,0.0963113933685838,0.0911386713220493,0.147410634799739,0.0934282065394118,0.101926862218267,0.159160751299925,0.158102342230265,0.134862093761732,0.168534309688852,0.0918425589477982,0.20882313775855,0.0815327392541577,0.115120368932249,0.0866756909970418,0.0936373556808399,0.0900871614680182,0.114105323983483,0.149472068526186,0.141089097490757,0.124799682594443,0.108129229300448,0.0959471999539473
"hsa-miR-486-3p",2.95823383466836,2.45118399048082,2.50547468279563,2.13349279729094,1.3894822018668,1.69229514158028,1.71109696206492,2.45600178022917,1.90148872368083,1.71687393771085,1.64032701264428,1.62381992396931,1.35889492861575,2.20083850209761,1.46079461500513,1.22135258810478,1.50538633605285,2.12036820091468,2.51950163990605,1.54112804334392,1.98083775040685,1.72558363247139,3.10867805299969,1.47409200203228,1.90675801825418,1.85621682612958,1.61372090117409,1.63574918544446,1.76806578335835,1.70293992803231,1.71493293846353,1.47661169273274,1.55910887209707,2.40724438157268,2.82448789555189,2.52736694717055,1.62633774969986,1.97716130017531,2.2932032551032,2.1405911301064,1.13447622761074,2.04746253799838,1.72988700786076,1.62347172456702,1.4280794745117,1.83118606124601,1.89082269381181,1.98916303324328,2.02693494808401,2.01618602909657,1.90307847252576,1.82021996094081,1.9392526416451,1.83394566436526,2.07975108445638,1.90597301790875,1.83215957415294,2.07795964261812,1.87998012758483,2.02096546636789,1.91155952932976,2.06985449511534,1.8110030051094,1.94853277946753,1.92251357530343,1.91027297356606,2.04184140780783,1.93925418535325,2.09142668022038,1.81570351201912,1.97073761965556,1.92016358081948,1.93738878651243,1.86048806383125,2.1069671884556,1.83552639415697,2.04700526769769,1.88365963711838,2.13232377879116,2.07196410040439,1.72397000757948,2.00280007215296,1.81112581608642,1.78965333060208,1.75163960916079,1.62109278308597,1.96201014498741,1.8601450694974,1.63515589039701,1.88670583470885,1.9889543325445,1.8809345399805,1.90719518556127,1.63060385839826,1.92604698974886,1.62383433027156,1.76018906151919,1.63105581217808,1.60343800628494,1.79767310769294,2.00914035922056,1.94383757521491,2.09154394308537,1.96584849669082,1.6599397629911,1.72392775735091
"hsa-miR-487b-3p",0,0.123363038986451,0.205637849447978,0,0,0,0,0,0,0.285135671440633,0,0.181200182404946,0,0.21762654095449,0,0,0,0.27955168450413,0.118655899274459,0,0.304782593159728,0.0876785500713412,0.352881753417148,0.357355331409061,0,0,0.227151086212949,0.219748935033137,0,0,0,0,0.203732561510898,0.114278034886881,0,0,0.346735339190205,0.116809694250509,0.295282628941432,0.132295339345172,0,0.132525067640635,0,0,0,0,0.0383397626258521,0.0378422126007492,0.163604001025746,0.146709830751579,0.0377680379327894,0.0434749710165345,0.130613510531762,0.0745702572597686,0.202820354069319,0.0769292795879114,0.0437643987947668,0.172311248133953,0.0360649446819782,0.080360791665511,0.0745753206237007,0.0977383200796759,0.0435900209696904,0.0470538744430648,0.033484112350107,0.0966177735524402,0.0869773410453477,0.0894061556827784,0.216828274551571,0.0644806553372161,0.0773771683610377,0.0814369577332682,0.0377051695820066,0.0793233029827925,0.0891932195411564,0.0596491272190842,0.185620861199703,0.175988963566057,0.201279176154464,0.153258613742525,0.0187561429084388,0.1697106133942,0.0779709481705509,0.0590801053951591,0.0764268367227185,0.0890508199313837,0.102155128925386,0.0402136714690091,0.0588933954194656,0.0783935149155013,0.0396318022336444,0.16208447642969,0.0459837977932421,0.0771748626238368,0.045475494933003,0.0910552732360416,0.00767991445603805,0.0972051969610871,0.0889070174668441,0.0135059030732373,0.0151066506079892,0.0437383825361413,0.0776588440833862,0.180230213184368,0.0693107153569535,0.0567125362646563
"hsa-miR-641",0,0.113644525064008,0.211254535392532,0,0,0,0,0.114421883872935,0,0,0,0.185334914204572,0.221534718923614,0.309174838382968,0.208531360521768,0,0,0.247224662064184,0.155272793175308,0,0.130199539310344,0.142131826090977,0.112751397434132,0.337779411869103,0,0,0,0,0,0,0.228262677331025,0.206778257763249,0,0.171512148004396,0,0.273659949278091,0,0.177257992314083,0.348622727593746,0.11142612004624,0,0.166191664366851,0.241330876783272,0.17083955693523,0.253995622919509,0,0.100202492673998,0.0647951642308793,0.218168775845208,0.169327778665868,0.0704629410672654,0.127358939689258,0.156169150163853,0.075458799743303,0.241682350614251,0.155244431687172,0.125454719965198,0.22528997628831,0.0725289560480697,0.113640598160131,0.160036581844516,0.156801892010288,0.0405962791998762,0.100192482007514,0.06491454655306,0.176873771573831,0.113651631761611,0.163035404868835,0.252246886031357,0.00899340584297056,0.125921615597044,0.112053187570831,0.114740830774416,0.120660235196594,0.128874231390364,0.114279081970707,0.21222014087832,0.0839052870772294,0.241152753140468,0.171398643170224,0.0690293509552888,0.187063060461677,0.14140877122581,0.0422952418679819,0.00457499821259073,0.00511401511192637,0.145703920534196,0.0966641939132092,0.000647367679220407,0.0997823463484583,0.00175142470214285,0.2227720110878,0.00123318324376128,0.00440084430714244,0.00125574751905438,0.00508205724244868,0.0581346310998397,0.0065930285775903,0.00446716994630398,0.0261355003995342,0.0151323247916103,0.00218586124043146,0.123173142487859,0.252417128366212,0.000799621605103352,0.0799623453971474
"hsa-miR-652-5p",0.271864479561523,0.28385297069145,0.466864484145285,0,0.39780758025169,0,0.215622730959046,0.213174910461578,0,0.258674131034566,0.429421491165834,0.312992989563376,0.418697335267672,0.277174451547442,0.463865038009226,0.226692336560978,0.326400248897823,0.238976938680768,0.167186411266519,0,0.381832934882473,0.182525004529587,0.227121821533806,0.287094394814851,0,0.180637601597103,0.450368099304014,0.219748935033137,0,0.357112959395765,0.228262677331025,0.291032918558828,0.2983597525625,0.277001339284321,0,0.207688414865607,0,0.234259647824703,0.267506254383828,0.230569141975191,0,0.245710042753603,0.374939635701947,0.0975487813959674,0.560082765578796,0,0.129067159977815,0.0966473872487264,0.231875153696723,0.220080492576628,0.0974646633702414,0.132285484329671,0.23460515765717,0.173367890577997,0.260620358158194,0.162813120632618,0.133044832644406,0.226914416627311,0.109376678555196,0.185615724853919,0.153024879138992,0.201152201061887,0.163525257392254,0.131447482484456,0.151126426069673,0.180441215384071,0.204402334844275,0.170536223826955,0.2548187743361,0.132036761293409,0.178597355062196,0.169453854877698,0.128407687309551,0.202119254998244,0.178606748758197,0.137836682888366,0.272175964173618,0.319301063533231,0.246262786187235,0.223456108002431,0.1790137395405,0.225572940915007,0.183929181958958,0.128193731127008,0.201518916501141,0.253110136554794,0.259438782755058,0.219021343254617,0.231316242349915,0.208333145120873,0.126393541777967,0.358720155026571,0.163135869024476,0.247251559246707,0.132685426364449,0.24836678143098,0.187703111879596,0.252446530412426,0.257252339168959,0.141397481618089,0.116160934837993,0.148870627187191,0.164330600212193,0.33801367854234,0.239235578356698,0.254612353792726
"hsa-miR-664b-5p",0,0,0,0,0,0,0,0.173206037179681,0.325254461492561,0,0,0.125832503441873,0.0880076759740386,0.295078712028183,0.123758862693605,0,0,0.193801986240329,0.143215527708588,0,0.163958183865675,0.127300933291334,0.205270307362658,0,0,0.238996450260182,0.211396898713905,0,0,0,0,0.126741410466241,0.16026616491587,0.180740608902123,0,0,0.18011369601468,0.107176882328486,0,0.179360444644291,0,0.0477083429711786,0,0,0,0,0.0312594264288025,0.0143703611105986,0.0433579825165441,0.0845110855819203,0.0160980777193657,0.0163201353388075,0.0798642063340054,0.0475030618464827,0.0497496538238975,0.024840841851952,0.0173344157180096,0.0466512376102603,0.0158092458754129,0.0816579565378096,0.0238525876482973,0.0485452036921111,0.024744509941351,0.0291957430013937,0.0386049811655706,0.0248089644680066,0.0915682628686236,0.0316554655469321,0.0625476371746988,0.056693949443956,0.0650865151690194,0.0626432909069942,0.0236837639053346,0.0542163302173467,0.0704373102137772,0.0238547847698536,0.0871133795754443,0.058310571222121,0.0531971877877077,0.142078652358357,0.0579345994678323,0.0938239380753262,0.0313992291517891,0.0146672813163369,0.0497745278347088,0.0686898862950213,0.088393361464925,0.0784076263929583,0.0680238744312189,0.0531425722481387,0.0629981803903211,0.045832974354067,0.0901623946463184,0.0900891086793381,0.0728845556747095,0.0691444642545835,0.0614637942436433,0.0702506700895528,0.0695378343211063,0.0843972142628445,0.0622623314176204,0.0647310467778983,0.0479938787462631,0.0530626530648546,0.0756460148204108,0.0755353656226012
"hsa-miR-6852-5p",0,0.132988011747954,0.0733459624183556,0,0,0,0,0.173206037179681,0,0,0,0.221797751070732,0.178976428320935,0.170516633998011,0.440394779905315,0,0,0.158528983399588,0.112420574904976,0,0.145344247845676,0.182525004529587,0.146115435531974,0.141862991842903,0,0,0,0,0,0,0,0,0,0.198945901020467,0,0,0,0.391677497385629,0.199527103602446,0.132295339345172,0,0.084301132472418,0,0.1941228633791,0.184754945438502,0,0.108923107717562,0.067079670339904,0.148411385111157,0.126617847654134,0.0792841873862822,0.13088255996244,0.098552836234227,0.058622360502053,0.149786490321835,0.137723645079001,0.127817432106114,0.153909876248792,0.0826627993839761,0.109778051402724,0.145459054445466,0.124724519515735,0.028967789890868,0.107093669124076,0.0657155186266097,0.1455211218549,0.100702466329244,0.14228724219797,0.156431310251577,0,0.118030241033542,0.103753605641676,0.117813268968604,0.0940768788638027,0.123486256691138,0.113543098238258,0.130491636989709,0.0362326713744135,0.153182232395827,0.113830988606212,0.0256155541821505,0.131750465062935,0.122463895573093,0.031779081482235,0.00275736728692161,0.00325368774955011,0.0787478670977819,0.0383979423089341,0,0.0825504739521949,0,0.124538759238083,0,0.00269195253648218,0,0.00330385594096261,0.0134403085830965,0.0043974099170352,0.00286509129239992,0,0,0,0.111882340775748,0.146060238068823,0,0.0337562116861667
"hsa-miR-92b-3p",0.789172368667338,0.628768826556683,0.902884390436131,0.825392472786201,1.04101527428501,0.762023707025605,0.839078377784255,0.482841041959301,1.09587593547601,0.947886559640117,1.3391855716562,0.348665961751976,0.381160372208396,0.402647592979013,0.270724085932825,1.44254166303381,0.895021115049634,0.482754916492897,0.697069080879767,0.536665598645829,0.40817923518199,0.379517880562039,0.647850436923401,0.784648970447973,0.540231321466111,0.732317947270652,1.00294011187255,0.650254903829187,0.666904250251241,0.583535558320123,0.614181330292094,0.547928686718743,0.558151870038051,0.783274026553883,0.805321990052148,0.562720866454303,0.851006857821975,0.335509311991093,0.645970315292413,0.680265329073968,0.564993298716613,0.426982115488938,0.976764399935428,0.1941228633791,0.491114419528526,0.787014873360095,0.494519584465658,0.577261410841927,0.51524214173727,0.52371004847715,0.550950625452231,0.423131471498853,0.58501162685,0.59025406878849,0.5844303682704,0.446427522665024,0.444256808351405,0.515579247887075,0.534471231926326,0.542529098893636,0.425500006342625,0.56650995341575,0.590754650124405,0.523810815299149,0.65155554419618,0.440080251495442,0.602408918836668,0.452759192703034,0.563376065043813,0.719066163994225,0.502400172335532,0.525999276188864,0.480376503835907,0.54521422903092,0.543196644774743,0.469715643350277,0.59262863398937,0.919107005647943,0.567606899634664,0.555555433315109,0.701299672556314,0.527985718906553,0.471071462806734,0.622039775912812,1.02701501540503,1.10357904192695,0.641115047790865,0.741746718432902,1.07078672595747,0.60739441071603,0.825400864973679,0.65697781924046,0.837213890147784,1.03895056390585,0.789389508768309,1.09398321738601,0.772822340407596,1.09090103344473,1.11536145966976,0.792065584074047,0.793470224853191,0.863370134576596,0.563271979202182,0.589830602932837,1.06445608022067,0.932422360213948
"hsa-miR-383-3p",0,0,0,0,0,0,0,0.110087769394508,0,0,0,0.121443721129002,0.262355495531493,0,0.0563490383964857,0,0.535095698237785,0,0.0870830560733626,0.414088154441189,0.203728636806971,0.112246769650513,0.0732061357495716,0.44986867386634,0.540231321466111,0,0.450368099304014,0.33801329699182,0,0.285293049083395,0.360421442749945,0.270625379757367,0,0.207925749655339,0,0.224593787871349,0,0.097450376069468,0,0,0,0,0,0,0,0,0.0808429685225957,0.0985311461908912,0.0573564937637764,0.108691469043111,0.0992003605893209,0.0788169021155494,0.148065659116295,0.231560739281554,0.0702794826517848,0.0526617450802729,0.0770404770929563,0.0338293864732911,0.143364818490254,0.130400398683731,0.0354861819348319,0.044751531839786,0.300730488954766,0.0666852227015858,0.0965412211158116,0.0562887860703012,0.100530977721584,0.046913982118588,0.0505595007721159,0.16508218470441,0.107460306503613,0.132186824970119,0.0539799847550091,0.148027612914505,0.0408794838101759,0.108892802668462,0.107521369382353,0.0330339462831003,0.0431426627898039,0.0774827857069333,0.157899897301201,0.111849647554527,0.12974501361112,0.209193307754053,0.0504522574607588,0.0898192064772187,0.12754850649027,0.13076909980098,0.0884994909263772,0.193930479844134,0.0801481788072156,0.0700180728647184,0.110580861324253,0.108871683669119,0.112674636780503,0.0798346111775256,0.142448612738948,0.0886698649114266,0.0956770143145264,0.130825278241126,0.0903969551912334,0.0789309536195869,0.060615479867971,0.0518957674063187,0.0849928866096739,0.0763259464909342
"hsa-miR-519d-5p",0,0,0,0,0,0,0,0.127312647093644,0,0,0,0.151768239705076,0.17562644805164,0,0.109691525937303,0,0.278874644949158,0,0,0,0.122540296670464,0.127300933291334,0.122398106387502,0.56650272403213,0.717361597826975,0,0.227151086212949,0.353821803461364,0,0.688363412719943,0.603451498490367,0.475025697227045,0,0.234391375506987,0,0,0,0.1358013359325,0,0,0,0,0,0,0,0,0.0858597735566095,0.090860746868421,0.0323654479624446,0.0902216441908388,0.10918138230609,0.0771454335417649,0.143692136438363,0.261740837130547,0.0385693562060409,0.0455066129186295,0.0709768960125991,0.0212282725986605,0.155204781386873,0.123727046339867,0.0370652616137724,0.0422887976294003,0.424855364215868,0.0722171320808772,0.108825949478895,0.0443747423426026,0.093382850421167,0.0408622401479463,0.0273950420901254,0.132977276479851,0.101271897607453,0.123433799545989,0.0543243559714552,0.135075371954202,0.0423030354052302,0.0986411371954636,0.0928089697011158,0.0166612528545038,0.0264315771319928,0.0845615730740373,0.178973480233818,0.0903267051829251,0.0950548770409857,0.187910138317997,0.0243692023258867,0.0440307080196747,0.141115291399634,0.117547459255707,0.0404347712868996,0.150216844786539,0.0369233066984649,0.0619889474849629,0.0548617871081295,0.0477746314421263,0.0601444306374726,0.0389752011198454,0.137338545330122,0.0430041736949281,0.0471370183302142,0.0752338008793456,0.0474593514110171,0.0373299421144495,0.0606176096252908,0.0408164086650294,0.0454448850752902,0.0527880314867012
"hsa-miR-3126-3p",0,0,0,0,0,0,0,0,0,0,0.318786711729513,0,0,0,0,0.226692336560978,0,0,0,0.645845159432217,0,0,0,0.200243327798508,0.306161713709451,0.180637601597103,0.302401124659788,0,0,0,0,0.280881206709753,0,0.198945901020467,0.450147072533115,0,0,0,0,0,0,0,0,0,0,0,0.0218284464284702,0.138959778564931,0,0.0122896051128509,0.061383555539455,0.0216558648675638,0.043766023626754,0.0779969407002654,0,0.0109906928157708,0.0207188802509537,0,0.0646388532241289,0.0203758707419565,0.0110380939438879,0.00914207255798725,0.1166836539237,0.0227860891680058,0.0436895328296192,0.00955326178832737,0.0202666682631722,0.00943642039082293,0,0.166456916874869,0.0166082222541086,0.0246812279302013,0.0369383031052689,0.0352354413792569,0.00556786279347192,0.0387076728688994,0.0157786760985705,0.0682136481876462,0,0.0229769694541872,0.16855125136962,0.0128480279430005,0.0138473110857122,0.168015971958079,0.14710059428285,0.173133093795976,0.0849516888673029,0.12568672112194,0.195285935052394,0.0216757450800968,0.222928595341731,0.0407981195614028,0.231646923800443,0.205160120953915,0.225496867757373,0.166530199804325,0.191610540768909,0.165849579665284,0.179058286385873,0.237038862768601,0.260239608733671,0.210263949128261,0.0320306563441513,0.00830413453829535,0.193142282855465,0.155891909724161
"hsa-piR-000775",0,0.142521226871946,0.123500197585962,0,0.370075859510528,0,0,0.165016922184997,0,0.189284514005247,0,0.205755955954703,0.234273359285895,0.121077187214377,0.258591131404331,0,0,0.14648930495795,0.330702225829119,0,0.314348269718952,0.358397290566199,0.248506039957063,0.244611453589625,0,0,0.272977069379564,0,0.388046564151644,0.285293049083395,0.28916522222365,0,0.203732561510898,0.234391375506987,0,0,0,0.212718724295115,0.115719326312408,0.282249987177487,0,0.093243868174469,0,0,0.15478932289731,0,0.0420541475562947,0.0228920942258999,0.0851008383729062,0.0908015382811409,0.0305345704556951,0.0317630398865987,0.071482257098161,0.0428670924868879,0.0993540599077403,0.0518574735879846,0.0338189175886705,0.0926277627615803,0.0318380386964054,0.0809808343723425,0.0513093903585707,0.0824344040188651,0.0804223940777187,0.0509766828367064,0.044141888757018,0.055788043517243,0.0852572353367688,0.059875820508683,0.10445389665839,0.0920296027278501,0.0700037756116812,0.0605890268429133,0.0407861787049528,0.0519683477566203,0.0923229575827122,0.0363887484952808,0.10918929800994,0.127038601536731,0.104104202632841,0.101462014265983,0.0138109781844955,0.0916454194969158,0.0419990374348723,0.0120192960461426,0.0887390400605533,0.0900912134729916,0.0754343074240742,0.0348417512325364,0.0557287505826713,0.0563391964680001,0.0970069161161554,0.131375561932899,0.0880607123424203,0.0773471958400105,0.100463070059276,0.0888149087316769,0.00755084053133956,0.0975153144270293,0.0907958007724062,0.0242867419534609,0.0609324046855513,0.0846563113803194,0.0744304547468047,0.122731462754428,0.0825103703472535,0.0505042705263378
"hsa-piR-005018",0,0,0.182850215929147,0,0,0,0,0.197378540491608,0,0,0,0.26463018381891,0.116889559451191,0.116844745713842,0.20424435663332,0,0,0.0904415554997734,0.398730183708723,0,0.122540296670464,0.271739513124125,0.0931742323211151,0,0,0.180637601597103,0.242660923846427,0,0,0,0,0.150270136138316,0,0.124047439245425,0,0,0,0.172735661742734,0,0.192410553638191,0,0.141048571735681,0,0,0.172022326693431,0,0.0296047637180642,0.0134910356089991,0.0469609684551427,0.065767227978872,0.0143427905630125,0.014036652750655,0.0610521363992862,0.0404128691203023,0.0451990470404905,0.0281674246857837,0.0121289983047884,0.048250604593642,0.0148285616303145,0.0719140164463079,0.0257668628479586,0.0501041643293149,0.0238614841082183,0.0220032296579543,0.0380321520072866,0.0305564161554813,0.0724353818961154,0.0299883423284386,0.0462298938542258,0.040382173399865,0.0622944891630336,0.0482471467632494,0.0274949738349764,0.0554664755995203,0.0580468469765286,0.0150178292062066,0.0712456648787768,0.0803353061238687,0.0481373135100884,0.0824910103337158,0.0464127705103155,0.0594843943717385,0.0294323546454646,0.017155349865861,0.0536371510577162,0.0763902993242425,0.082426376099845,0.0534058657196427,0.0642025898541313,0.0465692435580566,0.0549707940357122,0.106831302793876,0.0796154739162271,0.0903224910502493,0.0629078268568766,0.0750188398104808,0.0397971604671248,0.0801506848327098,0.0771605312717898,0.0417955737350661,0.0411276995336707,0.0570999477247164,0.04678562490803,0.085575825599409,0.0719417799645088,0.0567526665621939
"hsa-piR-009228",0.862802981773386,0.537184081720102,0.577614512171608,0.687314600053835,1.40957084260924,1.02978832091595,0.488181827271507,0.461674822780594,1.11896703697312,0.870971712968478,0.338096878860635,0.78478272152174,0.518778412928962,0.547756125891526,0.856250811835816,0.763138330574209,0.895021115049634,0.499913926611293,0.802820941923288,0.46493588042688,0.768208300358876,1.10954805488817,0.963984773922323,0.732746417441124,0.652893083974436,0.96996132527761,0.722371773367739,0.650254903829187,1.06346640842296,0.768037188629228,0.78090861971338,0.547928686718743,0.496612734645574,0.783274026553883,0.759443086059878,0.574603954491352,1.07638856056191,0.621625114551715,0.645970315292413,0.883099081531203,0.720164995766963,0.322912630119663,0.458864691167553,0.461748562404471,0.488005143147867,0.578930466790227,0.528548805879243,0.570873695418803,0.545125838227122,0.546166554943765,0.547070988430922,0.528716221936849,0.561105156223287,0.584946463699822,0.58876701956522,0.518427865495822,0.537157068861016,0.535404091020013,0.556246716885305,0.543475994528884,0.508752606566298,0.532130655404485,0.64223148718816,0.537094249453892,0.542252502661003,0.521429304741328,0.533053255547382,0.52056569495988,0.57571014110763,0.769795787312922,0.528183919609097,0.552553818055545,0.528325518623475,0.544548690282583,0.518220306177528,0.544796912937241,0.577192672730607,0.681205237582806,0.562028632435807,0.533300911654794,0.551182926720742,0.564952975987079,0.560025959298543,0.564452011758079,0.76436289640903,0.751869076098068,0.543763603269465,0.567129868213977,0.723786068888152,0.599898345461666,0.799106089639699,0.547386964527322,0.789471967029607,0.754978268769682,0.807911844368681,0.765150268329643,0.577110263028886,0.763260460277925,0.751365685026163,0.668098212807331,0.734671117245095,0.772546684537161,0.543130350842635,0.551329032550645,0.763201545318352,0.592205317557421
"hsa-piR-020450",0,0,0,0,0,0,0,1.16813646961265,0,0,0,0.205755955954703,0,0.707886150892708,0.191271959040718,0,0,0.0904415554997734,0.0870830560733626,0,1.04773234780719,0.0656747912657496,0.122398106387502,0,0,0,0,0.201651644982938,0,0.486915049447563,0.489301323521368,0,0,0,0,0,0,0.225698878873541,0,0.908761452018254,0,0,0,0,0,0,0.134994580641521,0.0661797566359407,0.0544450020599182,0.169001829349429,0.0850179538115812,0.0388270727557701,0.162895350099681,0.148448843997535,0.0507248405243218,0.0468033153944754,0.028476799025755,0.0738599481538787,0.0896481683278346,0.316003981849667,0.053723619862695,0.182622285701237,0.16209007877218,0.0917892148431164,0.178506525201589,0.0308589719417987,0.322688816184764,0.0591768262303597,0.0480793450215641,0.0500854473680949,0.243511201489957,0.17422355168378,0.103483796793183,0.143721022113754,0.235465476955077,0.039481890998812,0.164261647724449,0.0350035524773743,0.0830516504903892,0.298418263967439,0.0787117009200799,0.144231456508372,0.0444236185578987,0.0828879994330765,0.00213590768651391,0.00252036669425308,0.194021548475964,0.152359885293374,0.00306916312470434,0.159105417402253,0.00955435561713632,0.0237885296681863,0.0133528966037329,0.00545327780622806,0.0220627413259139,0.0025592279029737,0.0505117011603518,0.00340631503358188,0.00221935269306582,0.00542366323942351,0.0053078171587273,0.00850621825363391,0.188091402018552,0.042648718377164,0.00283465135183131,0.0753774109493
"hsa-piR-015988",0,0,0,0,0,0,0,0.160897078514611,0,0,0,0.103693403743743,0.069523510503529,0,0.0760770946355334,0,0.496696263662894,0.0578907092229718,0.161247343902994,0.850863263583451,0.0873286559833333,0.0907827900656088,0.155447073536211,0.670943099829241,0.867787650924066,0,0.731852629203315,0.539383690129726,0,0.704814101280794,0.655985137045079,0.349869724730039,0,0.349402788723338,0,0.257570584887417,0,0.140493420047512,0,0,0,0,0,0,0,0,0.117592697074618,0.167869977264231,0.0637263760905425,0.150443754380769,0.164992975312366,0.108090391063664,0.202760752060335,0.34409306736132,0.0785732819336496,0.068188620704781,0.101394964995198,0.0432378777275033,0.222513872888815,0.183015851917797,0.0523723751616062,0.05771023907569,0.506587629065126,0.0983856664229815,0.137644739198586,0.0692451401754593,0.14345972555232,0.0633611709591468,0.0633759645869061,0.27808656291246,0.149874088801838,0.184974419301542,0.0739658985957371,0.192215199828022,0.066544295086231,0.159302744100794,0.150038568100195,0.0567819781037936,0.0543229659116559,0.127931677332642,0.249579508428119,0.155933908841122,0.152852493959487,0.353689169383899,0.0824695012453182,0.146528317767084,0.180138028777718,0.185881032625198,0.149619927315314,0.234689803562558,0.139489560934615,0.10579318783239,0.189693107057257,0.185019373757185,0.195774026005727,0.130312058862678,0.216937143974012,0.144861417754669,0.15597909176655,0.232319791871887,0.159754923605149,0.135974552823767,0.0862668071333562,0.0694302277277933,0.137975240635768,0.130970301378069
"hsa-piR-019305",0,0,0,0,0,0,0,0,0,0,0.375633328579492,0,0,0,0,0.323289867645902,0,0,0,0.93175907521274,0.0672172646428338,0.0333764460434401,0.0832400238174229,0.255402583626032,0.247987857779769,0.346394403733352,0.358772729296626,0.219748935033137,0.465382360450798,0,0.259177518137835,0.280881206709753,0,0.124047439245425,0.450147072533115,0.19049232856412,0,0.0524709691222934,0,0.104371795290779,0,0,0,0,0,0,0.0241891201573529,0.173329284934673,0,0.0200802186955566,0.0778874555767773,0.0218020210824783,0.0585026390236622,0.100465563722562,0,0.00890234880735306,0.0167820811648108,0,0.076066204337156,0.0282809591432382,0.00894074323647902,0.00949951493204736,0.140674758820941,0.018456499251618,0.0504326827629997,0.00773804437201743,0.0292351507204833,0.00764340403467395,0,0.367943147328887,0.0238561135828752,0.0333704120094648,0.0342460490894812,0.0479617560604534,0.00450991193456387,0.0505579373365545,0.0241714506664542,0.0921790690326257,0,0.0310648616494288,0.211573991580728,0.02099358894214,0.0187739631681126,0.256587095997602,0.218581397878487,0.236067203546361,0.0985754136800329,0.151384477367311,0.27569399051284,0.0303012954605018,0.373171317420649,0.0524834010147452,0.383066759233854,0.295193273485104,0.410302296816144,0.230957539318839,0.231783995787368,0.227464700618817,0.243294417917748,0.331359147703268,0.384707964727545,0.339346500526124,0.0295891537406458,0.0105916009246157,0.285191205847697,0.199191632383994
"hsa-piR-023391",0,0,0,0,0.341553101469093,0,0,0.31726987412991,0,0,0,0.366036315194551,0.499547490195851,0,0.433586555856674,0.285762997704665,0.675454064990854,0.0968264822538781,0.350615556812973,0.93175907521274,0.282100277721555,0.370185979133065,0.285881739456505,0.857776682190345,1.31846674859492,0,1.04520691810358,1.04100377586189,0,1.15656721262231,1.31953241890905,1.01888962221237,0,0.601818226638475,0,0.686259481757232,0,0.339353617914266,0,0.079282240326823,0,0,0,0,0,0,0.190403354749066,0.268323921073303,0.0927725756491056,0.24099938614087,0.260549903299982,0.166251749744649,0.349230717031189,0.578034705334346,0.113245949398946,0.102388687572436,0.150369730811307,0.0666205157239675,0.345593273792303,0.302292617157749,0.0814304856193287,0.108555618451992,0.828565211244142,0.152734606987395,0.243406118685336,0.101873233554857,0.240944140821318,0.0965073061621515,0.0925235444497488,0.461899197612612,0.24713312772965,0.297206785010436,0.116047356811906,0.323610244769933,0.11484203751052,0.242329142979091,0.234210300387972,0.11550442404387,0.0828583992430539,0.228771692429135,0.47979319280179,0.246703612471178,0.229076017062077,0.580256056287522,0.18644420612045,0.306440593829649,0.331471172507395,0.330233310618877,0.291551944438517,0.360828252288878,0.209889235406518,0.158135323915299,0.2869216315193,0.336535015180452,0.299894710437304,0.282713463844881,0.398302647954765,0.302227158705719,0.325000228835623,0.353692798854377,0.238255304243338,0.209014102613327,0.139991994698026,0.0955138872537644,0.281828219440735,0.262452299438816
