"","X11_16_153AS_10_3_20_S193","X11_16_153AS_4_12_18_S195","X11_16_155CB_4_2_20_S199","X11_16_155CB_6_2_18_S200","X11_16_116OC_16_8_16_S189","X11_16_154LT_16_9_19_S198","X11_16_116OC_30_4_13_S190","X11_16_154LT_15_11_18_S197","X11_16_116OC_WAT8086A8_S192","X11_16_154LT_11_9_18_S196","X11_16_161HM_11_7_18_S212","X11_16_159PG_20_11_17_S205","X11_16_159PG_29_7_14_S206","X11_16_159PG_29_8_17_S207","X11_16_155CB_9_4_13_S202","X11_16_155CB_8_4_14_S201","X11_16_160RD_7_09_2017_S211","X11_16_158AK_8_10_19_S204","X11_16_160RD_6_12_2017_S210","X11_16_158AK_26_9_17_S203","X11_16_160RD_5_03_2018_S209","X11_16_159PG_7_8_18_S208","X11_16_153AS_28_11_17_S194","X11_16_115CS_5_6_12_S188","X11_16_116OC_8_5_12_S191","X11_16_179AH_13_03_2018_S225","X11_16_170OK_11_05_2017_S220","X11_16_170OK_5_02_2019_S222","X11_16_162HN_WAT8086A4_S218","X11_16_161HM_9_12_14_S215","X11_16_177AG_22_07_2020_S224","X11_16_161HM_4_12_18_S214","X11_16_161HM_12_12_17_S213","X11_16_177AG_12_06_2018_S223","X11_16_162HN_13_11_18_S216","X11_16_170OK_13_02_2018_S221","X11_16_162HN_19_11_19_S217","X11_16_170OK_10_03_2020_S219","X11_16_184EH_17_3_20_S231","X11_16_187DM_21_8_18_S236","X11_16_179AH_28_03_2017_S227","X11_16_184EH_WAT8086A10_S232","X11_16_185EB_22_11_16_S233","X11_16_179AH_19_07_2018_S226","X11_16_187DM_8_11_18_S237","X11_16_179AH_30_03_2021_S228","X11_16_185EB_26_11_19_S235","X11_16_183JS_10_12_19_S229","X11_16_185EB_23_11_18_S234","X11_16_183JS_11_12_18_S230","X11_16_347MA_1_09_2017_S257","X11_16_347MA_27_09_2019_S258","X11_16_267EO_24_07_2020_S250","X11_16_283OM_10_5_18_S251","X11_16_283OM_14_2_17_S252","X11_16_285CF_16_1_18_S255","X11_16_283OM_24_3_20_S253","X11_16_285CF_16_2_18_S256","X11_16_200JL_19_10_2017_S2","X11_16_198WS_17_3_20_S240","X11_16_200JL_27_04_2021_S3","X11_16_247AF_WAT8061A9_S247","X11_16_198WS_12_3_19_S239","X11_16_211MM_11_05_2021_S245","X11_16_211MM_3_05_2018_S246","X11_16_187DM_9_7_19_S238","X11_16_208TH_31_08_2018_S244","X11_16_198WS_20_3_18_S241","X11_16_200JL_16_05_2017_S1","X11_16_208TH_30_03_2021_S243","X11_16_208TH_13_03_2018_S242","X11_16_347MA_28_09_2018_S259","X11_16_285CF_15_3_19_S254","X11_16_267EO_23_04_2018_S249","X11_16_267EO_21_02_2017_S248","X11_18_403DP_WAT8061A7_S265","X11_19_469LR_12_04_2019_S266","X11_16_351FW_28_08_2020_S261","X11_16_351FW_3_08_2018_S262","X17_18_001WR_S4","X14E_18_005PM_S270","X11_18_396AS_S263","X14E_18_004NT_S269","X11_18_400ON_S264","X14E_18_002SE_S268","X11_19_469LR_31_07_2020_S267","X11_16_347MA_4_06_2021_S260","X17_18_003TB_S5","X17_18_026SM_S17","X17_18_020DH_S13","X17_18_016AB_S10","X17_18_018SD_S12","X17_18_017AF_S11","X17_18_011AS_S7","X17_18_005JB_S6","X17_18_025MA_S16","X17_18_014DM_S8","X17_18_022MB_S15","X17_18_015ES_S9","X17_18_021KD_S14","X17_18_032AM_S23","X17_18_033MM_S24","X17_18_034MJC_S25","X17_18_039DK_S29","X17_18_027PL_S18","X17_18_028LB_S19","X17_18_029AS_S20","X17_18_040RO_S30","X17_18_038WP_S28","X17_18_030LO_S21","X17_18_037SD_S27","X17_18_031XK_S22","X17_18_035GR_S26","X17_18_047AJ_S35","X17_18_054RT_S42","X17_18_049CS_S37","X17_18_050JMC_S38","X17_18_041JW_S31","X17_18_048LW_S36","X17_18_043BA_S32","X17_18_053AT_S41","X17_18_044JC_S33","X17_18_052OI_S40","X17_18_046IC_S34","X17_18_051AK_S39","X17_20_072CS_S53","X17_19_059OC_S45","X17_20_071LO_S52","X17_19_061LC_S46","X17_19_064WC_S47","X17_20_070AM_S51","X17_20_067ES_S48","X2017_CPH15_S59","X2017_CPH16_S60","X2017_CPH20_S63","X2017_CPH24_S64","X2017_CPH18_S62","X2017_CPH17_S61","X2017_CPH12_S57","X17_20_075RO_S56","X2017_CPH30_S67","X2017_CPH13_S58","X2017_CPH25_S65","X2017_CPH3_S66","X17_20_068CG_S49","X17_20_069WC_S50","X17_20_073MA_S54","X17_18_055GP_S43","X17_20_074CS_S55","X17_18_056SB_S44","X2017_CPH31_S68","X2017_CPH38_S74","X2017_CPH37_S73","X2017_CPH40_S75","X2017_CPH50_S81","X2017_CPH32_S69","X2017_CPH48_S79","X2017_CPH44_S78","X2017_CPH33_S70","X2017_CPH34_S71","X2017_CPH43_S77","X2017_CPH41_S76","X2017_CPH36_S72","X2017_CPH67_S85","X2017_CPH68_S86","X2017_CPH71_S88","X2017_CPH5_S80","X2017_CPH7_S87","X2017_CPH82_S92","X2017_CPH54_S82","X2017_CPH79_S90","X2017_CPH56_S83","X2017_CPH77_S89","X2017_CPH61_S84","X2017_CPH8_S91","X2020_t0_CPH26_S113","X2020_t0_CPH23_S111","X2020_t0_CPH25_S112","X2020_t0_CPH1_S98","X2020_t0_CPH3_S117","X2017_CPH86_S93","X2020_t0_CPH11_S99","X2020_t0_CPH13_S101","X2020_t0_CPH18_S106","X2020_t0_CPH17_S105","X2017_CPH9_S96","X2017_CPH87_S94","X2020_t0_CPH16_S104","X2020_t0_CPH15_S103","X2017_CPH88_S95","X2017_CPH90_S97","X2020_t0_CPH14_S102","X2020_t0_CPH12_S100","X2020_t0_CPH2_S108","X2020_t0_CPH29_S116","X2020_t0_CPH19_S107","X2020_t0_CPH28_S115","X2020_t0_CPH20_S109","X2020_t0_CPH21_S110","X2020_t0_CPH27_S114","X2020_t0_CPH30_S118","X2020_t0_CPH42_S131","X2020_t0_CPH36_S124","X2020_t0_CPH35_S123","X2020_t0_CPH38_S126","X2020_t0_CPH37_S125","X2020_t0_CPH32_S120","X2020_t0_CPH31_S119","X2020_t0_CPH41_S130","X2020_t0_CPH40_S129","X2020_t0_CPH39_S127","X2020_t0_CPH33_S121","X2020_t0_CPH34_S122","X2020_t0_CPH47_S136","X2020_t0_CPH48_S137","X2020_t0_CPH4_S128","X2020_t0_CPH49_S138","X2020_t0_CPH43_S132","X2020_t0_CPH52_S142","X2020_t0_CPH44_S133","X2020_t0_CPH51_S141","X2020_t0_CPH45_S134","X2020_t0_CPH50_S140","X2020_t0_CPH46_S135","X2020_t0_CPH5_S139","X2020_t0_CPH53_S143","X2020_t0_CPH61_S152","X2020_t0_CPH60_S151","X2020_t0_CPH64_S155","X2020_t0_CPH59_S149","X2020_t0_CPH58_S148","X2020_t0_CPH54_S144","X2020_t0_CPH65_S156","X2020_t0_CPH55_S145","X2020_t0_CPH63_S154","X2020_t0_CPH62_S153","X2020_t0_CPH56_S146","X2020_t0_CPH57_S147","X2020_t0_CPH70_S162","X2020_t0_CPH66_S157","X2020_t0_CPH71_S163","X2020_t0_CPH6_S150","X2020_t0_CPH75_S167","X2020_t0_CPH67_S158","X2020_t0_CPH74_S166","X2020_t0_CPH68_S159","X2020_t0_CPH73_S165","X2020_t0_CPH69_S160","X2020_t0_CPH72_S164","X2020_t0_CPH7_S161","X2020_t0_CPH79_S171","X2020_t0_CPH85_S178","X2020_t0_CPH80_S173","X2020_t0_CPH84_S177","CPH10_S271","X2020_t0_CPH92_S186","X2020_t0_CPH91_S185","X2020_t0_CPH90_S184","X2020_t0_CPH93_S187","X2020_t0_CPH8_S172","CPH22_S272","X2020_t0_CPH9_S183","X2020_t0_CPH89_S182","X2020_t0_CPH76_S168","X2020_t0_CPH82_S175","X2020_t0_CPH83_S176","X2020_t0_CPH81_S174","X2020_t0_CPH77_S169","X2020_t0_CPH88_S181","X2020_t0_CPH87_S180","X2020_t0_CPH78_S170","X2020_t0_CPH86_S179"
"hsa-miR-100-5p",53,134,30,70,66,102,53,43,102,35,325,146,50,70,47,46,60,131,66,84,128,146,39,180,171,86,35,99,0,1750,31,2024,84,45,91,53,104,140,52,27,20,158,32,43,50,48,107,37,31,27,100,56,211,278,24,233,114,66,263,91,335,21,41,66,41,48,492,127,240,101,42,72,140,119,49,21,58,132,110,1087,47,421,25,97,160,50,685,2748,636,96,142,312,1282,129,1470,29,48,151,137,323,157,252,48,145,454,491,258,406,332,175,181,252,600,58,105,138,139,330,98,339,135,547,63,113,148,55,167,183,140,189,68,465,143,226,113,120,90,108,42,212,72,40,48,44,103,204,33,70,406,85,135,124,143,160,210,79,247,135,167,288,122,106,364,148,45,143,504,191,285,166,146,171,71,155,166,170,130,55,332,125,348,93,82,303,60,79,399,244,12,140,94,463,154,272,215,294,199,89,34,126,140,172,180,216,77,279,98,133,63,215,156,356,582,199,284,167,218,410,119,149,351,225,158,73,280,186,273,92,129,235,184,75,55,133,678,67,269,279,137,99,198,142,408,199,230,226,95,167,92,99,162,194,364,399,0,193,825,134,424,526,0,81,118,170,213,351,180,214,126,2277,267,91
"hsa-miR-101-3p",0,0,0,0,0,0,0,0,0,0,41,0,0,0,0,0,0,0,0,0,0,16,0,27,53,0,0,0,0,34,0,0,0,0,0,0,0,0,0,0,0,0,0,0,0,0,0,0,0,0,11,0,16,0,0,0,0,0,0,0,11,0,0,0,0,0,62,32,13,0,0,0,0,0,0,0,0,0,0,0,0,0,0,0,16,0,14,0,26,0,0,24,0,0,76,0,0,10,0,11,0,24,0,0,42,0,13,38,36,0,16,0,36,0,0,0,0,22,10,29,0,12,0,0,15,0,0,0,0,0,0,29,17,18,20,17,0,0,0,0,0,0,0,0,0,15,15,0,25,0,28,0,0,0,42,0,13,22,0,13,0,0,26,13,0,13,84,14,37,0,16,0,0,13,0,0,0,0,61,35,14,0,34,51,18,0,0,42,0,17,0,35,86,0,61,41,23,20,0,39,40,0,15,80,17,23,16,30,17,22,21,22,11,19,17,21,12,39,0,25,70,26,0,0,30,55,108,11,16,45,0,22,13,29,64,13,27,19,27,10,38,0,71,61,0,35,13,42,11,12,45,93,33,46,0,26,71,13,76,144,0,58,31,23,0,62,23,49,32,75,67,14
"hsa-miR-10b-5p",153,401,46,87,338,63,137,54,86,34,1564,202,72,67,50,52,28,415,68,249,240,465,87,793,1024,293,17,217,0,801,194,446,579,152,154,45,126,201,53,30,100,88,44,120,41,239,115,60,37,12,329,131,268,283,125,464,412,42,699,276,732,42,74,207,101,80,1219,695,761,287,108,166,91,375,47,127,86,578,377,538,88,221,44,302,342,82,426,431,766,340,270,509,541,571,643,258,162,567,708,882,1117,582,195,142,1125,267,482,1980,854,401,453,842,967,233,176,122,791,937,563,1303,370,1211,370,666,588,177,559,447,387,257,518,1482,1168,812,1573,592,545,310,749,671,188,132,669,463,347,1008,271,203,907,534,679,294,442,923,1215,299,792,809,333,222,505,707,1632,522,182,914,1709,658,786,712,1105,585,111,740,537,1040,402,966,2149,1354,998,1166,973,3699,568,430,626,1518,91,634,333,1335,5858,695,1769,1729,1220,1166,454,1848,1170,707,1213,3958,1052,1591,1095,2058,860,2875,2492,1190,908,1581,1784,1670,1608,2147,662,1139,4998,2108,1008,1143,1430,4163,5374,1095,1471,3151,880,1754,918,1637,5074,671,1088,1113,1757,693,4488,616,4758,2904,845,977,1147,2216,1434,613,1904,1785,774,3523,103,2041,5961,894,5612,685,44,1890,1066,1351,872,3867,1090,2036,1153,4633,4037,1222
"hsa-miR-1185-1-3p",0,0,0,14,0,10,12,0,0,0,23,10,21,0,0,15,0,17,0,0,0,21,0,70,27,33,0,0,0,17,19,0,0,0,0,0,0,0,0,0,0,0,0,23,0,29,0,0,0,0,10,0,116,16,16,0,80,0,21,0,53,0,0,17,0,0,112,70,19,10,0,0,0,15,0,0,0,12,0,16,0,0,0,11,0,0,41,14,28,0,0,12,0,0,20,40,12,15,0,14,0,16,0,0,28,33,22,13,0,40,37,21,59,0,0,0,0,24,0,44,10,39,18,32,16,0,11,33,0,0,29,39,156,72,54,23,61,14,11,0,61,0,51,34,12,49,52,13,15,0,120,45,31,17,151,12,61,10,37,98,122,10,19,53,0,11,63,35,94,16,46,0,68,33,0,0,0,36,11,0,10,0,0,12,0,61,0,29,0,43,19,0,29,0,151,12,0,12,0,31,11,0,0,35,36,19,15,0,0,11,0,0,0,0,0,0,0,61,10,0,45,0,0,0,0,11,58,0,0,13,0,16,10,0,18,0,0,0,11,0,0,0,16,0,0,46,0,22,0,10,50,63,18,54,0,0,38,27,14,0,0,21,52,18,11,20,0,55,82,11,10,0
"hsa-miR-122-5p",2314,1415,3008,10626,3663,705,713,1088,1174,556,3935,1585,535,741,596,1587,1966,965,2092,417,3029,2016,445,5687,992,2096,398,704,99,1785,4639,3080,1760,3042,1173,586,821,1312,979,129,1696,773,518,1583,755,2544,2047,534,744,357,3920,2888,4449,2677,1598,2469,3402,386,11387,10549,7807,1482,903,1635,1858,739,2646,2391,25912,2676,2298,2513,1343,2414,904,1145,1159,4265,3281,8096,934,1998,589,3636,8791,993,4572,4515,24574,4522,15709,4186,1954,10439,118392,1229,833,27911,8689,41698,2598,3054,290,906,3467,2898,2504,11934,4009,31979,11078,1184,20494,7052,25612,1101,1412,3681,1496,25252,14761,7703,2126,2487,3909,3182,36039,70179,8640,36326,3989,85270,6211,13659,11971,7383,10833,6150,5962,10438,1929,2667,1047,3734,31245,7473,1786,2569,12911,6107,7452,2093,3512,4037,3715,6482,13162,6412,29261,3358,5413,6082,20713,5973,34636,34887,173376,38732,14335,27704,5471,17236,27952,6452,1809,16673,35712,3147,52401,4226,3348,10169,2109,14745,1783,12709,98192,6510,379,4505,11857,2732,7504,55401,13191,12824,6886,8646,5673,4578,3058,2612,12981,22898,4705,7409,9626,4976,1319,10251,6181,87558,5119,39170,18699,6510,63529,7636,55159,6208,20688,58278,6062,7130,58260,15340,9104,13240,10354,27902,5779,7352,3477,2088,105194,3910,59957,6329,9478,21893,33216,4944,6816,19638,15366,64093,6331,5588,3265,5873,4413,3891,111427,21869,843,21185,45165,13048,85216,4143,1005,6989,21414,7766,18549,10733,25834,41277,5765,638409,24952,4137
"hsa-miR-1246",12,35,0,64,185,32,211,51,20,16,73,21,57,0,81,83,75,0,31,48,39,36,0,451,299,27,29,18,10,286,26,110,18,42,10,16,0,12,26,13,324,52,45,18,0,41,0,27,0,56,31,52,26,24,156,122,121,37,14,113,38,34,34,67,12,0,362,88,80,35,134,28,17,0,39,14,0,43,27,73,13,54,24,68,29,22,73,44,189,43,35,23,76,17,54,83,152,65,23,62,65,141,58,15,125,14,140,35,32,38,38,97,52,60,75,22,37,128,31,84,23,41,76,60,50,19,78,84,85,27,54,264,69,16,50,26,46,56,18,45,24,14,35,16,55,107,14,27,56,46,18,17,38,25,31,32,0,18,36,39,19,59,16,12,0,344,71,0,41,42,20,0,20,15,0,32,28,25,19,27,16,0,10,26,25,39,0,56,12,11,10,37,54,41,31,36,15,12,0,0,24,17,21,68,39,26,55,99,10,67,10,18,18,19,21,58,65,49,10,75,188,36,39,15,20,23,31,16,16,232,17,55,13,22,130,50,44,24,30,159,282,14,50,45,27,30,15,32,163,17,72,21,48,38,153,17,224,43,67,173,0,29,33,36,16,26,20,8269,55,63,49,24
"hsa-miR-1255a",17,0,0,10,0,0,0,0,0,0,0,0,0,0,0,14,0,0,0,0,0,13,0,34,0,40,0,0,0,0,12,13,0,0,0,0,0,0,0,0,0,0,0,38,0,50,0,0,0,0,0,0,0,22,13,13,32,0,0,11,0,0,15,67,12,0,20,26,0,14,13,0,0,0,0,0,0,72,22,0,0,0,0,14,26,0,0,19,45,0,0,33,0,0,0,0,0,0,0,0,0,33,0,0,21,0,14,21,24,27,37,0,0,0,0,0,0,31,0,21,0,21,0,0,0,0,0,42,0,0,11,24,0,29,30,18,0,14,12,13,20,0,11,20,22,23,0,0,0,0,26,0,15,39,61,30,92,0,10,84,31,39,64,28,0,60,36,45,40,0,30,14,25,36,0,0,0,11,0,0,32,10,0,0,0,0,11,0,0,19,12,0,13,0,38,20,0,0,0,0,12,0,21,21,0,15,0,0,0,18,0,0,10,0,11,0,0,23,0,0,10,0,0,0,0,0,37,0,0,0,0,0,0,0,13,0,0,0,13,0,10,11,27,18,0,10,13,0,0,0,26,37,35,23,0,0,0,18,10,69,0,0,57,14,0,10,0,26,14,0,14,10
"hsa-miR-1268b",53,53,37,32,19,32,57,26,15,0,30,46,69,36,42,30,23,40,38,37,25,34,15,50,13,24,23,51,0,19,56,43,14,46,28,20,33,35,31,17,40,14,20,64,26,73,21,58,33,13,65,74,76,24,59,34,21,28,45,19,84,0,66,62,45,10,15,28,51,64,28,55,46,39,15,31,82,32,67,15,26,109,44,50,82,44,72,24,35,12,16,92,23,14,0,0,0,22,18,31,108,112,25,58,21,142,58,105,96,54,191,0,156,39,37,126,38,96,90,41,49,131,14,19,40,15,40,71,27,18,47,80,41,74,42,61,45,59,30,65,38,39,27,16,52,14,0,33,31,19,25,23,22,46,33,37,67,69,53,61,59,57,41,37,0,97,37,36,81,65,42,77,56,102,10,97,0,57,43,20,30,37,32,102,51,35,115,69,19,48,74,15,29,18,20,64,45,19,15,26,52,27,42,30,31,21,25,40,32,35,24,32,27,28,59,37,55,29,0,56,41,51,21,41,33,72,69,24,39,21,28,46,37,25,48,15,41,43,38,23,26,26,24,32,14,35,48,19,25,26,18,55,53,64,0,69,75,80,49,32,0,23,56,39,72,35,51,20,68,76,31,61
"hsa-miR-1287-5p",0,16,0,15,21,0,49,22,0,0,35,21,15,0,0,22,0,19,0,0,17,16,0,80,157,28,0,0,0,54,28,14,0,0,0,0,0,0,0,0,0,0,0,28,0,36,0,0,0,0,12,0,159,0,13,0,53,0,22,12,49,0,0,31,0,0,154,68,29,19,0,26,0,24,10,38,0,50,11,0,36,0,29,12,34,0,86,21,374,0,0,83,10,15,31,35,19,10,17,0,43,252,11,0,391,166,403,116,43,265,114,11,347,0,0,0,0,102,12,396,10,85,10,25,0,30,20,43,10,0,20,37,91,47,32,28,23,33,42,0,16,10,31,18,15,62,37,0,31,0,53,26,12,26,79,10,66,32,34,64,68,20,67,25,11,111,75,21,79,0,42,11,19,26,11,13,0,0,21,0,24,0,0,15,0,23,18,25,0,33,0,12,47,0,42,18,0,16,0,11,22,0,14,25,25,15,17,0,0,14,16,0,0,0,15,0,0,48,0,0,17,0,0,0,16,19,18,0,11,15,10,12,10,0,31,0,10,0,12,0,27,0,26,13,0,22,0,15,0,0,28,32,29,47,0,16,35,25,23,39,0,20,48,19,20,26,20,29,32,37,26,0
"hsa-miR-1292-5p",0,0,0,0,0,0,11,0,0,0,19,0,0,0,0,0,0,10,0,0,0,0,0,15,19,20,0,0,0,21,13,16,0,0,0,0,0,0,0,0,0,0,0,21,0,19,0,0,0,0,23,0,61,0,0,0,15,0,12,14,28,0,12,32,0,0,12,35,15,22,0,11,0,20,0,12,0,24,22,0,0,0,11,0,38,0,36,0,63,0,0,58,0,0,0,0,0,0,0,0,29,72,0,0,38,73,67,78,42,88,60,0,83,0,0,0,0,60,0,59,0,32,0,0,0,10,0,14,0,0,0,18,27,21,11,12,24,17,13,0,0,0,22,26,11,22,0,0,15,0,31,10,0,0,28,11,30,0,11,25,10,10,24,21,0,42,46,0,27,0,12,10,11,19,0,0,0,0,0,0,21,0,0,11,0,0,10,18,0,15,0,0,23,0,11,0,0,0,0,0,23,0,0,22,12,12,0,12,0,0,0,0,0,0,0,0,0,11,0,0,0,0,10,14,10,17,13,0,0,13,0,0,0,0,17,0,0,0,0,0,11,0,13,19,0,13,0,0,0,0,12,30,18,21,0,15,10,11,19,70,0,0,34,0,11,0,12,0,24,27,17,0
"hsa-miR-150-3p",0,12,0,0,0,0,13,0,0,0,14,15,0,0,0,0,0,15,0,11,0,17,0,0,10,28,0,10,0,0,12,0,0,17,0,0,0,0,0,0,14,0,0,14,0,22,0,0,0,0,60,27,14,0,0,12,19,0,37,0,40,0,0,13,10,0,11,16,27,34,18,37,0,31,0,0,14,49,56,0,0,16,0,17,32,16,52,0,31,0,0,43,0,10,0,0,0,0,0,0,28,12,0,0,0,18,19,58,48,12,13,15,43,0,11,0,20,60,0,34,17,54,0,0,0,0,0,15,0,0,14,15,25,45,21,24,12,17,14,11,0,0,10,0,21,16,11,0,0,25,10,0,12,16,32,19,23,22,12,0,20,22,22,24,0,11,38,29,14,17,18,16,0,14,0,50,0,22,26,46,40,25,17,35,0,19,25,69,0,15,0,25,50,12,33,30,19,0,10,19,32,23,19,47,19,26,43,25,13,32,34,22,30,11,36,0,16,34,14,11,69,28,30,0,19,49,70,0,59,57,30,25,14,25,61,20,21,34,33,24,43,12,108,55,48,11,28,22,24,25,26,22,32,30,0,24,30,19,54,13,0,23,27,25,32,58,29,26,23,76,78,30
"hsa-miR-17-5p",60,94,0,51,32,35,48,23,27,0,130,44,47,17,35,59,0,48,0,53,41,151,26,194,183,217,0,52,0,108,80,104,41,78,32,13,33,12,31,0,38,13,11,143,12,201,41,31,39,29,102,115,422,56,56,63,102,17,141,126,247,11,115,184,47,20,302,327,109,111,132,155,23,189,102,19,19,191,89,29,44,47,72,67,127,29,204,70,103,12,12,257,36,20,214,66,22,0,44,39,101,317,32,11,185,152,110,296,241,145,258,31,305,24,13,26,44,229,48,297,20,148,25,51,58,58,42,56,68,21,46,226,269,299,162,97,159,95,130,68,44,46,300,117,89,212,132,0,92,43,394,82,57,153,470,97,338,246,193,245,148,117,262,249,15,451,655,157,225,65,205,130,77,144,99,78,13,128,111,51,205,62,54,118,62,113,72,226,15,189,33,137,399,31,267,178,79,47,0,111,213,50,70,232,136,146,90,122,51,90,91,72,32,71,125,79,81,254,47,61,196,99,66,76,123,136,409,58,51,104,44,60,76,60,220,40,67,62,97,47,154,67,161,149,73,195,101,115,81,34,206,503,179,269,0,160,257,142,365,833,0,146,393,100,92,166,141,188,318,377,172,38
"hsa-miR-183-5p",13,12,0,10,16,14,0,0,0,0,32,0,16,0,0,11,0,0,0,0,0,12,0,90,33,29,0,16,0,30,23,11,0,15,12,0,17,0,0,0,20,0,0,12,0,28,0,0,0,0,19,11,32,0,10,12,22,0,17,20,38,0,0,45,13,0,49,32,13,36,0,15,0,20,0,0,0,20,27,0,0,51,16,19,37,0,38,12,78,0,0,74,18,10,70,13,10,11,0,20,56,20,10,0,31,67,15,135,93,63,66,16,99,18,0,14,19,99,0,37,0,41,12,12,34,38,0,42,13,0,26,114,32,79,23,36,14,19,41,42,0,23,29,47,83,34,13,0,54,0,70,14,31,22,67,12,34,85,44,17,26,70,38,48,0,81,91,38,77,13,80,83,20,35,17,39,0,61,63,14,24,27,24,24,14,0,18,78,0,22,24,43,81,26,61,48,78,13,0,48,128,23,31,71,38,36,25,79,27,46,48,50,22,22,36,22,58,76,11,43,52,59,35,69,47,52,89,30,49,79,25,33,29,23,75,21,91,24,35,21,137,20,79,75,53,65,47,51,25,13,91,78,118,88,0,116,174,84,134,1137,0,54,69,42,61,41,118,181,70,80,127,19
"hsa-miR-193b-5p",22,41,22,37,14,31,0,37,0,15,0,56,41,22,30,34,47,72,25,41,54,67,0,21,0,15,13,25,0,0,0,18,0,0,36,17,0,17,19,14,10,0,33,0,25,18,29,22,21,15,32,0,0,0,14,12,0,0,27,12,26,0,0,0,15,25,11,0,36,11,16,10,0,33,0,10,10,14,20,0,19,0,26,14,17,20,25,0,27,0,0,28,0,11,13,0,0,20,13,13,21,0,0,0,0,14,0,35,14,11,18,16,21,12,0,0,17,31,12,38,19,39,20,11,11,10,23,32,110,48,11,32,19,19,14,17,0,17,15,17,0,0,10,24,27,15,0,19,0,12,22,16,18,12,18,17,16,0,17,18,12,0,12,18,18,30,65,13,0,13,15,10,14,16,0,32,29,0,33,11,24,15,0,0,13,27,36,27,0,13,17,0,37,12,15,15,12,12,0,17,17,15,24,23,20,19,25,15,0,40,35,46,15,25,27,0,25,36,31,24,76,39,19,15,29,35,36,14,19,34,17,14,0,12,40,0,23,15,30,30,35,0,38,20,29,33,25,23,27,10,16,19,39,20,10,21,52,17,34,17,0,32,24,20,22,23,21,25,20,119,32,11
"hsa-miR-195-5p",20,14,0,0,14,0,17,0,0,0,62,22,0,0,0,0,0,18,0,13,15,33,0,35,45,13,0,10,0,25,14,22,23,13,11,0,10,0,0,0,10,0,0,11,0,22,0,0,0,0,18,0,28,17,0,25,23,0,35,22,37,0,0,13,0,0,45,32,30,13,0,11,0,15,0,0,0,26,0,29,0,16,0,10,15,0,21,26,41,0,10,31,15,25,43,26,19,37,39,32,35,23,0,12,49,14,40,45,20,15,20,24,39,14,13,0,26,45,16,79,23,45,28,17,27,0,41,29,24,12,24,86,71,36,92,36,23,19,43,36,0,0,51,12,31,63,32,0,50,37,58,0,29,37,49,17,35,37,27,23,37,25,110,29,0,56,87,49,64,36,64,25,0,40,26,45,15,44,90,55,42,61,49,162,16,47,31,53,0,27,15,74,247,35,88,84,52,71,28,118,40,21,49,168,68,90,38,85,20,94,97,38,38,58,64,68,61,110,36,33,273,99,32,42,62,195,202,39,54,174,26,104,52,62,181,15,53,52,50,16,195,20,190,121,37,61,51,96,65,22,65,99,45,156,0,76,243,37,207,26,0,68,50,65,36,202,47,98,58,228,156,31
"hsa-miR-196a-5p",0,0,0,0,0,0,0,0,0,0,20,0,0,0,0,0,0,0,0,0,0,0,0,67,15,11,11,0,0,0,0,20,12,17,0,0,0,0,0,0,130,0,0,0,0,0,12,0,11,0,19,19,0,12,19,10,10,0,27,24,13,0,16,25,25,0,14,19,11,11,0,11,17,14,0,0,0,22,33,0,0,0,0,19,21,0,19,0,15,0,11,0,14,0,11,18,11,0,0,11,19,0,17,0,0,0,24,24,0,17,0,13,37,0,0,0,15,31,12,13,0,19,0,0,0,13,0,14,0,0,31,0,34,11,31,12,19,18,23,25,11,12,28,12,14,26,0,0,34,0,17,16,14,42,19,0,36,10,12,13,19,27,36,20,11,11,10,30,0,13,15,0,11,12,0,41,0,25,20,30,59,14,22,17,10,15,21,14,0,23,0,17,79,12,23,27,0,0,0,19,37,0,15,29,0,23,28,18,10,31,40,13,12,0,73,0,40,44,22,14,141,25,0,0,16,61,23,19,17,74,18,30,17,0,134,15,0,33,41,15,11,22,74,110,0,20,12,53,10,14,17,26,18,51,0,19,58,21,77,15,0,14,30,31,15,21,12,22,20,73,33,37
"hsa-miR-203a-3p",17,16,10,17,425,33,13,71,21,10,178,0,12,0,0,0,20,0,0,19,12,11,0,438,285,18,0,15,0,45,0,147,18,19,15,22,0,0,0,0,41,35,0,0,0,0,0,0,0,30,12,0,71,71,52,538,118,43,20,378,24,22,10,59,0,0,21,41,192,10,27,0,0,66,25,18,0,55,36,256,0,21,0,144,15,31,13,59,115,208,115,16,155,109,269,882,1196,168,340,631,225,226,83,33,150,42,144,221,91,24,74,621,115,36,63,40,112,263,33,136,22,57,268,134,172,19,55,140,137,60,110,333,95,46,287,497,45,19,58,526,21,0,178,13,71,23,26,119,102,91,73,21,94,37,92,44,15,64,106,50,95,142,64,0,18,113,595,55,58,79,68,36,132,90,13,96,160,208,270,254,43,112,26,356,54,128,104,167,0,162,0,351,810,72,293,132,112,100,196,210,262,69,91,505,151,188,383,2353,79,392,151,92,62,80,79,633,307,570,51,337,265,141,77,368,91,296,226,116,47,589,65,277,99,167,1467,520,293,59,185,85,532,38,323,472,85,122,22,519,764,42,431,166,72,158,62,43,362,63,2528,83,0,637,75,114,38,280,39,36515,602,339,163,144
"hsa-miR-204-3p",0,13,0,0,0,15,0,0,0,0,0,0,0,16,0,0,0,12,0,0,0,10,0,0,0,28,0,0,0,0,0,11,12,0,0,14,0,0,0,0,13,0,0,31,0,20,0,0,0,0,23,22,10,0,0,17,0,0,0,0,21,0,12,0,14,0,11,12,12,34,20,14,12,18,0,15,0,12,0,0,25,0,0,27,43,0,12,14,47,0,0,29,10,0,0,0,0,0,0,15,16,30,0,0,0,28,23,56,36,13,23,25,47,14,15,17,0,26,0,48,0,47,0,10,0,0,0,10,0,0,23,37,13,41,22,19,15,0,20,40,0,0,0,0,0,14,0,11,36,0,24,10,18,49,23,0,33,27,19,46,15,10,44,14,0,35,38,12,21,20,28,23,20,21,0,41,0,0,19,0,39,28,0,41,10,0,14,26,0,22,0,14,33,14,12,35,17,13,0,0,11,19,28,40,13,50,12,24,0,76,21,19,68,18,36,0,30,21,22,40,60,27,20,14,0,21,16,0,31,37,38,15,0,30,47,10,16,46,12,21,53,22,44,19,22,22,17,22,0,0,14,36,47,48,0,33,30,33,24,11,0,0,16,15,14,25,15,18,23,44,30,12
"hsa-miR-214-3p",0,0,0,0,0,0,0,0,0,0,15,0,0,0,0,0,0,12,0,0,19,11,0,10,0,0,0,0,0,0,0,0,23,0,0,0,0,0,0,0,0,0,0,0,0,0,13,11,0,0,0,0,13,0,0,12,0,0,32,11,38,0,0,0,0,0,0,11,28,13,0,10,0,13,0,0,0,17,19,0,0,0,0,12,0,0,13,0,13,0,0,0,0,19,12,0,0,0,16,0,0,15,0,0,12,0,17,21,19,14,0,0,27,0,0,0,0,14,0,38,0,0,0,0,13,0,0,0,0,0,10,30,16,17,20,18,13,13,25,16,0,0,18,0,0,17,0,0,21,25,19,0,14,0,0,16,10,22,16,12,0,15,32,18,0,19,35,10,17,10,21,11,0,21,13,10,0,13,10,10,16,11,0,24,12,0,14,12,0,0,0,19,55,0,14,0,17,13,0,18,10,0,0,41,13,19,0,26,0,18,19,20,14,10,14,11,11,16,0,16,30,12,0,0,0,33,42,0,0,32,13,10,0,11,98,0,0,0,11,14,35,0,32,35,10,20,0,16,0,0,14,22,0,16,0,21,56,14,39,0,0,19,21,0,11,40,14,0,10,76,48,0
"hsa-miR-2278",0,0,0,0,0,0,15,0,0,0,10,10,0,0,0,18,0,0,0,0,0,12,0,23,26,12,0,0,0,0,13,10,0,0,0,0,0,0,0,0,0,0,0,22,0,25,0,14,0,0,14,14,102,12,0,0,19,0,0,11,37,0,12,34,0,0,20,37,21,11,0,30,0,37,0,19,0,29,0,0,14,0,0,0,20,0,61,0,79,0,0,17,0,0,11,19,0,0,0,0,0,114,0,0,84,68,121,40,15,68,23,0,77,0,0,0,0,41,0,65,0,34,0,0,0,0,0,14,0,0,11,0,57,26,16,13,28,17,16,0,0,0,18,0,18,31,13,0,11,0,35,0,0,17,48,21,39,11,0,46,28,0,35,17,0,47,43,15,34,0,0,0,0,21,0,0,0,0,0,0,0,0,0,0,0,12,10,14,0,11,0,0,18,0,23,0,0,0,0,0,0,0,0,16,12,0,0,0,0,0,0,0,0,0,0,0,0,10,0,0,0,0,0,0,0,0,18,0,0,0,0,0,0,0,10,0,0,0,0,0,0,0,0,0,11,27,0,0,10,0,16,28,15,22,0,10,13,0,16,24,0,0,17,0,0,0,0,11,22,32,13,0
"hsa-miR-27b-3p",20,34,0,16,84,12,15,24,0,0,74,15,17,11,0,0,11,21,0,13,17,29,0,122,165,47,0,16,0,72,10,66,37,14,0,0,12,21,12,0,18,27,0,24,0,38,14,16,16,12,30,16,87,18,10,132,64,0,40,137,43,13,30,33,0,0,101,89,44,10,23,34,10,37,40,11,0,41,33,73,11,12,13,50,47,27,33,37,95,53,21,54,52,24,119,194,231,29,66,131,45,147,23,0,190,85,120,166,88,78,177,106,213,20,11,12,46,179,23,170,0,92,89,58,39,10,24,42,26,33,21,135,86,54,74,38,38,25,20,67,0,0,81,17,34,100,44,48,17,51,75,13,27,39,110,17,67,52,46,51,38,30,80,30,14,94,114,38,42,35,55,20,45,33,34,62,46,44,107,49,76,24,29,112,48,31,31,102,0,61,0,89,471,25,82,55,39,53,30,37,65,44,44,126,31,61,86,223,23,103,90,51,42,49,58,165,66,124,14,63,153,80,49,65,42,123,173,37,54,129,11,64,30,43,318,45,59,31,70,34,151,28,140,108,66,40,41,101,143,19,113,148,53,120,12,54,143,35,413,63,0,108,77,27,43,136,39,1469,111,233,119,48
"hsa-miR-27b-5p",13,23,0,11,0,0,17,0,0,0,19,21,10,0,0,11,0,14,0,0,0,28,0,42,23,60,0,10,0,30,14,30,15,0,0,0,0,0,0,0,0,0,0,38,0,50,10,0,0,11,39,18,80,23,15,14,25,0,50,30,56,0,35,44,17,0,40,65,46,26,29,27,0,30,28,0,0,40,36,12,20,15,0,26,29,0,48,15,47,0,0,51,10,0,24,18,0,0,13,17,32,76,14,13,97,72,81,55,37,68,52,0,82,0,11,0,0,50,18,123,22,55,11,24,0,16,21,22,0,0,18,69,97,67,44,38,31,28,42,23,12,0,72,48,26,50,31,11,27,13,94,23,14,62,102,26,82,40,44,104,42,38,85,51,0,121,109,44,47,19,41,20,32,58,13,30,11,37,19,0,39,18,0,21,11,48,28,46,0,53,18,36,109,0,49,29,18,35,0,14,15,22,16,59,32,33,18,26,0,44,41,28,10,26,46,12,30,52,11,16,58,41,10,24,18,50,76,15,24,46,21,15,22,27,120,13,0,16,23,15,52,21,45,46,27,51,26,34,43,10,33,76,48,86,0,32,78,38,115,37,0,37,67,29,20,65,22,76,73,108,34,0
"hsa-miR-30b-5p",29,83,12,0,0,13,0,0,28,0,33,49,28,12,12,10,0,40,0,30,13,163,0,18,57,0,0,42,0,29,0,26,11,0,33,0,24,21,12,0,0,0,11,0,0,0,19,0,0,32,0,11,15,0,0,26,33,0,15,14,0,0,18,12,0,10,30,58,10,0,0,0,0,0,10,19,0,22,16,21,77,11,33,12,55,0,16,50,38,23,15,44,34,26,74,19,0,0,29,66,37,139,0,0,64,71,33,192,74,27,133,25,158,0,0,0,19,150,0,53,0,52,0,10,11,0,0,0,54,21,14,41,22,29,18,0,10,0,12,11,0,0,27,11,0,26,15,0,0,0,20,0,0,20,42,11,24,18,0,21,0,25,31,20,0,87,25,0,20,0,25,0,0,0,114,0,0,10,18,12,36,0,0,26,0,0,0,10,0,18,0,10,20,0,17,0,0,0,0,13,0,0,0,25,0,0,0,12,0,0,0,0,0,0,0,0,0,13,0,0,31,10,0,0,0,13,25,0,0,0,0,0,0,0,24,0,0,0,0,0,19,0,30,14,0,15,0,12,0,0,14,55,10,18,0,0,25,0,53,10,0,17,0,0,0,22,0,11,21,45,23,0
"hsa-miR-30c-2-3p",11,14,14,0,14,0,15,13,0,0,52,10,17,0,0,11,11,34,18,22,20,17,0,15,20,33,0,13,0,11,19,24,11,24,11,0,0,0,0,0,14,0,0,27,12,41,11,14,0,0,35,40,43,37,29,27,31,0,44,13,84,0,12,20,44,0,18,28,27,37,27,30,27,35,0,14,29,47,51,18,10,12,0,20,29,18,44,15,28,0,0,20,15,17,11,0,0,21,0,16,20,14,0,15,25,24,27,49,18,23,29,14,43,13,0,0,17,38,13,62,12,29,25,23,22,0,28,49,0,0,34,52,34,54,50,24,43,38,52,23,0,0,26,10,27,19,0,0,21,21,43,22,20,33,32,29,70,27,32,26,50,45,86,32,0,43,35,13,35,26,26,35,11,53,22,40,15,32,25,13,35,19,15,44,13,29,29,30,0,26,22,25,71,0,22,49,26,16,0,21,27,17,24,53,30,22,27,23,16,61,40,21,23,17,60,20,32,27,15,34,69,33,31,40,17,69,59,18,31,61,25,45,29,19,105,12,31,30,48,31,91,21,46,23,33,27,21,21,32,0,33,30,28,79,0,66,57,43,62,0,11,10,41,35,24,34,35,43,32,109,82,25
"hsa-miR-30c-5p",104,265,32,39,24,53,21,36,58,38,135,170,105,46,72,45,0,153,23,172,76,550,48,104,179,91,0,155,0,111,0,77,50,0,144,46,92,65,51,26,0,30,0,43,13,49,148,70,35,64,37,30,84,41,11,73,161,0,50,111,107,31,56,45,0,47,146,210,53,24,32,44,10,43,31,55,0,99,76,63,224,47,100,35,116,11,90,166,124,33,73,114,124,84,270,110,38,0,117,198,74,513,15,10,207,199,114,496,225,119,712,94,590,0,0,20,59,567,64,185,16,247,17,63,32,19,15,22,217,61,43,110,97,157,61,29,49,36,31,34,13,14,115,13,34,185,55,16,40,45,95,25,23,53,160,23,78,89,40,77,35,64,84,63,0,254,142,13,85,17,64,30,17,43,270,10,0,13,31,18,144,0,0,58,10,44,33,44,0,65,0,28,150,0,59,38,13,19,0,20,28,14,17,93,31,20,24,31,14,19,39,28,11,24,41,23,17,110,0,0,81,43,13,0,30,60,150,19,21,29,17,12,19,31,123,0,15,29,36,12,106,10,152,61,13,49,20,48,20,0,53,185,35,56,11,39,85,20,166,57,0,32,76,23,19,86,19,34,44,121,88,18
"hsa-miR-3135b",0,11,0,13,10,16,55,17,10,14,25,12,14,0,0,0,0,10,0,23,11,20,0,39,32,27,0,0,0,18,14,24,17,14,0,0,0,0,10,0,0,0,14,28,0,18,17,16,28,11,19,32,64,31,23,11,78,0,24,27,69,0,71,19,11,0,16,79,22,0,13,32,0,26,16,0,0,35,25,0,25,0,0,18,20,0,17,0,24,0,0,33,0,0,16,0,0,0,0,0,14,83,0,0,20,28,45,35,11,45,20,0,43,0,0,0,10,26,13,118,19,59,0,32,0,0,11,0,21,0,0,0,29,46,17,16,17,12,38,17,24,0,0,40,14,25,13,0,0,10,22,15,0,24,58,0,32,15,10,25,17,22,22,41,0,31,32,25,13,0,0,0,0,13,11,26,0,0,0,0,12,0,0,0,0,22,0,0,0,18,0,0,0,0,22,15,11,0,0,0,0,0,11,20,16,11,11,11,0,0,0,0,0,0,13,0,0,25,0,0,18,0,0,0,0,0,19,0,0,0,19,0,11,0,0,11,0,0,0,0,0,0,18,15,0,16,0,0,0,0,11,13,31,33,0,0,13,0,31,0,0,0,44,20,17,12,0,24,11,25,12,0
"hsa-miR-3196",13,28,0,21,0,31,25,0,11,13,26,23,38,20,13,22,12,25,17,41,26,27,11,25,16,35,0,13,0,15,31,18,20,34,0,25,0,26,0,0,23,0,0,41,0,48,11,18,16,0,50,32,42,37,25,33,35,29,40,24,43,0,41,40,27,0,26,45,52,46,15,79,21,75,23,29,21,78,41,0,18,15,11,15,33,16,87,13,76,0,0,20,0,0,0,0,0,0,13,18,37,36,15,10,11,40,33,99,55,40,34,12,81,27,29,11,35,63,25,110,15,85,13,52,11,17,20,28,19,0,22,36,17,44,33,37,39,60,48,32,20,15,13,0,28,42,0,17,10,19,20,19,41,16,44,10,35,26,31,19,23,18,17,112,0,41,69,48,30,22,20,0,21,33,16,53,0,25,15,0,42,12,28,34,17,44,19,66,23,21,11,28,28,0,36,22,36,16,0,31,51,39,23,50,15,47,23,24,31,45,34,34,52,15,52,0,26,49,24,29,69,20,61,24,16,46,36,15,60,65,51,35,23,45,84,41,24,91,36,35,33,11,90,41,41,20,38,22,15,18,29,35,74,42,0,40,42,27,31,14,0,12,56,49,57,50,50,43,36,49,72,42
"hsa-miR-3200-5p",0,0,0,10,0,11,12,0,0,0,26,0,10,0,0,38,0,0,0,0,18,0,0,37,21,11,0,0,0,38,31,11,12,22,0,0,0,0,0,0,10,0,0,15,0,27,0,0,0,0,20,11,41,0,0,13,18,0,17,13,32,0,0,45,11,0,52,12,15,17,14,20,18,13,0,0,0,35,19,0,11,17,0,16,53,0,127,12,49,0,0,163,15,20,24,18,0,0,0,0,40,77,0,0,43,101,45,128,56,54,118,0,113,0,0,0,0,190,0,80,0,49,0,0,11,0,10,20,0,0,23,45,29,46,0,23,14,37,22,20,0,0,17,0,35,32,0,0,29,0,21,14,23,12,31,18,25,28,25,11,26,16,28,23,0,18,45,0,40,0,36,32,0,20,0,0,0,25,16,0,0,19,14,18,15,0,11,26,0,20,0,16,14,0,27,17,32,12,0,13,59,0,17,57,39,18,0,11,0,11,0,34,0,0,17,0,15,0,0,0,35,10,0,0,32,25,24,14,17,16,0,0,18,12,31,19,25,14,27,15,19,13,15,24,18,20,16,14,11,0,59,28,71,27,13,59,34,32,12,239,0,0,37,10,14,19,39,15,34,43,28,0
"hsa-miR-320e",14,16,11,17,12,11,26,14,0,11,22,16,19,0,13,14,0,14,0,0,13,17,0,31,24,82,0,0,0,14,47,39,28,21,0,10,12,10,13,0,37,0,0,100,0,102,12,17,18,10,38,70,71,25,33,29,43,0,55,15,75,0,69,75,33,0,37,49,44,68,46,53,39,44,0,33,20,50,43,0,42,24,20,27,80,23,74,21,114,0,0,76,0,0,14,19,0,18,12,0,31,171,0,0,88,198,105,65,39,139,96,0,155,10,0,0,17,75,13,101,16,87,0,0,0,0,12,50,13,0,34,46,61,62,58,35,40,41,62,30,48,47,28,66,63,64,0,0,27,17,91,27,21,79,56,38,87,32,48,66,62,38,65,50,12,48,75,49,65,23,35,29,43,56,0,38,0,43,27,19,42,34,0,33,23,58,39,40,0,36,25,23,53,0,24,33,18,19,0,19,25,13,25,33,33,21,28,26,17,36,22,25,16,13,24,14,38,28,0,18,39,23,15,19,29,28,42,22,36,32,31,20,13,13,67,30,22,16,37,26,50,26,25,25,37,37,30,21,25,0,48,42,46,59,11,42,49,32,62,85,11,23,74,41,31,34,45,73,77,66,63,18
"hsa-miR-323b-3p",0,0,0,0,0,0,0,0,0,0,14,15,0,0,0,0,0,0,0,0,0,29,0,0,0,50,0,0,0,0,0,13,0,0,0,0,0,0,0,0,0,0,0,20,0,17,10,0,0,0,0,0,23,11,0,12,36,0,19,0,28,0,0,0,0,0,23,31,11,0,20,20,0,0,0,0,0,0,0,0,0,0,0,0,10,0,12,0,42,0,0,0,0,0,19,18,0,0,0,0,13,24,0,0,10,47,33,49,22,29,53,21,31,0,0,0,0,41,0,40,0,65,16,10,0,0,0,10,0,0,0,24,23,100,22,43,20,0,0,0,12,0,71,0,0,14,29,0,0,0,44,22,16,16,178,11,11,17,19,11,23,0,0,43,0,0,39,26,59,0,53,0,0,12,0,0,0,36,13,0,28,0,0,0,0,14,0,50,0,40,0,13,39,0,57,30,0,10,0,21,12,0,0,17,41,35,0,0,0,0,0,0,0,0,0,0,0,60,0,0,21,0,16,0,0,0,67,0,0,0,0,0,0,0,0,0,0,0,0,0,0,0,13,0,0,18,11,17,14,0,38,136,0,46,0,12,37,29,26,0,0,22,31,0,0,29,16,36,59,11,0,0
"hsa-miR-339-5p",10,21,0,0,0,0,0,0,0,0,13,11,0,0,0,0,0,10,0,15,0,42,0,24,36,25,0,13,0,11,0,19,0,0,0,0,0,0,13,0,0,0,0,10,0,0,10,0,11,10,13,0,22,10,0,15,35,0,19,24,25,0,0,0,0,0,19,26,14,0,0,0,10,0,12,36,0,10,0,0,53,0,25,0,35,0,11,26,144,0,0,63,11,12,26,0,0,0,0,35,102,381,0,10,109,301,169,177,120,124,173,20,287,0,0,0,21,148,28,132,0,206,0,25,0,0,0,0,32,0,19,39,32,78,25,16,0,22,10,27,0,0,25,0,0,74,22,0,0,0,26,0,14,17,88,0,39,15,12,24,0,14,19,30,0,86,41,0,34,0,26,26,28,14,41,0,0,0,10,0,88,0,0,15,0,21,12,26,0,32,10,16,22,0,0,17,0,0,0,0,0,0,0,23,0,0,0,0,11,0,11,0,0,0,13,0,0,22,0,0,22,12,0,0,0,25,35,0,0,0,0,0,0,0,21,0,0,0,10,0,11,0,48,20,0,0,0,10,0,0,22,83,0,35,0,12,12,0,88,10,0,16,41,0,0,35,37,20,24,81,0,0
"hsa-miR-34a-5p",0,0,0,0,20,0,0,0,0,0,21,0,0,0,0,0,0,10,0,0,0,0,0,23,28,0,0,0,0,23,0,0,0,0,0,0,0,0,0,0,0,0,0,0,0,11,0,0,0,0,0,0,13,0,0,0,0,0,17,0,21,0,0,0,0,0,40,28,21,0,0,0,0,0,0,0,0,0,0,21,0,0,0,0,10,0,0,15,26,13,14,25,12,19,159,26,26,0,15,43,12,41,13,0,54,34,43,87,37,34,49,17,70,0,0,0,0,20,0,89,13,27,12,17,0,15,0,13,0,0,12,39,30,27,23,0,0,0,19,30,0,0,19,13,13,44,17,0,28,10,17,10,14,33,15,0,10,33,34,10,0,24,49,20,0,91,142,31,42,29,26,29,0,24,0,27,35,18,79,36,30,53,52,136,0,0,40,37,0,21,0,88,240,40,49,57,55,43,10,47,29,20,34,90,94,94,34,60,28,79,80,78,21,67,22,57,56,66,32,66,174,77,21,48,65,79,123,43,34,78,25,37,17,37,288,0,64,43,55,19,177,16,88,100,49,52,25,64,57,14,81,107,54,125,0,111,175,24,128,26,0,79,57,31,25,132,44,264,47,691,48,38
"hsa-miR-363-3p",0,0,0,0,0,0,0,0,0,0,27,10,0,0,0,0,0,0,0,0,0,18,0,19,26,0,0,0,0,26,0,0,0,0,0,0,0,0,0,0,0,0,0,0,0,0,0,0,0,0,10,0,15,0,0,0,16,0,0,0,0,0,0,0,0,0,41,13,0,0,0,0,0,0,10,0,0,15,20,0,10,0,23,0,14,0,12,10,35,0,0,43,0,0,51,0,0,0,11,0,38,69,0,0,63,38,46,132,68,23,71,0,126,0,0,13,0,70,0,74,0,37,0,0,22,0,0,0,13,0,0,33,11,33,0,0,0,0,0,0,0,0,13,0,0,15,0,0,0,0,13,0,0,16,31,0,20,25,11,0,15,12,20,0,0,28,24,0,16,0,24,20,0,20,20,0,0,0,0,0,22,0,0,26,0,0,0,32,0,13,0,13,30,0,10,10,11,0,0,0,17,11,0,41,10,15,12,25,0,16,0,10,0,11,0,11,0,23,0,0,23,10,10,0,17,30,27,10,13,26,0,11,11,17,18,0,10,10,11,20,26,0,24,38,0,12,12,12,14,0,15,29,0,26,0,17,30,0,22,131,0,23,24,0,12,20,17,15,14,36,34,0
"hsa-miR-3656",27,30,0,27,0,10,44,14,0,10,16,10,15,0,0,11,0,25,0,36,10,13,0,40,31,42,0,28,0,18,18,28,13,26,0,0,0,16,0,0,30,0,10,39,11,69,10,19,17,0,41,24,64,26,26,30,38,0,54,33,79,0,35,59,13,0,23,49,44,36,45,30,20,35,27,14,20,65,23,21,0,33,14,68,39,19,63,30,55,0,0,86,11,43,22,20,0,0,24,56,106,357,26,25,37,104,52,104,124,56,140,37,143,25,28,20,31,147,85,243,69,94,71,44,36,0,23,50,29,12,46,133,37,105,67,59,54,33,39,57,21,0,57,25,46,34,16,30,12,69,40,35,20,54,79,22,83,57,49,54,43,47,75,73,0,139,79,56,62,72,52,47,26,24,14,70,25,75,32,30,88,0,15,71,53,44,54,57,0,63,58,47,54,12,40,85,32,33,14,50,81,28,65,53,79,50,30,72,24,96,31,19,54,29,46,47,31,97,26,48,65,28,46,19,42,70,57,32,66,52,50,83,33,30,64,24,23,65,51,82,52,52,63,51,52,62,44,44,59,23,55,57,117,159,0,108,60,46,86,97,0,24,94,90,76,48,113,61,64,129,43,57
"hsa-miR-374a-5p",0,0,0,0,15,0,17,0,0,0,63,11,0,0,10,0,0,10,0,11,13,30,0,63,114,14,0,0,0,49,0,29,14,0,0,0,0,0,0,0,0,0,0,16,0,15,0,0,0,0,12,11,53,12,0,16,23,0,11,18,30,0,17,0,0,0,103,111,18,0,0,10,0,20,22,0,0,17,0,12,0,10,0,0,0,0,25,15,17,0,0,18,0,26,106,20,0,0,0,25,20,42,0,0,46,14,19,49,23,0,0,16,36,0,0,0,26,35,0,20,0,17,0,20,23,0,0,13,24,0,10,33,63,63,54,20,20,14,19,15,15,0,51,0,0,41,23,0,22,0,62,12,14,40,92,0,28,24,18,16,16,10,105,27,0,41,114,25,70,13,32,14,14,22,0,15,0,40,57,26,24,21,21,38,11,44,10,83,0,15,0,37,105,13,77,66,20,27,0,41,33,10,32,67,28,49,23,30,15,21,33,31,0,22,19,23,17,92,14,14,67,35,13,0,24,44,86,14,0,30,12,21,19,12,76,23,0,19,23,0,59,14,72,51,0,89,23,42,19,0,32,197,35,95,0,34,61,12,142,95,0,43,75,22,23,77,29,77,67,74,58,16
"hsa-miR-375",0,0,0,0,45,0,0,0,0,0,67,0,0,0,0,0,0,0,0,0,0,0,0,0,0,0,0,36,0,15,0,0,32,0,0,0,0,0,0,0,0,0,0,0,0,0,0,0,0,0,0,0,10,0,0,0,0,0,0,0,0,0,0,0,0,0,10,0,10,11,0,0,0,0,0,0,0,0,0,0,0,0,19,0,35,0,0,12,71,0,18,12,0,12,276,19,16,53,0,40,38,16,0,0,26,10,20,41,21,22,25,33,30,0,14,0,0,23,0,26,0,31,0,0,0,0,37,25,0,35,17,22,0,12,18,0,12,11,0,0,0,10,0,0,12,12,0,10,37,10,0,44,0,0,0,31,0,0,16,0,0,12,16,0,0,22,97,14,15,22,23,12,35,22,0,0,11,0,25,22,13,12,22,46,0,0,54,0,0,0,0,0,11,41,21,14,0,24,0,24,0,0,0,33,0,23,12,13,0,17,26,46,0,28,14,23,31,27,89,10,44,28,30,0,40,10,11,39,15,11,13,11,0,0,50,28,45,27,15,15,16,0,161,26,0,73,0,30,0,0,22,13,31,10,0,12,63,13,24,20,0,35,13,34,30,28,22,68,0,226,15,0
"hsa-miR-376a-3p",31,17,15,94,36,51,40,57,0,18,146,95,80,26,51,169,0,55,0,47,70,176,0,403,125,100,0,44,0,106,100,75,55,73,0,0,10,0,35,0,0,0,0,137,0,147,23,29,21,10,39,36,656,178,79,41,385,12,66,39,135,0,59,112,14,11,935,395,52,35,22,76,29,132,24,0,20,102,26,35,0,21,0,37,63,38,141,40,231,0,0,25,0,33,149,113,35,25,47,15,27,116,51,0,101,77,119,87,21,106,120,63,243,13,0,0,19,137,15,119,22,134,35,87,48,18,18,58,17,0,34,88,496,397,182,106,197,25,38,18,45,0,241,239,40,167,121,12,61,22,277,162,87,71,452,26,265,44,49,157,224,26,35,89,56,51,201,66,248,25,207,24,115,70,12,12,0,68,28,0,72,0,0,31,12,187,0,98,0,117,25,18,62,0,347,35,0,29,0,51,30,11,0,65,90,60,15,13,0,13,0,0,11,0,12,0,10,63,22,0,57,0,17,13,10,10,113,0,14,19,16,13,13,0,49,0,11,0,13,0,0,14,89,23,0,143,0,47,19,0,125,123,53,113,0,33,59,58,34,14,0,47,90,42,0,41,16,137,185,19,16,0
"hsa-miR-379-5p",0,0,0,0,0,0,0,0,0,0,0,0,0,0,0,0,0,0,0,0,0,12,0,23,0,37,0,0,0,0,16,0,0,0,0,0,0,0,0,0,0,0,0,23,0,38,0,0,0,0,24,0,57,0,0,0,38,0,21,0,27,0,0,16,0,0,48,27,14,13,22,27,0,23,0,0,0,10,0,10,0,0,0,0,0,0,16,11,18,0,0,0,0,0,21,0,0,0,0,0,0,0,0,0,0,14,0,10,10,0,25,0,26,0,0,0,0,29,10,22,0,28,10,10,0,0,0,11,0,0,0,18,88,87,30,27,34,20,0,0,19,0,107,49,11,24,43,0,0,0,82,27,12,20,140,11,54,25,22,31,63,12,0,60,14,22,90,36,62,0,47,0,27,22,0,0,0,36,13,0,24,0,0,0,0,36,0,49,0,37,10,13,25,0,79,24,0,0,0,25,17,0,0,29,34,20,0,0,0,0,0,11,0,0,0,0,11,91,0,0,24,0,0,16,0,0,71,0,0,0,0,0,0,0,30,0,0,0,12,0,0,0,20,13,0,36,0,28,0,0,77,67,29,23,0,11,39,35,24,0,0,16,46,10,10,29,0,66,63,0,12,0
"hsa-miR-381-3p",0,0,0,0,0,0,0,0,0,0,20,0,10,0,0,0,0,0,0,10,0,23,0,38,16,13,0,0,0,10,0,16,0,0,0,0,0,0,0,0,0,0,0,41,0,15,0,0,0,0,0,0,33,11,14,0,45,0,27,0,17,0,11,0,0,0,60,31,11,0,16,0,0,18,30,0,0,0,0,0,0,0,0,0,0,0,10,12,24,0,0,0,0,0,17,15,0,0,0,0,0,34,15,0,0,16,10,11,20,28,46,0,47,0,0,0,0,51,0,45,0,27,0,39,0,0,0,0,0,0,11,18,54,61,22,18,20,14,0,0,0,0,48,0,0,14,19,0,0,0,49,11,13,17,106,17,33,28,14,23,50,0,0,31,0,15,77,24,40,0,33,0,34,0,0,0,0,23,13,13,16,0,0,15,12,35,0,51,0,19,17,21,40,0,74,0,0,15,0,25,16,0,0,31,32,16,0,0,0,0,0,0,0,0,0,0,10,58,12,0,18,0,0,12,13,0,50,0,0,16,0,0,0,0,23,0,0,0,0,10,10,0,24,14,0,43,0,13,14,0,71,89,34,49,0,13,28,29,18,0,0,33,29,21,16,20,12,78,40,27,11,0
"hsa-miR-424-3p",0,10,0,10,25,0,12,0,0,0,70,16,19,0,0,21,0,17,0,16,20,34,0,51,63,42,0,0,0,55,18,20,21,16,0,0,12,0,0,0,0,0,0,25,0,24,0,11,0,0,39,33,100,12,13,18,42,0,46,20,67,0,24,23,12,0,106,68,67,34,20,43,15,48,15,18,11,51,39,16,12,0,10,22,29,0,78,30,78,12,21,38,21,19,132,27,19,16,13,12,24,91,0,0,94,46,70,65,23,28,82,15,78,15,18,12,23,89,12,77,17,77,13,20,0,32,29,38,0,0,23,132,70,85,47,33,60,36,56,19,12,22,66,32,27,121,35,13,57,0,77,32,30,37,70,36,59,73,46,31,26,39,65,40,22,98,190,63,31,35,46,33,20,76,27,44,18,72,82,56,51,42,29,89,35,37,51,105,0,39,16,70,127,16,64,81,44,21,10,70,54,48,49,108,47,96,61,73,33,35,58,49,49,40,74,51,49,56,35,48,115,86,42,52,67,103,156,39,46,119,54,74,38,29,174,34,42,48,86,34,99,32,83,73,45,87,43,50,41,15,66,68,77,138,0,124,153,48,137,136,0,65,117,46,47,103,66,50,109,255,120,62
"hsa-miR-4429",28,27,14,48,19,29,52,23,17,22,26,25,39,13,31,48,12,16,23,10,16,23,22,60,38,162,0,20,0,21,110,100,45,86,11,0,18,13,22,0,61,0,18,320,11,267,20,47,57,13,99,215,124,67,78,38,88,25,128,38,121,0,167,151,97,0,50,102,85,147,116,132,98,93,43,70,64,123,103,10,85,70,34,85,237,64,118,31,228,11,0,156,26,0,24,35,0,34,21,11,94,380,10,0,147,435,147,148,97,296,235,12,382,24,26,15,23,167,31,168,31,144,23,25,22,26,22,93,12,0,110,84,124,106,80,78,60,102,150,71,122,145,47,144,163,155,0,16,60,29,196,67,18,132,139,85,200,83,85,167,127,79,153,121,34,127,140,129,171,45,75,47,93,111,0,67,14,100,45,39,78,48,0,61,47,117,79,93,25,76,63,35,104,13,46,39,22,27,0,49,60,16,45,52,55,51,41,39,29,73,20,56,19,0,70,21,38,41,10,13,36,26,52,50,49,50,95,32,38,30,57,47,10,27,94,41,58,27,65,48,61,36,36,18,73,41,70,32,45,12,78,76,101,114,31,68,62,74,118,153,25,40,122,68,40,29,81,105,170,103,104,43
"hsa-miR-4433b-3p",186,125,22,22,15,120,269,41,125,21,86,0,0,0,31,32,0,71,0,72,21,0,51,216,90,352,0,37,19,25,0,348,103,0,26,0,45,0,57,0,59,35,13,803,0,350,23,53,171,47,98,94,358,246,283,80,494,45,0,207,0,12,615,271,75,28,40,406,0,113,136,192,69,133,394,756,59,486,358,365,461,111,86,112,1127,83,192,1060,593,78,48,0,188,164,133,309,43,21,100,324,224,5453,133,0,94,0,505,0,331,926,780,71,1699,20,0,48,125,664,255,518,136,1325,82,445,36,19,47,229,77,23,106,141,501,379,0,157,144,266,139,0,455,130,295,314,282,272,126,35,35,43,0,156,84,1099,1292,311,502,386,338,1129,134,106,544,401,24,816,518,201,551,63,262,52,846,367,74,63,10,309,52,53,204,0,46,20,53,896,373,185,88,410,196,17,89,31,227,317,0,0,0,73,142,35,184,61,216,75,84,0,22,158,22,34,23,40,49,0,30,155,27,61,57,0,122,84,58,28,288,13,10,36,41,17,43,0,24,65,0,44,37,48,42,112,71,28,20,367,64,35,117,0,197,0,112,264,0,30,0,343,235,328,0,152,390,61,105,162,69,224,710,335,45,34
"hsa-miR-4446-3p",25,18,0,0,0,0,20,0,17,0,0,19,20,0,11,19,0,17,0,13,0,21,16,15,17,65,0,17,0,0,11,22,0,15,0,0,12,0,0,0,0,0,0,141,0,66,18,21,17,12,31,47,82,17,25,10,34,0,44,0,91,0,26,56,15,0,16,45,18,27,30,48,10,44,23,0,21,46,28,0,25,13,24,12,26,14,57,22,48,0,0,35,0,0,0,26,0,0,13,0,0,61,0,0,18,59,25,49,16,66,77,0,49,0,0,0,0,35,11,53,0,58,0,10,0,0,0,17,16,0,0,27,72,65,22,15,43,46,39,15,38,11,50,89,53,38,29,0,0,0,54,19,0,60,131,25,125,29,14,187,25,34,52,66,0,102,145,65,56,10,21,14,26,36,14,0,0,52,0,0,37,0,0,0,20,51,17,34,0,53,15,0,32,0,22,54,0,11,0,0,11,14,16,21,29,11,0,12,0,0,0,0,0,0,18,0,0,23,0,13,0,10,0,0,0,12,30,0,0,0,18,0,12,0,10,11,0,0,28,0,18,0,12,0,0,21,13,12,15,0,21,90,56,57,0,11,20,41,31,34,0,11,136,11,16,12,11,15,53,48,0,0
"hsa-miR-4454",14,11,0,0,0,0,0,0,0,0,48,18,0,10,0,0,0,28,0,20,12,34,0,25,61,13,0,12,0,50,0,0,21,0,12,0,0,0,0,0,0,0,0,0,0,12,19,0,13,0,20,0,25,0,0,32,32,0,46,11,39,0,0,0,0,0,67,13,52,0,10,10,13,17,0,37,0,19,19,13,35,0,17,0,41,0,15,29,171,0,13,100,16,16,101,0,0,0,23,45,74,197,0,0,181,136,132,405,159,151,245,14,266,0,11,23,12,234,15,368,13,189,0,17,10,27,0,15,45,19,18,118,69,59,23,25,14,22,21,19,0,12,25,0,20,55,38,0,26,25,61,26,20,25,38,23,14,24,26,13,23,27,58,53,0,77,85,12,0,16,27,20,0,30,70,33,0,12,20,17,60,0,17,36,0,22,24,0,0,25,0,17,40,0,43,13,15,12,0,23,11,14,17,73,24,29,24,24,0,29,39,0,0,27,27,0,21,48,0,26,85,51,0,14,18,65,77,0,11,39,0,0,0,23,82,0,13,20,12,0,33,0,70,46,0,10,13,18,0,0,14,21,12,21,0,20,58,0,57,0,0,14,27,14,0,36,26,22,28,105,41,17
"hsa-miR-4492",15,26,20,31,0,16,44,24,0,10,38,19,17,21,0,26,0,11,12,38,26,35,0,65,38,57,10,12,0,50,17,16,25,21,0,17,0,19,0,0,19,14,0,21,0,40,33,19,15,19,51,35,59,22,14,37,48,18,36,43,74,0,54,46,19,0,42,57,57,40,29,59,34,65,20,24,12,96,27,12,20,19,0,34,31,29,64,33,112,13,13,76,15,0,17,0,0,17,0,35,41,29,0,18,38,54,50,194,85,60,45,44,91,23,52,0,38,112,41,162,25,119,32,59,19,21,29,31,21,11,37,43,34,69,35,52,22,56,63,34,19,10,18,33,57,73,0,25,21,46,33,66,37,26,52,17,52,37,33,27,17,25,29,93,26,96,71,64,32,40,34,29,28,29,17,55,20,12,31,28,64,18,22,43,29,49,17,60,17,33,19,43,38,17,40,18,35,182,0,32,33,23,19,72,37,65,43,39,48,28,33,29,49,26,54,15,40,38,31,38,91,29,49,18,25,57,48,13,55,98,51,47,19,56,99,21,44,67,44,28,35,19,100,53,45,16,47,50,15,13,28,39,41,43,0,40,52,22,46,11,0,26,62,53,35,46,46,30,30,78,67,62
"hsa-miR-4532",11,28,0,48,79,25,101,128,0,13,80,18,21,26,26,47,21,18,21,37,50,42,0,96,79,28,0,14,0,124,37,21,24,39,15,16,10,24,14,11,42,0,46,20,0,18,26,15,23,0,49,41,46,18,33,52,56,23,37,33,84,0,36,17,19,0,128,121,74,40,30,38,27,68,15,60,15,50,34,33,16,16,12,37,48,29,63,23,127,10,14,91,24,25,48,34,21,18,30,42,54,72,26,13,95,77,129,213,104,82,67,47,217,51,81,34,36,144,63,194,38,126,50,70,46,49,40,50,53,28,26,42,54,77,55,40,46,57,62,31,19,0,42,15,12,126,13,61,64,103,19,16,37,22,25,26,25,37,30,38,27,28,37,93,0,310,87,95,30,27,35,34,31,43,22,90,50,45,47,25,51,13,38,54,43,56,17,106,21,21,23,65,36,14,74,32,44,36,27,71,57,50,48,90,44,83,48,52,42,63,50,55,67,41,120,43,36,90,29,36,162,69,50,25,20,94,66,27,93,124,56,68,21,83,210,29,79,75,48,55,43,22,131,95,62,50,56,59,21,24,45,62,70,45,0,62,60,31,78,19,0,56,87,74,50,71,94,130,41,96,119,45
"hsa-miR-4665-5p",11,14,0,21,0,0,23,0,0,0,0,10,0,0,0,16,0,0,0,0,0,17,0,12,0,16,0,0,0,0,22,0,0,13,0,0,0,0,0,0,0,0,0,28,0,38,0,0,0,0,18,20,109,17,15,0,40,0,24,10,43,0,17,70,13,0,11,30,30,10,11,28,0,22,0,10,0,32,0,0,16,0,17,0,14,0,51,0,30,0,0,23,0,0,0,0,0,0,0,0,10,66,0,0,32,34,37,16,0,31,38,0,32,0,0,0,0,22,0,17,0,21,0,0,0,0,0,0,0,0,0,11,27,24,21,12,29,15,11,0,13,0,36,21,12,27,11,0,0,0,40,11,0,19,44,0,59,12,10,66,21,19,39,27,0,36,29,12,49,0,11,0,17,21,0,0,0,11,0,0,17,0,0,0,0,13,12,0,0,20,0,0,0,0,24,0,0,0,0,0,0,0,0,0,0,0,0,0,0,0,0,0,0,0,0,0,0,12,0,0,0,0,0,0,0,0,11,0,0,0,0,0,0,0,0,0,0,0,0,0,0,0,0,0,0,0,0,0,0,0,10,22,12,23,0,0,0,0,10,11,0,0,24,0,0,0,0,0,32,13,0,0
"hsa-miR-4710",11,16,0,29,0,0,60,16,0,0,16,11,23,0,17,11,0,10,0,16,0,18,0,30,35,32,0,11,0,0,0,17,21,0,0,0,0,0,0,0,0,0,0,23,0,15,0,15,12,0,32,14,96,14,19,0,62,0,24,53,47,0,17,30,11,0,10,49,14,18,11,23,0,30,19,11,0,13,17,12,0,0,0,15,17,18,19,15,23,0,0,22,0,12,22,14,0,0,18,0,0,79,0,0,28,36,27,27,0,70,20,0,40,10,12,0,19,20,0,51,64,24,37,11,10,0,29,32,44,0,13,21,51,29,10,14,20,15,28,23,13,0,41,21,31,42,21,18,0,36,58,0,0,19,50,17,50,21,33,46,21,0,32,34,0,99,49,19,34,0,0,0,14,16,0,0,0,21,0,0,38,0,0,0,0,30,14,16,0,25,15,0,22,0,11,14,0,0,0,0,23,0,11,29,26,11,12,0,0,12,13,0,0,0,10,0,0,22,0,0,0,0,0,10,0,11,35,0,0,0,0,0,0,0,0,0,0,0,0,0,0,0,14,17,0,11,0,0,0,0,0,36,22,16,0,0,12,12,29,0,0,0,75,0,0,0,13,0,26,22,11,0
"hsa-miR-4750-5p",11,10,0,0,0,0,20,0,0,0,0,0,0,0,0,0,0,0,0,0,0,0,0,12,0,34,0,0,0,0,11,13,0,0,0,0,0,0,0,0,0,0,0,56,0,23,0,0,0,0,11,26,37,0,0,0,0,0,18,0,32,0,0,24,0,0,0,10,20,0,15,19,0,11,11,15,0,19,0,0,15,0,10,0,26,0,24,0,33,0,0,27,0,0,0,0,0,0,0,0,22,55,0,0,24,75,28,28,25,37,25,0,33,0,0,0,0,18,0,22,0,32,0,0,0,0,0,11,0,0,0,0,19,18,17,14,21,13,13,0,13,13,19,30,18,22,13,0,10,0,29,10,0,19,29,0,32,10,0,39,0,20,24,19,0,50,17,15,22,0,15,0,23,0,0,0,0,0,0,0,13,0,0,0,0,17,0,0,0,21,0,21,0,0,0,0,0,0,0,0,0,0,0,0,0,0,0,0,0,0,0,0,0,0,0,0,0,13,0,0,0,0,0,0,0,0,0,0,0,0,0,0,0,0,0,0,0,0,0,0,0,0,0,0,0,10,0,0,0,0,0,10,0,20,0,11,0,0,10,12,0,0,27,12,0,0,0,0,26,11,0,0
"hsa-miR-483-5p",48,83,19,15,18,20,18,18,61,55,54,30,51,13,14,0,13,40,28,69,11,40,36,70,30,191,33,25,12,20,33,145,75,35,80,51,86,39,35,22,168,36,16,147,41,125,76,44,31,13,207,191,43,94,104,102,85,29,339,66,365,58,50,66,214,31,15,49,176,144,264,154,67,99,31,123,131,217,347,50,212,363,77,341,393,110,79,137,62,65,41,248,173,81,13,22,0,27,126,147,239,125,38,90,21,123,56,283,394,151,251,75,269,50,88,38,94,157,87,223,126,348,52,105,44,0,89,150,37,47,126,269,77,317,280,156,186,266,236,254,60,131,75,40,130,29,14,32,28,95,87,43,71,469,191,113,477,135,84,84,102,185,131,358,23,512,195,129,141,178,88,133,149,194,214,649,102,213,132,98,275,199,105,478,221,116,259,331,24,225,320,181,496,74,77,182,199,219,40,165,114,134,208,444,104,133,172,163,142,721,365,201,102,168,563,131,240,173,127,157,489,251,162,211,133,566,658,188,209,312,162,184,98,122,542,54,160,157,164,96,691,205,249,412,294,117,241,245,448,70,146,150,246,713,80,323,621,360,356,408,68,176,343,141,212,238,235,255,232,837,310,237
"hsa-miR-485-5p",14,23,0,58,0,26,32,22,13,10,11,42,75,16,33,76,0,29,0,19,27,68,14,71,11,278,0,22,0,0,73,39,16,52,0,0,0,0,29,0,24,0,16,350,0,236,38,25,36,0,91,77,273,86,98,51,183,0,88,39,187,0,54,80,11,0,60,106,57,73,90,168,35,88,45,14,49,54,37,24,35,28,0,62,157,48,210,38,246,0,0,60,0,20,13,52,21,0,39,12,51,131,44,0,29,196,89,114,50,131,279,22,252,12,0,0,10,211,0,259,28,279,32,29,0,0,13,61,12,0,37,70,230,465,132,174,208,56,48,60,82,21,318,97,53,61,58,10,21,30,224,79,120,87,809,91,259,77,70,199,225,29,36,243,12,57,218,113,224,40,187,38,153,99,0,0,0,144,49,14,87,22,0,17,23,198,0,219,13,313,56,20,55,0,215,67,16,21,0,42,26,14,18,70,86,95,23,34,11,15,12,12,0,0,17,0,30,156,48,19,53,0,38,38,17,18,138,10,18,24,33,11,18,0,51,0,13,0,55,10,10,35,45,18,0,119,35,40,44,0,139,275,99,171,0,34,65,228,65,32,18,50,192,68,26,31,48,118,344,17,19,0
"hsa-miR-487b-3p",0,0,0,0,0,0,0,0,0,0,11,23,12,0,12,0,0,20,0,16,0,48,0,29,0,22,0,14,0,0,0,0,0,0,0,0,0,0,0,0,0,0,0,11,0,17,10,0,0,10,0,0,24,0,0,0,27,0,24,0,37,0,0,0,0,0,19,38,13,0,0,0,0,0,0,0,0,0,0,0,0,0,0,0,0,0,0,12,40,0,0,0,0,0,33,28,0,0,21,19,11,28,0,0,0,51,0,36,18,23,92,0,87,0,0,0,13,82,0,27,11,78,12,31,0,0,0,10,13,0,0,44,79,83,25,28,16,0,0,0,19,0,119,27,14,21,77,0,0,0,59,14,18,25,148,11,21,20,16,36,37,0,13,43,0,0,86,17,80,0,74,0,25,18,0,0,0,17,0,0,41,0,0,17,0,20,0,51,0,45,0,21,35,0,126,0,0,0,0,31,0,0,0,47,36,23,0,11,0,0,0,0,0,0,0,0,13,125,0,10,29,0,0,0,0,0,95,0,0,17,0,11,0,0,39,0,0,0,0,0,0,0,43,32,0,35,0,32,0,0,57,98,0,46,0,12,45,11,42,0,0,45,27,18,0,31,0,61,24,20,13,0
"hsa-miR-493-5p",0,0,0,19,0,0,0,0,0,0,0,25,11,0,0,13,0,0,0,13,0,47,0,51,21,72,0,0,0,0,11,0,0,11,0,0,0,0,0,0,0,0,0,33,0,48,0,10,0,0,18,14,96,25,13,0,57,0,42,19,57,0,10,0,0,0,71,62,27,12,13,25,0,23,19,0,0,16,0,16,0,0,0,18,13,0,20,0,38,0,0,0,0,0,21,23,12,0,15,10,11,16,18,0,10,21,0,30,0,13,54,0,43,0,0,0,14,40,12,32,10,53,23,25,15,0,0,19,0,0,0,31,158,132,42,34,31,18,20,20,36,0,151,18,0,46,39,11,12,10,142,34,20,33,231,20,78,22,40,51,94,20,0,83,0,21,173,64,95,17,104,25,61,35,0,0,0,55,35,0,20,0,0,0,21,54,0,107,0,70,25,16,57,0,116,37,14,13,0,46,16,0,0,27,82,41,15,21,0,12,0,16,0,0,0,0,11,147,20,12,50,13,12,16,14,0,102,0,12,20,0,0,0,0,21,0,0,0,14,0,0,0,46,20,14,70,15,57,17,0,106,105,39,101,0,21,51,58,33,15,0,48,129,34,18,40,18,120,71,13,13,0
"hsa-miR-497-5p",0,0,0,0,12,0,0,0,0,0,10,0,0,0,0,0,0,0,0,0,0,0,0,17,28,0,0,0,0,15,0,0,0,0,0,0,0,0,0,0,0,0,0,0,0,0,0,10,0,0,0,0,20,0,0,0,0,0,0,0,17,0,0,0,0,0,13,24,13,0,0,0,0,0,0,0,0,0,0,0,0,0,0,0,0,0,0,21,13,0,0,0,0,0,23,0,0,0,0,14,0,22,0,11,31,0,17,17,26,27,27,0,37,0,0,0,0,10,0,27,0,28,0,0,0,0,0,0,0,0,0,33,19,21,0,11,13,12,0,0,10,0,12,12,0,10,14,0,12,0,29,10,10,10,20,0,20,10,0,25,0,0,17,0,0,36,26,19,0,0,11,0,0,0,0,13,0,24,17,14,13,11,20,59,0,10,0,24,0,14,10,0,65,0,17,28,15,17,0,15,16,11,17,28,20,25,18,11,0,41,18,14,13,16,17,16,18,21,0,19,61,21,13,23,24,35,43,18,28,34,12,17,12,0,56,13,11,17,35,11,55,15,24,26,11,12,21,12,13,13,11,32,15,62,0,21,56,22,40,15,0,15,15,12,16,42,17,33,17,56,50,10
"hsa-miR-5100",35,42,0,23,0,0,0,0,0,0,29,33,0,25,11,19,0,23,12,43,30,65,0,16,19,29,0,27,0,10,12,0,10,0,28,21,27,15,20,0,0,0,0,0,10,11,24,0,26,10,13,11,24,10,0,19,16,0,35,11,39,0,20,13,13,0,18,13,23,0,0,16,0,19,0,16,0,22,22,0,90,0,32,13,39,0,0,11,44,0,0,40,0,0,31,0,0,0,14,16,18,99,0,0,49,43,62,143,53,63,58,10,79,0,0,0,0,76,11,141,0,54,0,0,0,15,0,0,25,18,0,31,26,36,20,29,13,12,29,0,0,0,11,13,15,17,0,0,10,0,26,25,14,16,18,23,18,24,19,0,0,23,21,23,0,42,41,0,0,0,16,0,0,13,59,23,0,0,11,17,11,0,0,0,0,0,0,12,0,12,14,17,21,0,10,14,0,0,0,17,10,0,0,32,12,12,0,11,10,10,15,14,0,17,19,13,10,17,0,12,39,14,0,0,14,21,29,12,10,22,0,11,0,11,46,0,10,16,11,0,24,0,30,34,0,12,12,13,11,0,17,20,0,15,0,0,25,0,20,0,0,10,19,10,10,21,0,14,13,34,20,0
"hsa-miR-520f-5p",0,0,0,0,0,0,0,0,0,0,11,0,0,0,0,0,10,0,0,10,13,0,0,0,0,15,0,0,0,0,44,0,0,44,0,0,0,0,0,0,10,0,0,14,0,31,0,0,0,0,33,0,26,0,0,0,10,0,0,0,37,0,0,47,25,0,12,0,50,28,14,38,0,36,0,0,13,41,18,19,0,0,0,0,0,0,21,0,29,0,0,39,0,0,12,13,21,0,17,0,32,81,18,13,61,0,38,29,36,35,0,28,14,79,13,26,33,36,0,50,53,26,33,63,91,39,56,22,0,0,37,73,0,29,35,34,51,25,0,35,0,0,86,0,18,64,35,65,99,65,27,46,21,32,21,27,94,19,36,17,21,45,15,23,0,28,0,0,25,12,44,15,0,24,0,0,0,13,0,0,11,0,0,0,0,0,23,0,0,33,0,0,0,0,0,0,0,0,0,0,0,0,0,0,0,0,0,0,0,0,17,0,0,0,0,0,0,0,0,33,0,0,0,0,0,10,0,0,0,15,0,0,0,0,0,0,0,0,0,0,0,0,0,13,0,14,0,0,21,0,0,0,0,0,0,0,0,0,0,0,0,0,0,0,10,0,11,0,11,0,0,0
"hsa-miR-532-3p",0,0,0,0,0,0,0,0,0,0,20,0,0,0,11,0,0,10,0,0,0,15,11,15,0,0,0,12,0,10,0,10,0,0,0,0,0,0,0,0,0,0,0,12,0,0,0,0,0,0,0,0,10,0,0,13,15,0,14,10,14,0,0,0,0,0,11,16,0,0,0,13,0,0,0,0,0,0,11,0,11,15,10,0,14,0,10,10,22,11,0,38,21,0,14,11,0,0,11,0,26,52,0,0,0,48,22,75,50,22,66,10,56,0,0,17,0,60,14,36,0,38,0,0,0,0,0,0,0,0,0,20,12,20,0,0,0,13,11,0,0,0,0,0,10,13,0,0,22,0,18,0,12,0,25,13,25,15,19,11,0,29,35,17,0,28,24,0,21,15,0,11,0,22,22,0,0,0,11,0,0,0,0,0,0,0,16,19,0,22,0,11,17,0,13,21,0,0,0,10,11,0,10,38,0,10,0,10,0,0,0,0,0,0,13,0,0,10,0,0,24,25,0,11,11,24,27,0,15,0,0,10,0,10,16,0,0,0,0,0,16,0,14,10,0,10,0,0,0,0,0,29,13,16,0,14,22,0,29,38,0,0,17,0,0,16,0,21,21,32,24,13
"hsa-miR-550a-5p",18,13,0,14,12,16,17,0,0,0,27,0,10,0,11,28,0,0,0,0,13,21,0,44,18,30,0,20,0,32,23,21,17,37,0,0,0,0,14,0,12,0,0,51,0,49,11,12,0,0,28,33,88,16,22,12,23,0,47,11,67,0,22,48,13,0,46,46,40,48,12,39,0,35,11,0,0,44,12,0,25,43,53,18,109,0,65,19,65,0,0,82,11,10,42,14,0,10,0,0,43,93,0,0,38,89,45,128,72,44,126,0,140,13,0,26,13,132,17,106,0,55,0,12,17,26,22,38,20,0,26,69,31,74,20,23,41,31,55,26,12,23,30,63,67,44,17,12,52,0,53,30,34,32,73,26,52,52,32,51,34,34,75,50,23,125,41,39,54,10,37,44,34,63,18,11,0,27,28,10,34,32,10,18,15,28,11,48,0,33,0,12,39,0,35,36,27,0,0,25,63,15,16,50,23,30,16,16,0,17,0,15,13,22,14,11,13,28,11,25,28,17,17,10,13,15,40,0,23,21,15,0,11,10,31,0,19,16,25,15,38,10,23,31,14,36,26,28,0,0,28,23,19,46,0,47,26,22,54,170,0,27,82,34,14,27,19,27,57,42,36,0
"hsa-miR-574-3p",40,56,13,34,0,18,16,20,23,17,44,46,53,17,28,35,10,54,10,41,40,77,26,50,40,73,0,35,0,27,23,23,28,11,28,11,18,15,16,0,0,13,11,41,0,50,38,27,11,0,36,33,54,19,15,37,56,0,45,37,34,0,17,53,0,11,61,80,35,32,24,39,16,29,30,15,0,62,33,39,52,0,40,23,102,0,77,42,66,20,15,58,51,29,85,18,0,22,14,44,39,102,0,18,42,93,70,123,51,48,212,29,159,10,17,13,26,102,30,75,10,98,20,24,11,17,29,42,53,30,33,21,114,84,38,22,42,36,22,32,27,0,40,44,23,99,18,0,25,24,50,23,23,35,73,24,88,24,21,33,22,40,60,29,16,113,66,15,48,11,42,19,68,25,50,0,17,17,28,0,37,10,0,13,0,24,23,14,0,30,31,18,63,0,37,10,0,18,0,19,0,0,12,50,11,0,14,15,0,31,18,13,15,21,29,0,13,38,0,10,36,23,0,0,13,41,51,0,14,23,10,15,0,0,87,0,0,16,19,0,26,0,45,27,13,18,14,17,13,0,10,35,43,36,0,17,26,0,47,12,0,18,37,0,14,31,16,19,25,86,28,20
"hsa-miR-584-5p",0,0,0,12,0,0,15,0,0,0,15,0,0,0,0,11,0,0,0,0,0,16,0,14,25,17,0,0,0,11,0,10,0,0,0,0,0,0,0,0,0,0,0,12,0,12,0,0,0,0,20,16,59,0,0,0,13,0,16,14,35,0,0,25,0,0,21,45,22,12,0,23,10,30,13,0,0,12,0,0,0,0,0,0,0,0,50,11,0,0,0,0,0,0,16,14,0,0,0,0,0,20,0,0,17,14,0,22,0,12,21,0,13,0,0,0,12,30,0,39,0,10,0,0,0,0,0,21,16,0,11,16,43,19,22,13,18,0,0,10,0,0,36,10,0,29,19,0,13,0,39,12,0,19,90,11,44,10,18,29,51,0,52,23,0,38,75,24,53,0,21,0,11,19,17,10,0,13,0,0,23,0,0,0,0,22,12,20,0,14,0,0,26,0,65,0,0,0,0,12,0,0,11,19,11,14,0,0,0,0,13,0,0,0,0,0,0,57,0,0,17,0,0,19,0,0,41,0,0,11,0,0,10,0,15,0,0,0,11,0,12,13,0,0,0,20,15,0,0,0,19,49,21,44,0,0,45,0,30,33,0,13,31,0,13,14,0,19,26,30,0,0
"hsa-miR-590-3p",0,10,0,0,0,0,0,0,0,0,58,0,0,0,0,0,0,0,0,12,0,23,0,41,118,18,0,0,0,38,0,22,11,0,0,0,0,0,0,0,0,0,0,10,0,0,0,0,0,0,0,0,66,17,0,12,33,0,11,10,31,0,15,17,0,0,92,97,16,0,0,0,0,21,0,0,0,15,13,13,0,0,0,0,18,0,10,0,22,0,0,12,0,18,81,21,0,11,13,22,14,60,10,0,58,15,28,85,31,0,30,24,44,0,0,0,16,45,0,31,0,21,12,21,19,0,10,0,14,0,0,34,55,34,41,21,0,0,20,19,0,0,26,0,0,36,26,0,24,0,45,13,0,25,100,0,34,21,15,22,0,15,69,30,0,37,91,22,70,11,22,11,0,20,10,0,0,14,82,27,32,23,29,54,0,23,17,42,0,17,0,27,77,23,68,58,28,25,0,36,11,0,19,60,31,35,17,38,10,11,27,11,11,10,20,18,0,45,13,27,64,45,0,13,16,54,118,12,23,37,0,20,14,33,43,21,25,20,24,0,37,10,89,38,0,59,15,38,0,12,32,168,18,90,0,28,56,0,123,55,0,62,52,27,20,67,11,46,44,60,54,11
"hsa-miR-6087",17,27,14,49,10,41,95,44,0,17,49,33,42,0,40,32,0,18,26,39,30,38,0,143,45,83,17,18,0,54,43,31,31,59,0,29,13,51,21,0,77,10,0,85,10,54,28,29,33,19,102,68,119,33,45,84,61,43,99,38,141,0,74,51,52,0,38,77,92,79,29,79,66,86,52,48,57,137,90,17,24,69,13,91,90,47,167,47,172,11,16,125,18,23,24,18,10,13,40,34,132,166,29,32,48,132,88,379,181,111,135,67,220,45,111,32,66,194,106,315,89,255,34,86,44,27,53,55,30,16,49,90,62,134,84,119,45,107,91,102,50,26,60,0,44,73,14,51,32,88,43,127,85,45,88,55,103,78,61,71,34,68,53,222,14,145,109,180,55,85,45,35,39,67,38,135,30,37,63,27,81,47,44,122,55,78,51,118,32,70,34,86,32,24,72,77,93,695,16,80,102,57,63,115,70,118,124,88,84,85,76,102,94,46,88,30,76,127,54,87,167,68,118,70,36,127,118,31,150,150,127,82,52,117,168,76,81,161,90,86,43,42,177,117,125,63,104,67,34,29,62,53,114,117,0,94,66,55,94,35,0,54,107,129,93,87,154,89,76,128,156,93
"hsa-miR-625-3p",0,13,0,0,0,0,0,0,0,0,10,0,0,0,0,0,0,19,0,10,13,17,0,13,16,12,0,0,0,0,17,10,0,0,0,0,0,0,0,0,0,0,0,0,0,13,0,0,0,0,0,15,31,12,0,0,10,0,26,14,22,0,10,21,0,0,65,31,16,13,0,23,0,17,0,0,0,38,20,0,13,0,0,0,15,0,36,11,15,0,0,23,0,0,32,0,0,0,0,0,0,23,0,0,19,51,28,29,0,14,75,0,21,0,0,0,0,22,0,27,0,14,0,0,0,0,0,0,0,0,0,0,51,44,26,0,17,17,25,14,11,0,19,21,12,28,14,0,0,0,30,0,0,12,28,18,20,16,0,55,21,13,33,28,0,56,25,11,17,0,16,0,0,20,0,0,0,0,12,0,14,0,0,0,0,16,11,19,0,15,0,0,24,0,20,15,0,0,0,11,0,0,0,10,0,0,0,0,0,0,0,0,0,0,10,0,0,0,0,0,19,0,0,0,0,10,31,0,0,0,0,0,0,0,16,0,0,0,0,0,15,0,16,0,0,0,0,0,0,0,18,22,14,13,0,10,14,0,19,0,0,10,32,0,0,10,0,13,23,22,0,0
"hsa-miR-628-5p",0,0,0,0,10,0,0,0,0,0,14,0,0,0,0,0,0,0,0,0,0,0,0,21,20,11,0,0,0,13,10,0,0,0,0,0,0,0,0,0,0,0,0,11,0,16,0,0,0,0,0,0,51,0,0,0,20,0,0,0,29,0,11,30,0,0,44,12,11,0,0,0,0,27,0,0,0,21,0,0,0,0,0,0,13,0,29,11,15,0,0,0,0,0,19,0,0,10,0,0,0,46,0,0,34,22,17,33,14,15,29,12,28,0,0,0,11,47,0,22,0,14,0,0,14,0,0,10,16,0,0,23,42,20,32,12,0,0,17,11,0,0,24,13,10,41,21,0,11,0,37,0,0,17,56,0,23,12,18,27,24,0,56,22,0,27,54,14,44,0,12,0,0,18,0,0,0,17,0,0,23,10,0,11,0,18,0,23,0,14,0,0,20,0,38,15,0,0,0,10,0,0,11,26,17,15,0,0,0,0,10,0,0,0,0,0,0,23,0,0,10,0,0,0,0,0,34,12,0,0,0,0,0,0,0,0,0,0,0,0,0,0,15,10,0,17,0,11,0,0,21,45,12,27,0,18,19,0,33,0,0,14,24,0,0,14,14,12,16,26,10,0
"hsa-miR-6515-5p",0,0,0,0,0,11,21,0,0,0,0,10,14,0,0,0,0,0,0,0,0,18,0,11,10,41,0,14,0,0,13,0,0,21,0,0,0,0,0,0,0,0,0,30,0,29,0,0,0,0,12,34,91,11,17,0,14,0,18,11,58,0,35,55,0,0,17,23,35,14,20,34,0,30,18,15,0,42,0,0,15,0,12,0,33,0,49,13,33,0,0,22,0,0,0,13,0,0,0,0,0,29,0,0,28,41,36,30,16,26,43,0,53,0,0,0,0,39,0,36,0,33,0,0,0,0,0,12,0,0,0,10,20,41,18,13,19,15,17,18,13,11,23,22,23,26,0,0,12,0,41,0,0,33,44,0,37,21,14,39,23,0,32,23,0,37,26,12,25,0,18,11,23,24,0,0,0,0,0,0,20,0,0,0,0,30,0,0,0,15,0,0,16,0,13,0,0,0,0,0,0,0,0,0,0,0,0,0,0,0,0,0,0,0,11,0,0,0,0,0,0,0,0,0,0,0,0,0,0,0,0,0,0,0,0,0,0,0,0,0,0,0,0,0,0,15,0,0,0,0,0,23,17,21,0,11,12,0,14,19,0,0,35,0,0,11,10,11,25,17,0,0
"hsa-miR-652-5p",0,10,0,13,25,0,11,0,0,0,54,0,0,0,0,13,0,10,0,0,0,44,0,57,148,25,0,0,0,46,0,23,12,11,0,0,0,0,0,0,0,0,0,12,0,22,0,0,0,0,13,0,137,0,10,0,40,0,33,23,75,0,15,31,0,0,153,140,53,0,0,31,0,36,11,0,0,34,16,13,12,0,0,0,0,0,35,30,74,0,0,49,13,0,86,25,12,20,0,17,29,136,12,0,130,67,112,66,26,49,77,10,99,0,0,0,29,107,11,59,11,47,11,24,25,11,25,27,20,0,12,54,137,87,80,26,54,16,46,22,13,0,65,33,21,106,58,13,39,13,134,37,22,49,174,12,88,49,56,55,56,36,119,47,0,54,227,70,109,18,45,28,15,63,17,32,0,48,48,23,33,26,15,33,18,43,53,69,0,48,0,30,131,24,150,95,22,30,0,38,37,26,22,59,41,47,25,56,18,23,30,20,17,25,18,17,17,95,15,24,58,18,23,32,36,39,150,10,18,41,20,17,13,23,85,0,20,15,17,11,24,21,80,37,21,125,25,51,23,0,70,247,66,131,0,42,57,37,164,59,0,43,155,39,32,68,18,104,121,127,58,17
"hsa-miR-6721-5p",26,16,0,14,0,12,24,0,16,0,0,16,32,0,15,21,0,11,0,10,0,24,0,13,0,61,0,13,0,0,33,24,0,33,0,0,13,0,0,0,23,0,0,165,0,63,14,22,24,15,35,61,107,0,21,11,27,0,38,0,85,0,53,81,20,0,14,44,32,36,41,51,19,42,43,15,16,35,22,0,15,23,11,30,40,24,79,19,15,0,0,28,0,0,0,11,0,0,0,0,16,64,0,0,0,59,0,29,13,25,77,0,37,0,0,0,11,26,0,30,0,32,0,20,0,0,0,21,0,0,13,0,41,65,27,34,44,35,23,17,37,42,25,25,23,19,0,0,0,0,46,16,0,89,80,41,91,26,34,108,45,39,39,78,0,92,36,64,55,14,0,14,30,31,0,0,0,33,12,0,19,0,0,0,12,45,18,25,0,27,12,0,21,0,0,22,14,0,0,10,18,0,29,14,16,10,0,0,10,10,0,0,0,0,0,0,0,17,11,0,10,0,11,17,0,0,19,13,0,0,0,0,11,0,0,0,0,0,10,0,0,12,0,0,0,29,14,0,14,10,19,47,21,50,0,0,31,34,28,46,0,0,86,16,13,19,19,16,65,18,10,0
"hsa-miR-6737-3p",0,11,0,0,36,0,27,0,56,0,40,0,0,0,11,0,12,16,0,29,0,13,0,48,29,18,0,10,19,36,0,43,36,25,16,0,0,0,0,0,10,69,0,0,0,16,0,0,0,0,16,11,0,57,33,47,56,15,23,58,18,53,14,13,0,0,0,24,22,14,27,21,22,10,0,52,17,15,21,134,0,49,0,39,32,11,17,95,15,68,117,86,94,62,77,98,77,16,124,126,17,14,23,15,32,24,24,41,14,15,66,58,15,30,28,41,50,25,45,13,30,29,55,44,43,11,18,36,12,0,29,22,30,20,31,19,20,38,15,21,11,0,35,0,0,21,11,32,32,38,19,19,252,16,21,36,21,21,16,15,28,36,28,18,0,25,12,0,20,28,23,24,0,20,91,13,19,17,23,10,32,0,0,15,16,16,16,21,0,25,11,28,28,11,13,0,17,0,0,26,20,0,11,19,23,15,0,19,14,25,10,23,19,12,15,24,16,45,0,12,26,24,19,49,28,28,25,15,13,29,11,12,0,25,15,10,29,0,10,10,17,16,16,19,19,20,0,25,23,13,19,20,14,11,0,0,15,10,28,0,0,22,21,20,0,21,17,0,17,15,24,23
"hsa-miR-6757-5p",0,14,0,0,18,0,0,0,25,0,10,17,0,0,18,13,0,15,0,12,11,10,0,13,20,0,0,17,0,15,12,0,10,16,0,0,0,11,0,0,12,0,0,0,0,0,11,0,0,13,10,0,0,17,13,11,26,0,16,16,14,13,0,12,0,0,0,0,13,17,13,12,0,0,0,12,11,12,11,50,0,15,0,18,0,0,14,23,12,26,25,18,25,19,43,31,45,20,40,38,23,22,21,17,16,12,16,25,14,17,10,32,0,22,30,14,31,24,21,22,17,18,34,16,39,15,27,18,20,13,11,15,15,12,29,14,13,0,0,13,13,0,27,0,10,27,12,15,18,19,13,14,73,15,11,37,10,21,20,13,24,26,19,0,0,15,15,0,17,0,15,16,0,11,11,14,15,10,20,15,13,0,12,0,16,13,14,10,0,14,0,17,21,10,12,0,11,0,11,19,19,18,10,47,18,17,0,14,18,16,24,12,11,24,10,17,14,33,11,16,24,24,0,0,18,18,23,21,12,21,13,12,0,11,24,13,24,10,21,14,23,11,22,23,0,12,0,34,12,18,19,19,0,14,0,13,21,15,16,14,0,27,0,10,23,10,13,20,23,16,12,12
"hsa-miR-6852-5p",0,0,0,0,0,0,23,0,0,0,10,0,11,0,0,10,0,0,0,0,0,0,0,18,40,18,0,0,0,0,0,0,10,10,0,0,0,0,0,0,0,0,0,24,0,27,0,0,0,0,0,0,96,0,0,11,19,0,36,0,37,0,0,30,0,0,16,45,27,15,0,18,0,35,0,13,0,23,0,0,22,0,0,0,16,0,33,13,50,0,0,39,0,0,11,18,0,0,0,0,20,106,0,0,49,39,105,36,17,89,49,0,89,0,0,0,0,36,0,59,0,29,0,11,0,0,0,12,0,0,14,12,32,41,20,0,25,13,13,0,20,0,25,15,16,36,26,0,0,0,50,15,0,14,51,13,48,16,19,49,21,10,39,31,0,36,44,13,48,0,15,0,15,32,0,0,0,0,0,0,12,0,0,0,0,19,0,0,0,13,0,0,18,0,24,13,0,0,0,0,0,0,0,0,0,0,0,0,0,0,0,0,0,0,0,0,0,19,0,0,0,0,0,0,0,0,18,0,0,0,0,0,0,0,12,0,0,0,0,0,0,0,0,0,0,11,0,0,11,0,0,23,0,14,0,0,0,0,18,10,0,0,22,0,0,18,0,0,44,13,0,0
"hsa-miR-760",25,18,0,17,14,10,28,0,11,0,0,30,31,0,0,0,0,15,0,14,15,33,0,31,16,93,0,17,0,0,42,41,15,28,0,0,0,0,0,0,0,0,0,133,0,125,0,16,0,0,41,35,157,25,16,13,43,0,53,31,107,0,35,106,18,0,26,59,48,31,28,61,10,56,10,27,0,67,21,0,46,18,20,46,56,0,81,26,93,0,0,68,15,0,12,19,0,0,12,12,27,167,10,10,49,165,96,67,31,117,163,0,122,0,0,0,18,92,22,62,25,89,12,16,17,0,0,42,12,0,26,22,63,64,58,21,75,45,46,35,34,31,34,65,39,47,15,10,0,12,120,29,11,61,116,32,129,48,33,175,51,38,56,79,0,121,77,67,72,0,24,19,45,35,15,0,0,30,0,12,42,12,0,23,13,55,43,27,0,62,12,17,39,0,22,47,0,13,0,0,12,13,11,17,11,15,15,11,0,0,10,0,0,12,11,0,0,27,10,19,19,10,0,10,0,11,26,0,11,13,0,0,10,0,17,0,0,0,19,17,21,0,26,20,17,42,0,14,0,0,17,55,45,45,0,11,31,32,45,19,0,11,95,18,0,20,14,36,72,42,0,0
"hsa-miR-889-3p",0,11,0,27,0,15,0,0,0,15,17,17,0,0,17,23,0,22,0,19,16,63,0,72,29,20,0,21,0,13,13,11,17,10,0,0,0,0,18,11,0,0,0,36,0,19,0,0,0,0,11,0,86,29,32,12,58,0,0,0,52,0,18,14,0,0,82,27,15,0,14,19,0,19,23,0,0,12,0,0,0,0,0,0,15,0,25,12,38,0,0,0,0,11,27,23,0,0,11,0,0,22,20,0,18,33,0,20,13,10,67,18,71,0,0,0,13,48,28,11,14,62,11,23,0,0,0,0,12,0,12,25,102,113,33,11,12,14,0,0,14,0,71,0,0,30,25,0,0,14,83,21,13,15,131,14,55,33,26,58,35,0,0,29,0,12,63,32,90,11,49,12,56,34,0,0,0,20,14,0,21,0,0,0,0,38,0,29,0,39,0,0,20,0,53,15,0,0,0,10,0,0,0,19,21,24,0,0,0,0,0,0,0,0,10,0,0,56,0,0,0,0,0,0,0,0,58,0,0,12,0,0,0,0,12,0,0,0,0,0,0,0,21,0,0,38,0,15,0,0,34,63,22,55,0,0,19,17,11,10,0,27,46,16,0,26,0,40,37,0,0,0
"hsa-miR-941",0,10,0,17,22,0,12,0,0,0,87,0,0,0,0,0,0,0,0,0,17,0,0,42,137,21,0,11,0,108,0,24,0,0,10,0,0,0,0,0,0,0,0,16,0,18,0,0,0,0,18,0,66,10,0,0,26,0,17,12,70,0,0,29,0,0,256,38,37,22,0,27,0,26,0,17,0,24,11,0,11,0,0,10,40,0,39,26,170,0,23,102,10,18,252,29,15,16,24,21,101,152,0,0,134,128,111,112,67,94,153,0,250,0,0,23,19,189,24,111,11,73,0,18,22,42,25,42,37,0,36,99,16,42,30,15,56,10,22,0,30,12,34,44,33,85,28,10,62,27,83,41,14,21,29,31,59,17,12,35,22,23,70,43,24,65,90,16,42,0,38,14,17,40,24,15,0,27,24,24,42,10,0,20,0,43,46,26,0,31,13,33,79,15,44,26,10,18,0,15,30,12,16,37,20,22,15,21,14,15,0,0,11,21,30,18,21,23,0,11,71,22,0,11,13,36,43,0,14,24,0,0,13,16,54,0,14,18,18,18,32,0,39,29,0,34,13,23,0,14,36,26,28,33,0,41,32,13,51,60,0,28,61,29,10,12,15,30,49,112,25,21
"hsa-miR-944",0,27,0,0,36,0,14,29,31,0,25,0,0,0,0,0,0,0,0,0,0,0,0,33,21,14,0,0,0,28,0,16,26,12,0,0,0,0,0,0,17,19,0,0,0,0,0,0,0,0,0,0,0,19,0,28,20,0,15,21,10,27,0,12,10,0,20,16,12,10,0,0,0,0,0,29,0,11,14,49,0,36,0,24,18,0,0,37,0,29,55,15,31,28,36,36,44,18,50,52,0,14,13,11,13,0,14,29,14,15,0,30,10,11,17,0,32,14,22,10,12,13,24,14,26,0,23,18,0,0,0,11,13,15,11,20,0,0,0,0,0,0,13,0,0,0,0,23,18,18,15,0,14,0,18,28,0,16,0,0,15,23,17,0,0,0,11,0,13,0,15,0,0,0,28,0,10,0,19,0,11,0,0,0,0,0,0,0,0,13,0,20,23,0,0,0,0,0,0,10,19,0,0,13,14,12,0,10,0,0,10,0,0,26,0,0,0,24,0,0,17,13,0,12,0,16,10,18,0,17,14,0,0,12,14,0,0,11,0,0,10,0,11,10,13,0,0,11,13,14,24,11,10,0,0,15,12,0,11,0,0,20,11,0,0,10,0,16,0,11,0,0
"hsa_piR_000765",36,19,0,57,13,15,225,275,0,25,152,62,46,16,15,12,0,45,0,43,26,60,20,159,303,86,14,52,0,359,24,59,207,18,26,12,22,15,12,0,0,0,0,121,22,39,28,38,39,0,31,26,701,40,85,48,417,18,113,85,130,0,41,61,10,0,161,382,142,26,14,44,16,21,41,0,0,42,46,311,17,38,0,82,15,11,78,100,138,0,0,41,0,12,1888,97,25,0,18,31,40,349,20,0,382,58,348,92,42,182,25,0,106,0,23,14,26,24,36,192,541,364,65,62,14,96,111,78,217,0,24,196,416,275,36,23,77,27,70,53,26,14,118,199,75,450,384,24,14,65,399,70,0,65,278,27,374,56,82,153,87,21,78,98,24,209,353,74,74,101,65,27,46,44,62,42,24,74,30,22,87,12,23,31,15,103,27,46,0,99,14,28,40,0,120,34,21,0,0,23,37,15,27,71,48,37,27,27,25,34,53,37,20,33,35,32,40,61,11,25,100,43,25,20,60,39,189,13,38,63,21,24,26,38,165,23,38,52,39,49,53,0,138,107,24,40,64,39,21,14,69,146,72,86,0,39,105,25,86,11,0,10,261,16,54,45,66,72,86,179,54,25
"hsa_piR_000775",0,0,0,0,0,0,0,11,0,0,27,0,0,0,0,0,0,0,0,14,10,14,0,20,33,0,0,0,0,35,0,0,0,0,0,13,0,0,0,0,0,0,0,0,0,0,0,0,0,0,0,0,0,0,0,14,10,0,22,0,12,0,14,0,10,0,21,24,18,0,0,15,0,21,0,0,0,11,16,0,0,11,10,16,33,0,19,14,46,0,0,37,0,0,19,10,11,0,0,12,24,47,0,0,66,27,56,83,56,44,45,0,70,0,12,0,16,85,0,127,0,52,10,20,0,0,0,0,13,0,0,21,12,17,0,14,0,10,0,0,0,0,0,0,0,24,0,10,0,17,0,0,10,0,0,0,0,10,0,0,0,11,13,25,0,0,28,17,0,0,0,0,0,15,0,21,0,0,0,0,13,0,0,0,0,0,11,0,0,17,0,10,0,0,14,0,0,0,0,14,0,0,13,15,10,18,0,14,0,0,14,0,15,0,0,0,14,31,0,0,24,24,22,0,11,21,12,0,26,26,10,0,0,0,38,11,16,12,11,19,0,0,47,53,18,0,12,13,0,0,15,0,0,15,0,20,20,0,18,0,0,0,22,16,0,19,26,23,10,20,22,0
"hsa_piR_000794",10,0,0,37,11,13,34,32,0,0,82,23,0,11,0,0,0,14,0,0,20,33,0,61,30,10,0,0,0,45,12,0,28,0,0,0,0,0,0,0,0,0,0,0,10,10,0,32,12,14,0,0,115,25,19,11,55,0,0,11,16,0,12,12,0,0,41,20,31,0,0,16,0,29,0,0,0,23,11,29,13,13,0,0,10,0,30,22,66,0,12,13,0,10,95,16,18,0,31,21,15,86,0,0,66,26,44,76,21,64,35,23,58,10,0,11,12,28,15,88,0,36,15,15,12,13,28,29,19,11,12,18,23,15,16,0,13,0,0,23,0,0,0,10,10,30,0,0,21,12,25,17,59,0,14,12,14,12,28,14,0,25,22,11,22,24,23,11,19,16,21,10,0,31,17,15,11,0,0,0,12,0,0,10,0,13,10,0,0,0,0,21,15,0,15,10,11,0,0,11,12,0,12,17,0,0,11,11,13,0,16,0,0,0,23,0,0,18,0,11,16,18,0,0,0,26,28,0,0,22,0,10,0,15,54,10,12,0,0,16,16,0,20,18,19,13,0,11,0,0,14,10,18,16,0,18,20,0,21,0,0,0,20,15,19,0,0,19,17,25,26,0
"hsa_piR_000807",54,91,29,103,2549,48,868,70,1456,32,1767,163,66,68,101,105,94,179,48,85,163,194,40,1545,1939,73,32,97,206,3065,64,597,1129,54,122,42,70,91,25,41,41,1149,98,26,27,83,95,44,10,48,78,28,83,957,354,929,1131,225,80,1554,110,1093,190,76,28,66,214,1148,135,55,36,62,158,91,67,1793,23,121,51,4506,70,762,67,461,555,34,99,2952,177,1953,3325,236,2290,2648,5719,5231,5263,183,4711,4394,106,170,127,68,234,79,174,341,193,154,83,296,112,212,154,168,184,213,155,285,109,109,279,257,294,164,249,151,288,100,171,202,137,133,209,104,121,73,119,64,56,27,294,12,24,257,134,234,249,256,175,38,160,91,113,91,98,121,94,129,129,182,121,108,12,116,183,54,90,48,152,81,45,105,163,76,151,85,161,49,133,56,46,113,100,94,121,61,16,116,38,178,204,55,303,65,59,66,59,194,109,96,73,182,116,123,81,93,115,142,150,156,154,73,98,90,83,370,74,65,233,185,69,74,162,298,194,243,117,241,89,124,63,209,197,52,136,112,147,109,261,40,236,197,103,200,77,189,71,101,523,148,104,55,19,118,216,40,143,71,26,235,65,65,118,214,91,65,95,202,119,84
"hsa_piR_001356",0,0,0,0,19,0,15,0,0,0,34,0,0,0,0,0,0,0,0,0,10,0,0,20,32,0,0,0,0,72,0,0,12,0,0,0,0,0,0,0,0,0,0,0,0,0,0,0,0,0,0,0,12,12,0,0,10,0,0,0,17,0,0,0,0,0,51,19,13,0,0,11,0,15,0,0,0,22,0,19,0,0,0,0,0,0,34,17,43,0,0,15,14,15,60,24,35,0,17,18,34,49,11,0,63,14,45,110,19,29,24,0,60,0,0,0,13,67,0,112,0,39,11,11,11,10,19,12,0,0,0,23,10,15,19,14,0,0,0,0,0,0,10,10,17,17,0,12,16,0,13,14,23,0,16,0,0,12,0,0,0,0,0,20,0,10,39,28,0,17,0,10,0,15,0,19,0,0,19,12,0,0,0,20,0,0,0,19,0,0,0,13,12,0,23,22,0,0,0,18,10,11,23,22,14,16,13,0,0,0,13,16,10,12,13,17,0,23,16,0,50,0,11,0,11,46,25,0,16,39,17,0,0,20,47,11,0,31,23,13,13,10,66,32,20,17,41,21,10,0,12,20,19,11,0,11,50,0,17,0,0,17,12,15,12,16,17,34,11,16,28,0
"hsa_piR_002468",0,0,0,11,0,0,33,0,0,0,41,0,0,0,0,0,0,0,0,10,0,15,0,35,115,0,0,0,0,23,17,0,12,0,0,0,0,0,0,0,0,0,0,0,0,0,0,0,15,0,10,0,68,0,15,15,58,0,10,15,26,0,11,0,0,0,38,52,27,0,0,13,0,17,0,14,0,18,0,10,10,0,0,12,12,0,10,17,63,0,0,23,0,0,51,18,0,0,0,0,15,82,0,0,77,34,70,87,30,38,29,0,101,0,0,0,21,32,11,165,0,33,0,30,10,0,14,0,22,0,14,14,37,15,11,11,0,0,16,0,0,0,18,0,10,22,0,0,15,0,29,0,0,0,38,0,10,14,11,15,13,0,22,22,0,16,24,15,11,0,18,0,0,10,0,0,0,0,0,0,0,0,11,0,0,18,0,17,0,11,0,0,10,0,17,15,0,0,0,0,0,0,0,12,0,17,0,10,0,0,0,0,10,0,10,0,0,26,0,0,20,0,0,0,12,21,35,0,10,16,0,0,0,0,25,0,0,17,0,0,10,0,23,19,0,14,0,13,0,0,12,14,19,15,0,0,18,0,28,0,0,0,31,0,14,16,12,13,14,24,12,0
"hsa_piR_004307",10,10,0,19,0,14,27,20,0,0,79,13,18,11,0,0,0,14,0,18,19,35,0,65,94,20,0,0,0,72,23,20,19,16,14,0,16,0,18,0,0,0,0,22,0,0,13,25,16,10,28,24,66,23,46,43,60,18,19,29,50,0,52,0,19,0,72,77,38,12,15,24,25,35,20,14,12,44,20,22,24,14,18,18,28,11,61,12,86,0,15,58,0,14,133,14,15,10,24,23,41,84,13,0,134,84,125,171,61,46,68,22,142,15,12,0,13,63,40,210,0,92,0,43,26,15,11,28,22,0,14,63,29,37,33,29,16,12,24,17,0,15,23,0,19,57,13,0,24,18,22,16,15,18,24,0,32,21,19,14,28,21,24,59,0,40,60,58,15,143,23,18,0,30,67,51,0,26,25,24,16,13,17,57,21,26,21,30,0,12,11,45,20,16,53,37,24,0,0,34,44,21,19,58,26,35,20,38,24,27,53,40,24,23,38,25,34,46,18,21,94,29,32,40,27,85,93,15,35,75,53,25,17,28,103,28,52,43,32,31,48,0,77,103,25,31,22,32,15,0,41,35,48,48,0,50,92,41,30,10,0,10,53,47,36,48,41,46,41,95,48,24
"hsa_piR_004308",0,10,0,0,0,0,22,19,13,0,45,19,0,0,0,0,0,15,0,15,17,18,0,41,54,0,0,0,0,47,0,13,15,0,0,0,0,0,10,0,0,0,0,0,0,0,10,10,10,0,0,11,36,11,0,27,29,11,17,22,17,0,17,0,0,0,43,32,25,0,0,16,14,0,0,11,0,12,0,0,0,0,11,0,13,0,58,15,45,0,0,43,0,0,84,0,20,0,0,17,27,74,0,0,62,37,50,100,49,36,32,13,91,0,14,17,0,26,17,141,0,46,0,31,0,0,0,17,0,0,0,40,29,18,12,0,0,0,17,17,10,10,21,0,0,26,10,0,12,0,23,13,17,14,22,10,13,14,12,0,12,0,30,44,0,27,42,21,11,56,11,13,0,15,89,32,0,16,20,15,13,0,13,23,13,12,0,27,0,10,0,24,16,0,25,15,11,16,0,24,18,14,24,54,17,29,14,31,13,29,17,22,0,24,33,13,26,34,10,21,60,27,15,26,24,84,59,21,30,46,21,26,0,40,91,17,50,22,32,28,31,0,76,40,19,19,24,30,12,0,29,27,26,41,0,33,48,11,38,12,0,10,30,42,30,48,27,36,28,60,57,27
"hsa_piR_005019",0,0,0,22,19,0,21,10,0,0,98,11,0,0,0,12,0,10,0,11,14,25,0,92,103,11,0,16,0,132,0,13,19,13,0,0,0,0,0,0,11,0,0,0,0,0,14,0,0,0,19,11,43,24,13,28,52,0,43,43,39,0,19,0,0,0,114,76,56,21,0,23,0,30,13,11,0,38,69,10,16,20,0,16,23,0,30,15,104,0,10,82,11,26,47,11,0,11,10,48,50,71,0,10,97,65,101,180,157,89,59,26,222,17,0,0,36,99,19,192,12,121,0,30,34,25,11,13,15,23,25,84,60,87,47,30,23,16,34,35,19,12,48,0,12,66,32,27,30,21,35,53,13,43,58,35,34,39,43,17,53,33,54,55,14,33,67,29,37,17,32,27,10,36,22,58,0,36,45,36,60,11,45,61,26,39,45,42,15,35,20,37,50,11,52,46,42,27,0,29,31,26,36,73,42,35,37,35,31,63,52,21,31,22,48,40,31,63,11,29,104,33,26,19,38,74,87,12,43,55,29,20,14,34,131,42,28,56,46,31,42,15,207,203,25,23,34,32,16,12,41,55,37,48,0,51,72,21,74,0,0,28,29,44,32,98,50,41,19,107,124,16
"hsa_piR_005659",0,0,0,0,15,0,22,0,0,0,0,0,0,0,0,0,0,0,0,0,0,0,0,0,0,39,0,0,0,14,45,0,0,45,0,0,0,0,0,0,42,17,0,24,0,45,0,0,0,0,36,0,42,13,0,0,10,0,0,22,30,13,0,69,11,0,0,0,43,38,15,30,0,68,18,16,21,50,0,28,0,0,0,17,0,0,0,31,43,0,10,59,10,19,18,29,19,15,18,16,34,74,45,25,53,0,32,0,20,45,26,12,0,96,0,0,51,67,0,59,55,47,75,65,76,52,75,0,0,0,0,48,10,24,71,36,33,12,12,11,0,0,116,0,16,45,25,47,80,51,36,27,0,47,26,26,38,54,21,10,13,0,0,23,0,0,0,0,49,19,25,23,18,25,11,0,0,0,0,0,0,0,0,0,0,0,25,0,0,51,0,0,16,0,15,12,0,0,0,10,0,0,0,0,0,0,0,0,0,15,0,18,10,0,0,0,0,16,0,0,11,14,0,0,0,12,11,0,0,0,10,0,0,13,0,0,0,0,0,0,0,0,0,0,0,13,0,12,0,0,10,0,0,10,0,0,10,0,0,0,0,0,0,0,0,0,0,0,10,0,0,0
"hsa_piR_005799",15,21,0,43,22,29,80,34,0,15,59,20,48,21,13,19,11,17,17,23,31,24,0,73,62,18,10,21,0,97,38,18,14,35,0,0,13,0,0,10,20,0,0,29,0,25,0,18,27,11,38,25,155,15,27,23,48,0,51,33,126,0,53,32,11,0,81,94,102,30,0,33,13,46,20,13,0,48,12,0,25,21,0,25,26,13,103,19,134,0,0,82,15,14,40,15,24,19,24,21,72,90,13,21,107,97,111,228,94,136,128,16,184,31,30,18,28,146,27,394,45,146,30,60,39,20,37,54,28,13,34,74,66,87,52,57,29,47,85,44,35,27,35,31,77,57,21,26,19,38,35,48,33,35,43,12,46,27,62,51,54,36,47,108,19,73,70,80,37,23,38,29,37,65,13,60,13,43,12,0,69,10,19,29,23,62,39,33,0,25,20,17,34,11,44,29,27,21,0,32,21,21,32,48,15,29,34,46,31,43,31,39,42,17,45,12,41,55,14,29,76,46,33,24,22,53,51,19,32,82,33,38,31,27,89,22,31,40,38,28,21,0,67,44,27,33,29,26,25,11,28,30,54,62,0,48,54,28,40,0,0,11,67,45,42,39,113,56,67,93,73,32
"hsa_piR_009051",54,33,0,266,42,22,228,26,0,18,195,16,86,0,36,79,0,20,0,17,77,73,0,387,478,30,0,22,0,244,40,21,26,31,0,0,22,12,0,0,0,0,17,65,0,22,0,40,33,19,37,43,268,22,28,32,151,0,25,139,251,0,123,46,24,0,557,1379,43,12,21,57,0,140,15,0,0,130,33,31,23,20,11,41,59,0,266,52,226,0,0,79,0,48,424,70,13,11,44,39,76,194,97,21,396,98,283,221,51,141,103,55,220,31,10,0,44,246,26,387,22,125,17,93,107,38,29,72,74,0,28,85,150,124,95,20,37,0,76,85,22,0,92,0,0,157,84,0,26,10,61,17,13,47,320,20,116,43,45,43,84,16,62,58,0,122,127,56,178,25,20,56,12,50,47,24,0,46,21,0,22,15,0,46,18,155,0,31,0,20,0,12,24,0,74,37,0,14,0,12,14,0,0,60,22,33,0,23,0,15,14,0,0,0,27,0,11,65,17,10,36,13,29,0,13,22,97,0,14,29,0,0,11,28,55,0,17,18,12,0,17,0,49,34,10,49,22,50,17,0,40,177,86,118,0,29,92,0,118,0,0,15,485,17,21,72,40,118,94,96,51,0
"hsa_piR_011188",0,0,0,0,15,0,25,15,0,0,22,15,0,0,0,17,0,0,0,0,21,14,0,24,42,0,0,0,0,46,0,0,0,0,0,0,0,0,0,0,0,0,0,13,0,0,0,18,0,0,12,0,47,0,0,0,0,0,14,12,22,0,0,0,0,0,31,35,19,12,0,14,0,14,0,0,0,15,0,0,0,0,0,0,0,0,27,0,30,0,0,28,0,0,26,0,15,0,0,0,20,46,0,0,27,24,36,53,18,32,28,0,58,13,0,0,0,47,11,77,0,40,12,14,0,14,0,22,0,0,0,25,13,14,16,10,19,11,24,0,11,0,0,0,0,18,0,15,10,14,0,19,16,11,11,0,14,10,0,0,22,0,14,30,0,14,27,0,0,0,0,0,0,14,0,17,0,0,0,0,26,0,0,0,0,10,0,0,0,15,0,17,0,0,18,0,11,0,13,14,0,0,0,15,0,10,0,0,0,0,12,12,16,0,16,0,10,0,0,0,18,14,0,0,0,13,0,0,0,22,0,11,0,0,18,0,0,0,0,10,0,0,15,0,0,14,0,10,0,0,0,0,15,0,0,0,13,0,0,0,0,0,12,13,0,0,16,16,18,28,11,16
"hsa_piR_011291",0,0,0,0,0,0,0,0,0,0,0,0,0,0,0,0,0,0,0,0,12,0,0,0,0,51,0,0,0,0,69,0,0,131,0,0,0,0,0,0,21,0,10,47,10,69,0,0,0,0,54,0,60,0,0,0,0,0,0,12,71,0,0,98,33,0,0,10,130,70,25,62,0,99,26,0,49,97,18,0,0,0,0,0,0,27,22,0,69,0,0,72,0,0,0,10,11,11,0,11,73,102,77,74,101,11,70,27,57,72,25,39,0,131,0,18,87,75,0,117,91,79,74,148,124,57,129,24,0,0,37,100,0,64,116,93,72,55,0,63,12,0,130,0,43,78,32,99,136,140,50,63,34,80,71,40,75,61,60,29,19,27,0,52,11,14,0,0,84,64,79,73,32,49,0,0,0,0,0,0,0,0,0,0,0,0,54,0,0,74,40,0,0,0,0,0,0,0,0,0,0,0,0,0,0,0,0,0,0,0,0,0,0,0,0,0,0,21,11,100,0,0,0,0,0,21,0,0,0,29,0,0,0,0,0,0,0,0,0,0,0,0,0,168,0,15,0,0,0,0,0,0,0,0,0,0,0,0,11,0,0,0,0,0,0,0,0,0,0,0,0,0
"hsa_piR_011459",14,0,0,31,0,0,14,67,0,12,0,22,13,13,11,0,46,13,16,15,30,23,14,0,0,75,0,45,0,11,181,0,0,120,21,16,10,20,0,0,31,0,26,53,10,85,12,0,13,0,126,0,138,0,0,0,0,0,0,0,131,0,0,126,49,20,38,0,136,135,44,91,0,166,27,0,37,188,10,29,0,0,0,0,0,41,26,0,284,0,0,258,0,0,21,15,21,83,12,15,222,413,137,71,598,14,246,36,155,271,133,26,20,316,22,0,221,302,15,471,203,187,329,305,369,192,366,36,38,65,17,318,13,109,305,193,191,75,0,83,0,0,453,0,100,346,193,292,392,290,123,129,21,150,127,115,119,76,135,10,49,38,13,127,22,16,0,0,118,69,181,106,39,136,0,0,0,0,0,0,35,0,0,0,0,0,94,0,0,94,44,0,26,0,0,0,0,0,0,0,0,0,0,0,0,0,0,0,0,0,0,0,0,0,19,0,0,0,0,0,0,0,0,0,0,0,11,0,0,0,0,0,0,0,13,0,0,0,0,0,12,61,0,0,0,0,0,0,0,0,0,0,0,0,0,0,0,0,0,0,0,0,0,0,0,0,0,0,0,26,0,0
"hsa_piR_013624",0,0,0,0,0,0,0,0,0,0,12,14,0,0,0,0,0,11,0,13,0,18,0,13,20,23,0,10,0,33,0,13,0,0,0,0,0,10,0,0,30,0,0,0,0,0,0,0,0,0,16,0,11,0,0,17,12,0,17,0,0,0,10,0,0,0,33,28,12,0,0,0,0,14,0,12,0,31,15,12,0,0,0,0,25,0,13,0,51,0,0,38,0,0,16,10,10,0,14,11,29,52,0,10,67,21,60,113,52,50,34,12,95,0,16,0,11,51,23,191,0,70,10,0,13,16,15,10,10,12,12,19,18,29,12,0,0,11,14,15,0,0,0,0,13,21,0,0,0,20,10,25,15,0,0,0,10,13,14,0,0,16,0,33,0,23,38,23,0,0,16,13,0,17,0,21,0,12,10,0,27,0,0,0,11,12,0,18,0,15,0,29,12,0,19,11,11,12,0,12,0,11,0,35,11,11,15,13,15,25,14,19,18,0,14,0,23,25,31,12,39,12,20,0,0,37,25,0,22,29,19,0,11,36,48,14,15,30,14,19,23,0,44,62,14,12,17,12,0,10,16,23,31,15,0,17,23,15,11,0,0,0,16,25,22,33,19,20,21,43,26,11
"hsa_piR_016677",57,47,21,49,15,34,93,127,0,27,214,85,33,29,15,15,11,50,17,36,57,182,24,149,142,101,13,15,0,111,62,78,150,65,19,15,18,15,39,12,17,0,18,67,49,115,52,89,87,36,65,43,328,57,109,67,270,15,111,65,313,0,76,75,37,17,152,108,129,64,43,73,32,136,25,67,18,122,37,33,40,27,29,46,82,18,133,59,283,16,25,138,21,21,260,47,0,32,72,48,111,528,19,0,248,355,239,360,131,333,390,22,312,19,36,36,56,240,73,524,63,231,38,57,54,31,59,91,80,13,66,100,126,115,77,75,66,38,98,99,27,22,40,45,48,155,35,31,53,54,74,46,43,41,98,45,50,65,65,46,54,62,91,136,13,116,166,81,57,53,59,52,19,124,25,161,0,60,53,51,62,23,18,37,29,104,48,54,0,52,63,60,56,12,97,81,46,22,12,66,61,47,82,147,46,68,67,63,66,76,82,53,59,55,87,27,69,103,47,64,149,70,47,67,47,117,177,25,63,113,55,56,43,75,228,68,84,92,75,63,61,31,168,99,84,52,90,50,44,14,71,119,146,128,0,87,160,85,154,32,0,19,106,66,72,63,91,113,104,180,132,61
"hsa_piR_016742",14,0,0,178,16,17,58,38,0,0,86,37,30,16,15,17,0,31,0,0,29,44,0,104,105,14,0,12,0,86,18,14,24,20,0,0,0,0,0,0,0,0,0,0,0,22,0,16,19,0,13,0,172,15,15,15,78,0,18,20,35,0,11,39,0,0,144,56,38,17,11,14,0,22,0,14,0,40,0,31,12,0,0,0,18,0,62,36,126,11,24,27,27,24,288,43,20,15,51,33,13,106,0,0,147,56,104,93,17,86,64,20,87,14,15,11,0,36,0,119,18,35,37,23,21,21,33,57,56,0,10,49,43,19,13,15,0,13,22,0,0,0,21,25,11,67,12,15,33,25,22,12,112,11,21,13,12,22,23,0,12,14,36,19,14,30,33,22,35,0,14,36,0,38,26,14,0,11,12,12,29,0,21,24,0,25,17,15,0,20,0,23,23,0,26,11,0,0,11,19,12,13,27,43,27,20,13,21,17,11,11,27,14,14,23,15,19,24,10,15,46,28,0,0,17,30,30,20,31,39,12,13,13,17,61,0,23,11,21,0,19,0,31,34,20,24,0,19,17,0,19,19,24,23,0,15,37,10,33,0,0,18,30,17,10,18,18,17,15,57,47,11
"hsa_piR_016945",15,16,0,195,41,24,60,52,16,0,126,45,19,25,10,16,0,33,13,15,24,62,0,103,129,29,0,12,0,104,29,18,49,38,11,0,14,0,0,0,24,0,0,18,12,30,21,45,27,0,36,12,134,65,30,29,90,20,22,60,63,10,25,48,12,19,127,56,80,18,0,33,17,72,0,36,0,39,36,52,11,0,13,26,18,10,56,42,198,10,37,48,24,34,231,39,48,21,48,50,26,180,24,16,166,37,185,153,51,93,73,55,132,15,23,23,25,61,37,280,19,84,26,18,46,19,43,29,31,0,26,61,75,46,41,33,24,32,45,19,21,0,36,42,22,91,24,19,59,25,47,49,148,18,41,22,35,19,32,25,53,37,43,44,40,55,67,45,36,16,31,25,0,63,72,31,12,11,34,40,28,22,22,30,19,40,16,39,0,27,0,40,36,0,50,29,23,19,0,31,29,12,18,65,23,30,25,48,16,27,29,28,25,22,46,26,35,48,15,16,79,31,18,16,27,91,69,25,46,61,22,16,10,27,126,16,44,46,52,35,62,12,65,79,33,78,35,24,26,0,37,36,46,51,0,35,69,26,54,17,0,32,29,26,19,52,49,47,31,92,51,10
"hsa_piR_017591",0,0,0,0,36,0,24,0,14,0,29,12,0,0,0,0,0,0,0,0,0,0,0,29,23,12,0,0,0,33,16,14,28,21,0,0,0,0,0,0,0,14,0,0,0,12,0,0,0,0,12,0,20,14,11,20,29,0,33,24,0,12,0,18,0,0,28,21,36,10,12,10,0,18,15,26,12,17,14,58,0,11,0,15,0,0,12,38,15,28,57,36,40,32,71,61,56,38,62,64,21,23,21,26,28,16,24,30,25,17,21,35,15,33,19,34,21,19,23,20,20,24,88,38,205,12,58,81,18,0,26,20,30,14,31,29,16,21,13,14,0,0,47,0,0,21,21,33,53,37,13,0,211,17,14,81,11,21,26,47,20,20,23,21,11,20,19,11,43,15,20,20,0,22,48,0,29,22,32,17,29,0,11,11,20,32,0,20,0,15,10,13,170,11,18,24,12,20,12,25,65,10,11,43,15,20,0,49,15,28,27,20,25,59,15,19,21,35,10,19,24,46,20,0,22,34,28,30,0,59,16,11,0,58,31,17,25,13,25,23,34,0,31,28,29,22,11,29,18,0,16,17,17,13,0,20,47,0,36,11,0,40,15,10,14,20,0,27,15,32,18,22
"hsa_piR_017724",0,0,0,0,0,0,0,0,0,0,30,13,0,0,0,0,0,0,0,0,0,19,0,22,51,0,0,0,0,19,0,16,12,0,0,0,0,0,0,0,17,0,0,0,0,0,0,0,0,0,13,13,28,0,0,14,46,0,13,13,23,0,17,0,0,0,34,35,32,0,0,0,0,0,0,14,0,18,15,13,0,0,0,0,10,0,51,21,46,0,0,19,0,0,112,0,0,0,0,17,21,44,0,0,53,31,52,91,41,33,44,0,70,0,0,0,0,36,13,94,0,39,0,10,0,0,0,11,15,0,0,24,16,16,0,17,0,0,13,17,0,0,19,0,0,35,14,0,10,0,13,0,0,11,15,0,0,16,11,0,17,0,12,26,0,23,27,16,0,23,10,0,0,13,58,32,0,14,14,0,17,0,10,40,0,0,0,19,0,0,0,25,22,0,32,16,14,0,0,19,24,0,12,30,17,21,0,18,14,25,18,25,11,12,20,0,19,30,10,14,57,0,0,0,15,49,35,0,23,50,15,13,0,16,76,0,39,20,16,17,21,0,54,39,0,14,10,26,16,0,28,31,27,33,0,36,39,19,34,0,0,15,29,23,13,34,21,22,16,63,33,10
"hsa_piR_018570",12,13,0,16,0,0,41,23,0,0,35,13,0,0,0,0,0,0,0,17,0,19,0,51,67,0,0,0,0,63,0,24,23,0,0,0,0,0,0,0,0,0,0,0,0,0,0,10,12,0,0,0,91,32,18,15,90,0,14,24,41,0,0,11,0,0,46,60,25,0,15,31,0,0,0,0,0,19,0,17,0,0,0,0,0,0,19,12,53,0,0,22,0,15,118,12,0,0,0,12,11,147,0,0,93,27,101,67,17,34,27,0,59,0,10,0,14,28,12,133,20,38,14,16,0,0,13,35,19,0,0,36,37,43,15,17,0,0,10,23,0,0,22,29,18,30,20,0,0,0,17,13,0,0,33,0,22,20,27,13,0,14,38,35,0,26,54,21,20,52,16,10,0,14,10,22,0,11,14,12,14,0,0,10,0,22,21,13,0,19,0,15,16,0,40,18,0,0,0,15,14,19,13,45,24,19,10,11,11,13,18,17,14,21,21,23,10,42,10,11,53,24,15,17,20,37,41,11,16,83,17,17,11,15,64,20,14,10,16,0,14,0,52,52,11,12,19,20,0,0,26,66,31,33,0,17,57,10,42,0,0,0,43,15,17,24,19,37,25,57,54,29
"hsa_piR_018629",119,86,75,125,51,124,37,133,36,104,37,188,135,222,170,223,250,194,99,107,204,147,35,31,23,11,74,116,13,70,16,30,31,11,149,93,98,72,97,70,0,40,153,0,83,17,92,100,86,108,14,11,0,55,23,29,34,25,0,40,20,40,20,0,0,121,16,40,22,17,0,0,17,20,0,65,15,16,13,49,135,41,119,22,28,0,11,42,17,50,53,21,75,51,69,72,63,18,63,71,0,16,17,21,16,0,10,17,13,14,17,29,10,24,0,27,24,13,21,15,19,0,33,23,43,14,25,24,233,111,17,18,19,23,37,23,16,12,24,0,17,0,23,0,0,15,0,32,27,17,0,0,18,14,22,38,15,15,16,14,17,24,15,17,0,12,24,15,14,0,12,20,15,11,43,20,15,25,22,0,14,14,10,10,11,24,10,0,0,18,0,17,22,0,16,29,19,0,17,19,23,20,17,28,15,13,0,15,20,13,29,22,19,19,23,12,0,42,0,14,26,20,11,12,17,14,23,47,17,11,11,19,0,18,16,21,23,12,33,18,22,10,34,16,12,42,0,25,16,0,14,16,27,11,0,18,27,21,20,16,0,31,25,18,24,18,10,0,17,15,14,16
"hsa_piR_019091",0,0,0,0,36,0,17,0,49,0,24,0,0,0,0,0,0,11,0,0,0,0,0,37,41,0,0,0,11,41,0,15,27,0,0,0,0,0,0,0,0,49,0,0,0,0,12,0,0,0,0,0,0,18,0,19,19,10,12,33,0,32,0,13,0,10,10,27,13,0,0,0,0,14,0,48,0,0,11,157,0,16,0,25,15,0,0,76,10,50,124,15,54,65,126,93,124,16,118,127,10,12,0,0,10,10,0,42,24,12,0,30,0,16,18,35,0,14,30,13,0,12,12,27,12,0,10,12,15,0,17,0,23,0,12,13,0,0,0,11,12,0,27,0,0,0,12,21,15,16,10,0,10,17,0,12,0,22,20,470,14,44,14,11,0,14,22,0,0,0,11,12,0,0,12,0,21,12,22,0,23,0,0,14,10,0,0,0,0,15,0,27,29,0,22,0,0,0,14,15,14,17,0,15,11,17,0,134,11,19,22,30,14,18,13,12,11,31,0,0,13,15,0,0,11,29,20,18,0,18,17,10,0,26,19,10,28,0,12,13,24,11,24,18,0,10,0,36,0,11,25,0,15,14,0,18,20,10,11,11,0,27,0,0,14,20,11,10,0,17,0,11
"hsa_piR_019443",74,36,22,23,0,26,38,15,22,26,0,10,25,0,19,0,0,14,0,36,0,19,36,10,0,19,39,47,0,0,0,71,0,0,53,19,31,52,28,23,31,11,17,59,24,23,16,54,44,52,26,26,20,20,84,17,21,19,28,35,35,12,50,30,37,28,0,30,0,15,28,0,49,17,55,13,17,15,24,22,14,26,31,23,45,34,13,25,0,22,19,29,25,12,0,11,0,12,30,10,30,64,120,98,0,41,11,15,19,14,34,38,27,48,32,88,51,13,45,20,59,24,42,45,32,0,16,22,34,0,20,0,12,25,0,14,0,13,17,24,45,12,13,12,16,0,0,24,0,14,16,0,10,19,30,19,30,26,23,45,19,14,18,30,0,41,19,51,35,13,15,42,53,15,0,24,14,28,18,10,0,13,12,10,62,31,40,33,0,20,42,14,0,0,0,42,0,16,0,21,107,11,39,0,32,16,15,10,15,0,0,16,0,11,24,17,17,22,11,17,14,0,10,15,11,10,18,24,26,20,13,15,0,10,0,32,29,0,21,36,16,12,0,14,16,15,21,0,16,17,10,55,14,35,0,33,30,33,18,72,0,28,63,26,22,15,0,21,27,12,23,20
"hsa_piR_019521",42,22,0,125,32,24,192,44,0,17,77,21,100,0,49,63,0,0,19,17,61,45,0,127,177,29,21,15,0,132,16,23,27,18,0,0,0,16,0,0,0,0,26,58,0,14,12,55,59,10,30,69,371,31,32,18,129,13,30,56,217,0,81,88,25,10,97,410,41,28,0,75,0,139,48,0,0,86,20,21,13,14,0,34,20,13,122,17,61,0,0,43,0,11,47,18,0,26,29,0,10,67,72,0,47,53,66,61,13,65,29,0,66,34,19,0,25,75,33,156,34,38,23,73,28,27,14,69,27,0,21,68,52,107,30,0,34,15,112,55,27,0,26,31,59,120,16,18,0,11,85,38,0,12,73,10,80,26,37,63,38,13,26,37,14,79,29,28,59,0,11,18,13,24,12,0,0,11,0,0,14,0,0,0,0,54,0,0,0,14,0,0,0,0,16,0,0,0,0,0,0,0,0,0,0,0,0,0,0,0,0,0,0,0,0,0,0,0,0,0,0,12,0,0,0,0,14,0,0,0,0,0,0,0,19,0,0,0,0,0,0,0,0,0,13,20,0,0,0,0,10,23,19,18,0,10,0,0,12,0,0,0,106,0,0,19,21,12,28,16,14,0
"hsa_piR_019675",17,41,17,54,176,15,88,37,130,17,194,31,40,29,23,23,19,37,16,59,43,52,13,234,226,41,0,28,22,320,49,72,79,70,30,22,19,35,12,0,20,126,49,36,14,41,40,18,16,13,47,40,99,69,49,104,128,75,42,109,114,69,50,65,37,25,228,165,131,58,24,38,34,59,39,149,42,101,64,405,38,74,29,53,87,17,1461,291,195,224,329,131,291,321,615,417,472,82,413,494,157,247,107,61,256,74,276,308,124,97,84,232,131,136,86,62,177,265,121,255,118,120,141,221,178,85,107,70,62,32,82,206,86,114,135,140,69,56,63,107,40,19,268,65,61,150,71,120,150,126,83,114,128,89,91,52,113,117,82,41,68,102,69,114,38,80,227,86,100,90,117,88,23,82,41,136,82,139,147,104,91,64,88,107,96,86,65,137,13,95,11,180,143,65,183,100,109,59,127,231,273,101,159,300,152,195,127,174,134,129,212,161,153,113,149,159,102,224,168,175,313,137,124,96,148,282,171,107,170,616,137,148,70,206,258,110,150,576,170,100,426,113,299,586,115,227,140,166,109,88,142,149,192,99,13,206,278,90,300,62,0,158,140,203,115,175,113,163,128,204,164,115
"hsa_piR_019949",201,216,158,207,147,194,51,236,110,150,105,272,243,283,304,239,403,320,205,226,342,223,104,74,110,29,175,224,35,188,56,55,68,54,200,141,206,183,183,204,30,109,288,35,176,38,143,154,145,313,35,36,46,73,48,75,81,60,28,79,35,84,33,244,22,243,118,58,65,31,62,23,25,51,39,129,34,52,28,228,175,63,342,48,48,41,52,155,64,133,224,75,122,168,375,219,298,115,274,345,57,89,60,58,79,32,58,99,45,32,53,192,67,63,70,86,78,68,81,76,49,63,78,93,215,65,131,52,367,169,62,51,49,39,73,64,39,87,34,45,28,0,86,39,23,72,54,70,97,62,55,49,557,37,44,109,302,48,40,39,52,58,70,32,36,82,69,35,82,49,42,49,0,36,109,48,100,41,86,65,40,58,35,82,50,50,38,64,0,54,12,95,425,37,74,78,43,36,60,100,92,64,64,148,69,64,46,439,57,79,173,60,62,648,53,95,36,108,43,45,129,98,47,39,85,173,92,126,152,114,65,53,21,88,93,48,69,93,51,62,142,49,95,101,85,119,26,99,36,45,69,83,63,34,0,68,166,31,94,70,0,106,43,61,34,86,38,47,63,84,52,71
"hsa_piR_019951",37,33,12,43,43,22,74,81,51,17,177,51,10,13,20,13,15,48,0,22,43,116,10,90,180,30,13,13,17,128,29,50,115,27,18,0,20,16,19,0,26,32,14,22,35,21,19,70,29,30,20,24,199,56,64,38,165,29,37,68,63,35,29,48,0,13,176,83,37,20,19,33,16,57,20,55,14,42,16,94,26,24,19,32,36,0,51,75,134,62,78,44,62,66,539,107,93,28,111,185,27,232,36,14,199,75,119,110,30,71,54,55,105,25,23,35,39,57,52,129,47,55,62,56,51,40,61,50,74,11,24,35,43,44,29,33,17,24,23,29,14,13,38,51,26,74,31,36,60,46,56,26,123,24,49,32,34,29,23,18,16,34,38,36,30,38,52,16,27,22,25,31,0,28,107,18,25,12,25,14,21,18,22,37,26,18,31,27,0,26,0,30,60,25,56,35,24,24,15,46,29,29,34,59,18,32,27,36,26,41,30,27,29,35,36,60,29,66,20,32,62,40,26,21,35,92,86,36,30,52,31,21,0,43,60,16,37,35,29,36,38,22,48,62,29,49,16,51,10,15,41,44,35,37,0,26,68,16,59,21,0,51,42,26,27,37,22,35,28,43,45,41
"hsa_piR_020008",146,72,29,705,157,86,1477,156,17,50,303,95,278,46,270,333,29,42,33,89,209,124,41,624,1262,80,31,56,0,698,53,29,131,79,27,12,29,38,31,44,0,0,127,98,16,50,31,156,192,52,84,103,932,79,111,65,485,15,85,410,586,0,259,233,38,29,600,2297,142,54,16,125,0,215,73,50,11,177,27,82,61,28,17,67,54,41,408,84,309,15,15,83,28,50,240,69,30,61,122,36,58,251,219,67,290,139,237,264,59,266,116,48,229,115,98,19,101,267,96,449,112,245,132,282,140,68,78,189,226,27,59,183,276,276,70,38,78,53,244,121,29,26,62,52,70,429,131,39,30,98,212,83,22,67,204,18,208,94,89,196,76,59,59,136,50,194,111,68,174,32,28,80,46,75,38,27,0,25,0,0,73,0,0,13,19,159,29,23,0,32,15,0,16,0,44,22,0,0,0,0,11,13,12,41,38,20,0,13,12,17,11,0,31,13,21,0,0,15,0,11,15,19,12,0,0,22,39,0,10,11,13,11,0,18,58,0,16,15,0,0,16,0,51,20,19,43,16,19,10,0,27,65,51,49,0,31,23,17,39,0,0,0,270,11,24,30,55,39,57,61,29,0
"hsa_piR_020009",150,160,16,206,18,36,181,78,21,39,115,116,194,19,96,164,0,71,17,104,93,294,51,170,215,35,20,128,0,138,0,27,52,0,49,21,44,59,22,23,0,0,46,16,0,15,41,103,62,52,30,22,156,26,0,19,216,0,35,235,102,0,47,102,14,63,100,723,11,22,20,30,0,60,29,44,0,44,26,150,197,12,42,26,81,10,84,282,250,40,26,135,43,67,388,151,19,0,122,93,58,571,21,25,285,231,278,279,162,249,350,58,348,31,0,0,36,454,24,246,19,193,49,83,51,21,25,53,342,20,42,68,55,81,22,13,16,11,27,27,15,0,44,0,18,161,79,0,14,49,115,14,0,17,103,0,75,47,29,45,27,26,24,19,0,114,22,0,38,0,15,16,20,13,125,13,0,0,0,0,295,0,0,0,0,30,0,0,0,20,0,0,12,0,14,0,0,0,0,0,0,0,0,0,12,0,0,0,0,0,0,0,0,0,0,0,0,10,0,0,0,15,0,0,0,0,25,0,0,0,0,0,0,0,12,0,0,0,0,0,11,0,22,0,0,0,0,0,0,0,13,51,11,0,0,0,14,0,42,0,0,0,46,0,0,10,0,15,12,36,0,11
"hsa_piR_020249",15,16,0,0,0,0,0,0,0,10,0,0,11,0,0,0,17,15,0,0,0,0,0,0,0,38,14,0,0,0,20,0,0,66,136,0,13,0,0,0,38,0,0,21,0,24,15,10,11,0,32,26,26,0,0,0,0,0,46,0,18,0,0,24,12,0,21,0,57,19,54,54,0,64,90,0,45,25,31,0,0,0,0,10,0,16,12,0,20,0,0,43,0,0,0,0,0,73,10,0,43,42,45,153,16,49,19,83,52,25,21,59,30,72,48,63,54,44,71,16,72,92,45,98,849,20,108,127,18,0,49,31,30,22,32,38,17,43,0,92,58,14,293,0,46,24,48,21,81,52,23,45,26,51,30,482,17,66,54,35,51,45,22,35,12,38,63,0,67,20,35,23,11,21,11,11,10,0,0,0,35,11,0,0,0,109,32,0,0,20,22,19,12,0,0,10,0,0,0,0,76,0,0,57,0,17,13,0,0,15,0,78,0,50,0,0,14,19,0,14,0,97,0,0,0,0,0,0,0,17,0,0,0,11,24,0,16,0,21,11,21,0,29,25,0,11,0,13,17,0,0,0,10,11,0,0,0,0,11,0,0,10,0,0,0,0,12,0,53,53,11,0
"hsa_piR_020364",0,14,14,15,30,10,27,19,36,12,62,21,19,0,22,10,21,20,13,22,16,29,10,46,74,12,12,24,0,60,12,24,24,20,23,0,12,0,0,11,0,27,0,0,19,10,13,17,17,16,12,10,14,24,14,30,43,22,14,28,29,22,19,0,0,15,48,39,34,0,11,12,0,19,0,50,0,13,18,77,0,19,14,31,25,10,27,27,71,22,69,38,35,53,203,50,82,15,67,76,32,94,26,13,74,52,69,147,59,38,47,46,111,13,19,16,35,64,40,175,10,96,35,52,48,20,20,23,47,10,21,51,24,28,26,31,19,12,18,23,10,16,46,0,0,30,19,27,25,13,44,13,145,19,41,32,19,25,18,17,18,29,31,40,0,47,73,27,14,10,38,23,10,28,31,51,11,37,61,35,31,12,17,78,28,37,11,34,0,19,0,51,68,27,69,41,28,22,20,54,51,32,26,87,28,56,25,85,45,41,63,47,34,44,41,39,29,71,45,31,92,54,13,13,38,110,112,36,64,96,24,36,17,70,139,22,45,130,25,38,86,16,95,100,18,30,55,49,27,16,80,81,49,47,0,43,107,19,59,23,0,37,46,35,45,77,38,91,25,163,61,33
"hsa_piR_020381",21,30,14,49,107,23,80,37,66,20,170,60,22,19,23,38,22,54,0,59,53,41,14,161,145,261,0,34,22,160,225,93,124,305,43,16,11,33,0,16,134,53,21,110,39,310,33,24,11,12,263,46,236,111,29,102,139,42,70,127,307,55,44,370,118,12,81,134,415,331,139,285,30,367,87,67,108,380,80,270,28,64,12,81,53,59,1591,180,341,119,188,357,141,110,216,198,207,64,219,220,320,497,262,246,396,57,322,194,265,294,154,143,98,534,80,49,472,360,77,498,370,325,402,519,482,300,481,69,66,36,89,535,83,293,452,319,389,217,73,265,31,21,771,64,240,488,188,394,483,698,278,325,136,307,291,212,346,338,293,71,71,113,74,267,81,102,143,67,245,172,347,181,99,247,21,72,21,63,56,44,72,24,41,63,47,56,156,53,0,431,83,105,67,23,135,26,41,60,28,93,111,54,51,121,67,115,53,100,65,54,94,64,114,43,69,39,58,107,65,102,193,66,85,38,40,145,107,34,74,233,56,39,30,80,180,51,49,296,65,53,200,43,183,252,64,133,66,107,51,20,88,78,95,54,0,77,86,28,125,42,10,64,66,86,45,82,94,90,89,148,108,91
"hsa_piR_020485",445,497,202,554,755,517,1196,693,158,375,1398,579,346,431,282,312,3643,1277,221,27003,537,784,136,2461,972,421,194,444,53,705,648,965,1102,765,262,221,391,280,3179,143,277,127,604,485,418,474,1012,5520,1071,154,681,744,1136,896,1369,1184,2079,818,470,638,765,125,1412,343,424,6110,829,1037,788,380,252,715,663,843,277,530,340,1259,960,416,455,763,601,978,772,533,839,248,976,210,199,419,351,200,1015,432,276,283,320,538,412,1212,418,222,603,919,1034,1450,713,607,510,328,1353,322,401,247,524,1124,619,2028,205,1047,224,650,355,303,460,847,1182,366,325,546,967,934,687,453,2216,350,617,666,243,221,400,217,131,524,204,242,290,359,556,1326,572,415,545,295,676,358,412,688,448,528,525,833,158,541,678,741,364,450,369,252,228,486,267,2100,6090,1703,654,278,299,260,299,6193,334,1381,435,577,99,563,145,425,345,202,3434,2387,2102,207,112,1208,1814,423,1583,2709,441,865,1653,6519,604,1012,593,3361,2659,440,650,2746,580,759,542,472,1338,689,569,455,488,3890,1137,257,5078,1317,797,883,362,534,1514,601,1103,10404,723,2340,1099,674,1427,1770,646,829,518,748,354,267,593,954,21686,999,40,689,2419,858,1704,215,38,671,835,874,687,897,956,956,1006,7187,1091,491
"hsa_piR_020490",17,33,19,42,24,15,71,36,16,10,148,26,42,16,16,20,15,36,15,43,57,56,0,117,193,52,0,29,0,365,29,37,56,10,10,28,10,21,0,0,13,12,0,18,0,39,23,0,19,0,85,32,76,33,13,60,66,22,59,76,123,0,44,36,16,0,258,144,76,44,21,50,28,126,14,46,16,93,55,41,29,26,27,27,118,11,126,46,331,0,30,170,29,25,111,17,61,21,46,28,117,278,30,20,408,133,289,564,238,240,175,47,520,21,46,0,56,363,78,937,39,343,59,91,46,62,74,61,68,18,28,175,91,119,43,61,42,76,64,43,13,10,45,62,87,185,40,38,31,91,30,85,77,28,68,19,38,36,32,45,48,61,71,147,41,71,142,56,22,34,43,25,0,53,33,83,12,21,48,20,71,16,40,102,29,46,28,86,0,52,10,47,54,13,109,42,47,24,0,51,50,58,43,161,36,114,65,75,53,78,103,50,100,46,64,19,51,96,34,42,228,69,66,30,46,194,127,20,141,177,53,47,36,73,303,60,56,123,62,48,80,19,264,195,80,50,76,55,17,32,58,44,87,55,0,63,91,31,112,17,0,46,91,113,53,127,116,85,49,184,173,47
"hsa_piR_020492",15,50,14,45,16,44,65,33,15,18,89,28,38,31,32,32,18,38,37,73,34,51,0,76,45,106,26,33,22,65,53,62,56,63,37,42,26,64,19,15,83,18,19,63,20,101,29,23,27,10,109,97,70,56,96,90,103,40,109,55,154,21,105,57,84,10,62,85,119,122,60,94,52,171,51,70,52,120,101,19,19,90,24,81,50,60,123,17,113,28,17,124,24,20,29,28,24,24,50,76,125,101,43,46,35,111,67,349,139,76,104,94,186,38,140,184,74,171,119,252,161,183,85,125,60,52,74,81,37,20,98,118,142,134,88,80,52,96,80,87,31,50,50,42,110,107,21,81,45,125,42,37,56,78,95,42,99,228,80,59,57,86,57,215,55,160,206,170,67,141,101,100,49,136,25,179,58,93,131,50,163,35,93,143,80,90,56,137,55,94,48,69,59,73,73,77,100,128,41,109,79,62,91,140,70,105,94,105,91,115,93,102,101,103,96,65,120,139,65,125,282,64,144,58,74,130,183,59,182,160,121,93,54,134,206,119,127,171,80,129,138,49,184,94,106,81,93,93,69,29,68,137,115,115,17,94,100,62,120,63,71,51,160,229,128,104,147,162,65,126,150,150
"hsa_piR_020575",10,0,0,0,0,0,12,0,10,0,0,0,0,0,0,0,0,0,0,16,0,11,0,16,0,13,10,14,0,0,0,13,0,10,12,12,0,0,0,0,11,14,0,0,0,19,0,0,0,0,0,0,13,0,0,0,11,0,15,10,23,15,10,0,18,0,0,0,0,12,14,10,0,17,10,19,0,0,11,0,0,18,0,16,12,0,13,12,0,17,14,0,22,11,10,11,0,0,11,25,13,12,0,20,0,0,0,13,0,0,13,0,0,0,12,80,0,15,0,11,14,10,17,0,0,11,0,0,20,19,20,13,0,11,29,0,16,13,10,15,0,31,20,0,0,14,0,0,13,31,12,0,0,20,33,0,13,121,0,0,10,12,11,0,0,25,53,15,12,33,19,44,10,32,11,15,15,15,64,0,37,10,30,40,11,0,0,0,0,21,0,0,12,28,10,24,12,16,12,28,19,11,0,32,0,0,20,18,13,23,12,27,0,28,0,19,17,21,0,47,29,10,38,19,12,28,122,29,43,18,13,33,0,34,0,53,36,21,14,29,61,0,31,0,13,13,0,37,0,14,21,58,0,0,0,14,10,12,0,19,29,15,50,83,25,0,10,17,16,20,44,28
"hsa_piR_020668",49,211,50,382,48,34,69,646,33,15,144,40,39,32,131,36,31,48,20,79,69,73,11,116,143,63,15,25,14,267,39,55,94,46,171,22,14,24,20,15,23,28,31,46,0,58,56,28,83,14,89,35,82,51,73,124,82,42,65,74,94,12,75,58,37,17,184,154,105,66,29,80,61,112,25,79,55,224,48,58,36,46,29,67,142,40,114,44,402,54,62,139,65,66,128,88,64,17,150,96,142,340,46,57,505,129,561,497,164,203,154,108,592,63,71,32,64,376,88,887,57,317,86,116,49,54,75,45,57,74,33,112,76,92,122,89,407,55,60,57,19,11,70,31,66,166,23,72,67,100,38,165,297,39,67,34,49,69,76,43,51,71,59,117,23,67,126,96,47,415,49,38,33,60,20,76,33,54,75,40,62,33,33,73,51,80,34,102,15,65,13,146,52,13,125,31,70,100,16,101,100,46,60,179,48,97,70,74,58,60,94,165,102,38,55,32,66,127,51,93,234,90,87,30,50,144,92,38,115,238,86,65,35,91,246,57,56,1857,45,84,175,42,225,128,66,72,74,74,51,53,70,61,111,61,0,71,85,38,130,27,0,48,104,184,69,138,112,129,71,146,148,101
"hsa_piR_020786",15,20,17,39,20,22,56,27,13,22,47,24,55,27,27,31,18,22,22,38,35,23,14,51,24,54,38,11,0,35,35,38,25,47,13,33,18,42,15,0,71,14,12,55,14,43,33,40,27,13,66,66,52,45,55,52,51,26,68,45,103,0,78,47,55,10,31,61,69,62,33,72,44,107,50,48,38,112,83,0,18,62,18,38,43,44,111,23,62,15,18,57,22,22,15,12,0,21,21,32,74,65,40,18,25,61,37,192,80,38,54,37,102,32,80,98,60,71,75,106,64,122,53,91,34,15,38,56,27,13,54,58,39,59,34,48,31,53,55,66,33,49,31,28,79,46,14,35,27,70,20,14,38,45,68,26,60,107,45,37,43,35,29,99,22,89,109,106,48,65,41,48,37,65,26,103,34,66,82,23,93,27,54,94,55,52,45,92,30,53,31,49,24,48,54,36,54,66,21,63,65,44,60,73,54,54,55,35,54,60,43,62,63,44,89,42,71,56,28,79,116,33,97,31,60,80,62,41,82,111,69,68,20,83,108,58,66,84,55,80,52,23,85,44,69,27,74,57,32,31,36,53,90,56,11,56,47,42,67,37,28,35,82,145,74,64,84,95,50,55,86,77
"hsa_piR_021214",32,35,14,24,38,15,24,13,15,14,39,37,24,23,34,23,36,39,18,35,32,38,0,30,35,0,10,28,18,42,0,12,17,13,46,19,35,20,16,13,0,19,38,0,18,0,21,20,0,27,0,10,0,18,0,22,30,14,0,21,0,20,0,25,0,24,29,21,11,0,0,0,0,0,10,21,0,11,0,48,27,13,38,22,15,0,0,42,16,27,43,14,49,22,50,31,38,10,60,68,0,24,0,0,19,24,16,28,0,17,14,19,16,13,0,0,0,21,24,43,0,19,17,13,35,12,14,10,55,31,0,10,15,0,11,0,10,0,0,0,0,0,18,0,11,0,0,12,0,10,0,0,21,0,10,0,0,0,0,0,0,13,0,0,0,11,15,0,0,0,14,0,0,0,26,10,10,0,14,0,0,0,12,15,0,0,12,0,0,0,0,11,13,0,10,0,0,0,0,10,13,0,0,26,12,0,0,22,0,13,26,0,0,13,15,0,0,13,0,23,18,23,10,0,13,31,16,10,13,15,0,0,0,0,18,0,0,14,13,10,10,0,20,20,0,12,0,23,0,0,26,15,0,0,0,0,14,0,18,0,0,14,0,0,11,14,0,16,0,20,0,10
"hsa_piR_022421",11,11,13,20,0,23,35,31,0,0,31,13,62,13,13,0,0,10,10,16,21,25,0,39,46,35,0,13,0,26,25,22,18,34,0,0,0,0,0,0,22,0,12,49,0,42,15,31,37,10,42,45,138,11,33,32,75,14,28,24,115,0,75,38,23,0,22,60,62,26,10,46,12,44,11,0,16,47,32,12,33,32,14,35,37,16,60,15,137,0,0,52,0,12,13,11,0,0,21,13,49,128,12,19,17,87,77,259,55,85,86,0,176,15,42,14,26,117,41,276,16,104,14,40,23,12,10,24,19,0,20,83,44,73,27,18,30,23,44,51,15,16,30,0,34,55,0,14,16,19,27,45,19,31,43,14,42,46,56,40,31,37,30,72,0,78,72,51,27,20,0,22,26,32,18,43,13,18,0,0,43,0,0,17,22,61,24,38,0,32,18,20,29,0,37,40,25,0,0,18,32,21,22,34,28,22,12,31,10,31,29,30,17,19,45,10,31,32,19,0,51,18,22,22,18,40,58,17,36,49,14,37,17,30,54,24,27,50,22,29,27,13,53,36,19,26,33,19,19,0,26,28,43,44,0,30,26,26,42,16,0,0,57,65,19,38,76,30,32,64,54,18
"hsa_piR_023338",0,0,0,11,0,0,23,11,0,0,22,11,15,17,0,0,0,0,0,0,12,13,0,0,18,11,0,0,0,28,20,0,11,0,0,0,0,0,0,0,12,0,0,0,0,10,0,13,0,0,0,12,36,11,10,0,11,0,14,10,25,0,14,0,0,0,33,29,21,13,0,14,12,22,0,0,0,11,17,0,0,0,0,0,10,0,16,12,38,0,0,29,0,0,20,0,0,0,0,0,19,25,0,0,45,33,35,64,36,27,45,0,59,0,0,0,0,41,0,68,20,26,13,11,0,12,19,16,11,0,0,29,18,19,15,0,10,13,18,20,0,14,0,0,13,18,0,11,0,12,17,20,12,0,18,0,16,0,11,11,0,14,0,33,0,21,21,31,20,0,10,0,0,21,0,0,0,0,0,0,21,0,0,13,10,10,0,14,0,0,12,14,0,0,16,0,0,0,0,12,0,0,0,17,14,11,12,0,0,17,0,0,13,0,13,0,13,15,0,0,24,0,12,0,0,26,17,0,11,19,0,0,0,11,22,0,14,17,11,20,0,0,17,14,0,0,14,11,0,0,0,14,22,18,0,14,16,0,12,0,0,0,25,15,0,11,19,28,10,31,32,0
"hsa_piR_023391",0,0,0,0,0,0,0,0,0,0,0,0,0,0,0,0,0,0,0,0,0,0,0,0,0,45,0,0,0,0,45,0,0,43,0,0,0,0,0,0,0,0,0,10,0,20,0,0,0,0,39,0,39,0,0,0,0,0,0,0,39,0,0,29,0,0,0,0,75,39,10,36,0,54,0,0,0,21,13,0,0,0,0,0,0,10,0,0,89,0,0,77,0,0,0,0,10,0,0,0,75,117,30,39,162,0,103,21,60,75,29,13,14,107,0,0,94,75,0,132,82,61,79,98,145,47,131,0,0,0,0,108,0,49,77,50,65,50,0,37,0,0,125,0,37,119,70,66,119,139,41,53,0,44,44,14,33,54,59,0,0,0,0,32,12,0,0,0,46,19,48,38,17,50,0,0,0,0,0,0,0,0,0,0,0,0,26,0,0,63,20,0,0,0,0,0,0,0,0,0,0,0,0,0,0,0,0,0,0,0,0,0,0,0,0,0,0,0,0,0,0,0,0,0,0,0,0,0,0,0,0,0,0,0,0,0,0,0,0,0,0,0,0,0,0,0,0,0,0,0,0,0,0,0,0,0,0,0,0,0,0,0,0,0,0,0,0,0,0,0,0,0
